solid OpenSCAD_Model
  facet normal -0.411993 -0.574916 -0.706918
    outer loop
      vertex -1.66671 -2.49441 13
      vertex -2.43505 -3.17341 14
      vertex -1.82628 -2.38006 13
    endloop
  endfacet
  facet normal 0.411986 -0.574922 -0.706917
    outer loop
      vertex 2.22228 -3.32588 14
      vertex 1.66671 -2.49441 13
      vertex 2.43505 -3.17341 14
    endloop
  endfacet
  facet normal -0.249139 -0.661965 -0.706917
    outer loop
      vertex -0.964318 -2.84079 13
      vertex -1.53073 -3.69552 14
      vertex -1.14805 -2.77164 13
    endloop
  endfacet
  facet normal 0.706918 0.0231305 -0.706918
    outer loop
      vertex 4 0 14
      vertex 3 0 13
      vertex 3.99144 0.261612 14
    endloop
  endfacet
  facet normal 0.706918 0.0231305 -0.706918
    outer loop
      vertex 3 0 13
      vertex 2.99358 0.196209 13
      vertex 3.99144 0.261612 14
    endloop
  endfacet
  facet normal -0.373496 -0.600642 -0.706916
    outer loop
      vertex -2 -3.4641 14
      vertex -2.22228 -3.32588 14
      vertex -1.5 -2.59808 13
    endloop
  endfacet
  facet normal -0.661965 -0.249139 -0.706917
    outer loop
      vertex -2.77164 -1.14805 13
      vertex -3.69552 -1.53073 14
      vertex -2.84079 -0.964318 13
    endloop
  endfacet
  facet normal -0.546757 -0.44869 -0.706919
    outer loop
      vertex -2.25552 -1.97804 13
      vertex -3.17341 -2.43505 14
      vertex -2.38006 -1.82628 13
    endloop
  endfacet
  facet normal 0.546757 -0.44869 -0.706919
    outer loop
      vertex 3.17341 -2.43505 14
      vertex 2.25552 -1.97804 13
      vertex 2.38006 -1.82628 13
    endloop
  endfacet
  facet normal 0.69785 -0.11522 -0.706916
    outer loop
      vertex 3.92314 -0.780361 14
      vertex 2.94236 -0.585271 13
      vertex 3.96578 -0.522104 14
    endloop
  endfacet
  facet normal -0.574916 -0.411993 -0.706918
    outer loop
      vertex -2.38006 -1.82628 13
      vertex -3.17341 -2.43505 14
      vertex -2.49441 -1.66671 13
    endloop
  endfacet
  facet normal 0.676842 0.205312 -0.706918
    outer loop
      vertex 3.8637 1.03528 14
      vertex 2.84079 0.964318 13
      vertex 3.78772 1.28576 14
    endloop
  endfacet
  facet normal 0.0693549 -0.703885 -0.70692
    outer loop
      vertex 0.522104 -3.96578 14
      vertex 0.196209 -2.99358 13
      vertex 0.391578 -2.97433 13
    endloop
  endfacet
  facet normal -0.48351 -0.516225 -0.706916
    outer loop
      vertex -2.63738 -3.00736 14
      vertex -2.12132 -2.12132 13
      vertex -1.97804 -2.25552 13
    endloop
  endfacet
  facet normal -0.48349 -0.51624 -0.706919
    outer loop
      vertex -2.12132 -2.12132 13
      vertex -2.63738 -3.00736 14
      vertex -2.82843 -2.82843 14
    endloop
  endfacet
  facet normal -0.676842 -0.205312 -0.706918
    outer loop
      vertex -3.78772 -1.28576 14
      vertex -3.8637 -1.03528 14
      vertex -2.84079 -0.964318 13
    endloop
  endfacet
  facet normal 0.48349 0.51624 -0.706919
    outer loop
      vertex 2.12132 2.12132 13
      vertex 2.63738 3.00736 14
      vertex 2.82843 2.82843 14
    endloop
  endfacet
  facet normal 0.48351 0.516225 -0.706916
    outer loop
      vertex 2.63738 3.00736 14
      vertex 2.12132 2.12132 13
      vertex 1.97804 2.25552 13
    endloop
  endfacet
  facet normal -0.661963 0.249145 -0.706918
    outer loop
      vertex -2.84079 0.964318 13
      vertex -3.78772 1.28576 14
      vertex -3.69552 1.53073 14
    endloop
  endfacet
  facet normal -0.600642 0.373496 -0.706916
    outer loop
      vertex -2.59808 1.5 13
      vertex -3.4641 2 14
      vertex -3.32588 2.22228 14
    endloop
  endfacet
  facet normal -0.0693372 -0.703889 -0.706918
    outer loop
      vertex -0.261612 -3.99144 14
      vertex -0.522104 -3.96578 14
      vertex -0.196209 -2.99358 13
    endloop
  endfacet
  facet normal -0.676839 -0.205328 -0.706916
    outer loop
      vertex -2.84079 -0.964318 13
      vertex -3.8637 -1.03528 14
      vertex -2.89778 -0.776457 13
    endloop
  endfacet
  facet normal -0.160614 -0.688821 -0.706916
    outer loop
      vertex -0.780361 -3.92314 14
      vertex -1.03528 -3.8637 14
      vertex -0.585271 -2.94236 13
    endloop
  endfacet
  facet normal -0.373508 0.600632 -0.706918
    outer loop
      vertex -1.66671 2.49441 13
      vertex -2.22228 3.32588 14
      vertex -1.5 2.59808 13
    endloop
  endfacet
  facet normal 0.291914 -0.644249 -0.706915
    outer loop
      vertex 1.53073 -3.69552 14
      vertex 1.32687 -2.69062 13
      vertex 1.76915 -3.58749 14
    endloop
  endfacet
  facet normal 0.703889 -0.0693372 -0.706918
    outer loop
      vertex 3.96578 -0.522104 14
      vertex 2.99358 -0.196209 13
      vertex 3.99144 -0.261612 14
    endloop
  endfacet
  facet normal -0.676839 0.205328 -0.706916
    outer loop
      vertex -2.89778 0.776457 13
      vertex -3.8637 1.03528 14
      vertex -2.84079 0.964318 13
    endloop
  endfacet
  facet normal -0.0693549 0.703885 -0.70692
    outer loop
      vertex -0.391578 2.97433 13
      vertex -0.522104 3.96578 14
      vertex -0.196209 2.99358 13
    endloop
  endfacet
  facet normal 0.0693372 -0.703889 -0.706918
    outer loop
      vertex 0.261612 -3.99144 14
      vertex 0.196209 -2.99358 13
      vertex 0.522104 -3.96578 14
    endloop
  endfacet
  facet normal 0.205328 0.676839 -0.706916
    outer loop
      vertex 0.964318 2.84079 13
      vertex 0.776457 2.89778 13
      vertex 1.03528 3.8637 14
    endloop
  endfacet
  facet normal -0.11522 -0.69785 -0.706916
    outer loop
      vertex -0.522104 -3.96578 14
      vertex -0.780361 -3.92314 14
      vertex -0.585271 -2.94236 13
    endloop
  endfacet
  facet normal 0.574922 -0.411986 -0.706917
    outer loop
      vertex 3.17341 -2.43505 14
      vertex 2.49441 -1.66671 13
      vertex 3.32588 -2.22228 14
    endloop
  endfacet
  facet normal 0.44869 -0.546757 -0.706919
    outer loop
      vertex 2.43505 -3.17341 14
      vertex 1.82628 -2.38006 13
      vertex 1.97804 -2.25552 13
    endloop
  endfacet
  facet normal 0.11522 -0.69785 -0.706916
    outer loop
      vertex 0.780361 -3.92314 14
      vertex 0.522104 -3.96578 14
      vertex 0.585271 -2.94236 13
    endloop
  endfacet
  facet normal -0.448708 -0.546745 -0.706916
    outer loop
      vertex -2.43505 -3.17341 14
      vertex -2.63738 -3.00736 14
      vertex -1.97804 -2.25552 13
    endloop
  endfacet
  facet normal 0.115184 -0.697852 -0.70692
    outer loop
      vertex 0.522104 -3.96578 14
      vertex 0.391578 -2.97433 13
      vertex 0.585271 -2.94236 13
    endloop
  endfacet
  facet normal -0.333414 -0.623783 -0.706916
    outer loop
      vertex -1.76915 -3.58749 14
      vertex -2 -3.4641 14
      vertex -1.5 -2.59808 13
    endloop
  endfacet
  facet normal -0.249139 0.661965 -0.706917
    outer loop
      vertex -1.14805 2.77164 13
      vertex -1.53073 3.69552 14
      vertex -0.964318 2.84079 13
    endloop
  endfacet
  facet normal 0.661965 -0.249139 -0.706917
    outer loop
      vertex 3.69552 -1.53073 14
      vertex 2.77164 -1.14805 13
      vertex 2.84079 -0.964318 13
    endloop
  endfacet
  facet normal 0.703885 -0.0693549 -0.70692
    outer loop
      vertex 3.96578 -0.522104 14
      vertex 2.97433 -0.391578 13
      vertex 2.99358 -0.196209 13
    endloop
  endfacet
  facet normal 0.697852 -0.115184 -0.70692
    outer loop
      vertex 3.96578 -0.522104 14
      vertex 2.94236 -0.585271 13
      vertex 2.97433 -0.391578 13
    endloop
  endfacet
  facet normal 0.205312 0.676842 -0.706918
    outer loop
      vertex 1.28576 3.78772 14
      vertex 0.964318 2.84079 13
      vertex 1.03528 3.8637 14
    endloop
  endfacet
  facet normal -0.546745 -0.448708 -0.706916
    outer loop
      vertex -3.00736 -2.63738 14
      vertex -3.17341 -2.43505 14
      vertex -2.25552 -1.97804 13
    endloop
  endfacet
  facet normal 0.411993 -0.574916 -0.706918
    outer loop
      vertex 2.43505 -3.17341 14
      vertex 1.66671 -2.49441 13
      vertex 1.82628 -2.38006 13
    endloop
  endfacet
  facet normal -0.249145 0.661963 -0.706918
    outer loop
      vertex -0.964318 2.84079 13
      vertex -1.53073 3.69552 14
      vertex -1.28576 3.78772 14
    endloop
  endfacet
  facet normal 0.546757 0.44869 -0.706919
    outer loop
      vertex 2.38006 1.82628 13
      vertex 2.25552 1.97804 13
      vertex 3.17341 2.43505 14
    endloop
  endfacet
  facet normal 0.644254 -0.291899 -0.706917
    outer loop
      vertex 3.69552 -1.53073 14
      vertex 2.69062 -1.32687 13
      vertex 2.77164 -1.14805 13
    endloop
  endfacet
  facet normal 0.160614 -0.688821 -0.706916
    outer loop
      vertex 0.780361 -3.92314 14
      vertex 0.585271 -2.94236 13
      vertex 1.03528 -3.8637 14
    endloop
  endfacet
  facet normal 0.574916 -0.411993 -0.706918
    outer loop
      vertex 3.17341 -2.43505 14
      vertex 2.38006 -1.82628 13
      vertex 2.49441 -1.66671 13
    endloop
  endfacet
  facet normal -0.623783 0.333414 -0.706916
    outer loop
      vertex -2.59808 1.5 13
      vertex -3.58749 1.76915 14
      vertex -3.4641 2 14
    endloop
  endfacet
  facet normal 0.688821 -0.160614 -0.706916
    outer loop
      vertex 3.8637 -1.03528 14
      vertex 2.94236 -0.585271 13
      vertex 3.92314 -0.780361 14
    endloop
  endfacet
  facet normal 0.706918 -0.0231305 -0.706918
    outer loop
      vertex 3.99144 -0.261612 14
      vertex 2.99358 -0.196209 13
      vertex 3 0 13
    endloop
  endfacet
  facet normal 0.706918 -0.0231305 -0.706918
    outer loop
      vertex 3.99144 -0.261612 14
      vertex 3 0 13
      vertex 4 0 14
    endloop
  endfacet
  facet normal -0.546757 0.44869 -0.706919
    outer loop
      vertex -2.38006 1.82628 13
      vertex -3.17341 2.43505 14
      vertex -2.25552 1.97804 13
    endloop
  endfacet
  facet normal 0.600642 -0.373496 -0.706916
    outer loop
      vertex 3.32588 -2.22228 14
      vertex 2.59808 -1.5 13
      vertex 3.4641 -2 14
    endloop
  endfacet
  facet normal -0.600642 -0.373496 -0.706916
    outer loop
      vertex -3.32588 -2.22228 14
      vertex -3.4641 -2 14
      vertex -2.59808 -1.5 13
    endloop
  endfacet
  facet normal 0.373508 0.600632 -0.706918
    outer loop
      vertex 1.66671 2.49441 13
      vertex 1.5 2.59808 13
      vertex 2.22228 3.32588 14
    endloop
  endfacet
  facet normal -0.697852 -0.115184 -0.70692
    outer loop
      vertex -2.94236 -0.585271 13
      vertex -3.96578 -0.522104 14
      vertex -2.97433 -0.391578 13
    endloop
  endfacet
  facet normal 0.516241 0.483492 -0.706916
    outer loop
      vertex 2.25552 1.97804 13
      vertex 2.82843 2.82843 14
      vertex 3.00736 2.63738 14
    endloop
  endfacet
  facet normal 0.516222 0.483508 -0.706919
    outer loop
      vertex 2.82843 2.82843 14
      vertex 2.25552 1.97804 13
      vertex 2.12132 2.12132 13
    endloop
  endfacet
  facet normal -0.644254 0.291899 -0.706917
    outer loop
      vertex -2.77164 1.14805 13
      vertex -3.69552 1.53073 14
      vertex -2.69062 1.32687 13
    endloop
  endfacet
  facet normal -0.291914 -0.644249 -0.706915
    outer loop
      vertex -1.53073 -3.69552 14
      vertex -1.76915 -3.58749 14
      vertex -1.32687 -2.69062 13
    endloop
  endfacet
  facet normal 0.661963 -0.249145 -0.706918
    outer loop
      vertex 3.69552 -1.53073 14
      vertex 2.84079 -0.964318 13
      vertex 3.78772 -1.28576 14
    endloop
  endfacet
  facet normal -0.644249 0.291914 -0.706915
    outer loop
      vertex -2.69062 1.32687 13
      vertex -3.69552 1.53073 14
      vertex -3.58749 1.76915 14
    endloop
  endfacet
  facet normal 0.0231305 -0.706918 -0.706918
    outer loop
      vertex 0.261612 -3.99144 14
      vertex 0 -4 14
      vertex 0 -3 13
    endloop
  endfacet
  facet normal -0.333418 -0.623781 -0.706915
    outer loop
      vertex -1.32687 -2.69062 13
      vertex -1.76915 -3.58749 14
      vertex -1.5 -2.59808 13
    endloop
  endfacet
  facet normal 0.623781 -0.333418 -0.706915
    outer loop
      vertex 3.58749 -1.76915 14
      vertex 2.59808 -1.5 13
      vertex 2.69062 -1.32687 13
    endloop
  endfacet
  facet normal 0.0231305 -0.706918 -0.706918
    outer loop
      vertex 0.261612 -3.99144 14
      vertex 0 -3 13
      vertex 0.196209 -2.99358 13
    endloop
  endfacet
  facet normal 0.291899 -0.644254 -0.706917
    outer loop
      vertex 1.53073 -3.69552 14
      vertex 1.14805 -2.77164 13
      vertex 1.32687 -2.69062 13
    endloop
  endfacet
  facet normal -0.661963 -0.249145 -0.706918
    outer loop
      vertex -3.69552 -1.53073 14
      vertex -3.78772 -1.28576 14
      vertex -2.84079 -0.964318 13
    endloop
  endfacet
  facet normal -0.69785 0.11522 -0.706916
    outer loop
      vertex -2.94236 0.585271 13
      vertex -3.96578 0.522104 14
      vertex -3.92314 0.780361 14
    endloop
  endfacet
  facet normal -0.706918 -0.0231305 -0.706918
    outer loop
      vertex -3.99144 -0.261612 14
      vertex -4 0 14
      vertex -3 0 13
    endloop
  endfacet
  facet normal -0.644254 -0.291899 -0.706917
    outer loop
      vertex -2.69062 -1.32687 13
      vertex -3.69552 -1.53073 14
      vertex -2.77164 -1.14805 13
    endloop
  endfacet
  facet normal 0.546745 -0.448708 -0.706916
    outer loop
      vertex 3.00736 -2.63738 14
      vertex 2.25552 -1.97804 13
      vertex 3.17341 -2.43505 14
    endloop
  endfacet
  facet normal 0.48349 -0.51624 -0.706919
    outer loop
      vertex 2.63738 -3.00736 14
      vertex 2.12132 -2.12132 13
      vertex 2.82843 -2.82843 14
    endloop
  endfacet
  facet normal 0.48351 -0.516225 -0.706916
    outer loop
      vertex 2.12132 -2.12132 13
      vertex 2.63738 -3.00736 14
      vertex 1.97804 -2.25552 13
    endloop
  endfacet
  facet normal 0.516241 -0.483492 -0.706916
    outer loop
      vertex 2.82843 -2.82843 14
      vertex 2.25552 -1.97804 13
      vertex 3.00736 -2.63738 14
    endloop
  endfacet
  facet normal 0.516222 -0.483508 -0.706919
    outer loop
      vertex 2.25552 -1.97804 13
      vertex 2.82843 -2.82843 14
      vertex 2.12132 -2.12132 13
    endloop
  endfacet
  facet normal -0.706918 0.0231305 -0.706918
    outer loop
      vertex -3 0 13
      vertex -4 0 14
      vertex -3.99144 0.261612 14
    endloop
  endfacet
  facet normal -0.160614 0.688821 -0.706916
    outer loop
      vertex -0.585271 2.94236 13
      vertex -1.03528 3.8637 14
      vertex -0.780361 3.92314 14
    endloop
  endfacet
  facet normal -0.68882 0.160616 -0.706916
    outer loop
      vertex -2.94236 0.585271 13
      vertex -3.8637 1.03528 14
      vertex -2.89778 0.776457 13
    endloop
  endfacet
  facet normal -0.0231305 -0.706918 -0.706918
    outer loop
      vertex 0 -3 13
      vertex -0.261612 -3.99144 14
      vertex -0.196209 -2.99358 13
    endloop
  endfacet
  facet normal -0.291899 -0.644254 -0.706917
    outer loop
      vertex -1.14805 -2.77164 13
      vertex -1.53073 -3.69552 14
      vertex -1.32687 -2.69062 13
    endloop
  endfacet
  facet normal 0.644249 -0.291914 -0.706915
    outer loop
      vertex 3.58749 -1.76915 14
      vertex 2.69062 -1.32687 13
      vertex 3.69552 -1.53073 14
    endloop
  endfacet
  facet normal 0.160616 -0.68882 -0.706916
    outer loop
      vertex 1.03528 -3.8637 14
      vertex 0.585271 -2.94236 13
      vertex 0.776457 -2.89778 13
    endloop
  endfacet
  facet normal -0.623781 -0.333418 -0.706915
    outer loop
      vertex -2.59808 -1.5 13
      vertex -3.58749 -1.76915 14
      vertex -2.69062 -1.32687 13
    endloop
  endfacet
  facet normal -0.623781 0.333418 -0.706915
    outer loop
      vertex -2.69062 1.32687 13
      vertex -3.58749 1.76915 14
      vertex -2.59808 1.5 13
    endloop
  endfacet
  facet normal 0.333414 -0.623783 -0.706916
    outer loop
      vertex 1.76915 -3.58749 14
      vertex 1.5 -2.59808 13
      vertex 2 -3.4641 14
    endloop
  endfacet
  facet normal 0.333418 -0.623781 -0.706915
    outer loop
      vertex 1.76915 -3.58749 14
      vertex 1.32687 -2.69062 13
      vertex 1.5 -2.59808 13
    endloop
  endfacet
  facet normal -0.0231305 0.706918 -0.706918
    outer loop
      vertex 0 3 13
      vertex -0.261612 3.99144 14
      vertex 0 4 14
    endloop
  endfacet
  facet normal 0.205312 -0.676842 -0.706918
    outer loop
      vertex 1.03528 -3.8637 14
      vertex 0.964318 -2.84079 13
      vertex 1.28576 -3.78772 14
    endloop
  endfacet
  facet normal -0.697852 0.115184 -0.70692
    outer loop
      vertex -2.97433 0.391578 13
      vertex -3.96578 0.522104 14
      vertex -2.94236 0.585271 13
    endloop
  endfacet
  facet normal 0.676842 -0.205312 -0.706918
    outer loop
      vertex 3.78772 -1.28576 14
      vertex 2.84079 -0.964318 13
      vertex 3.8637 -1.03528 14
    endloop
  endfacet
  facet normal -0.706918 -0.0231305 -0.706918
    outer loop
      vertex -2.99358 -0.196209 13
      vertex -3.99144 -0.261612 14
      vertex -3 0 13
    endloop
  endfacet
  facet normal -0.291914 0.644249 -0.706915
    outer loop
      vertex -1.32687 2.69062 13
      vertex -1.76915 3.58749 14
      vertex -1.53073 3.69552 14
    endloop
  endfacet
  facet normal -0.205312 0.676842 -0.706918
    outer loop
      vertex -0.964318 2.84079 13
      vertex -1.28576 3.78772 14
      vertex -1.03528 3.8637 14
    endloop
  endfacet
  facet normal -0.574916 0.411993 -0.706918
    outer loop
      vertex -2.49441 1.66671 13
      vertex -3.17341 2.43505 14
      vertex -2.38006 1.82628 13
    endloop
  endfacet
  facet normal -0.546745 0.448708 -0.706916
    outer loop
      vertex -2.25552 1.97804 13
      vertex -3.17341 2.43505 14
      vertex -3.00736 2.63738 14
    endloop
  endfacet
  facet normal 0.661965 0.249139 -0.706917
    outer loop
      vertex 2.84079 0.964318 13
      vertex 2.77164 1.14805 13
      vertex 3.69552 1.53073 14
    endloop
  endfacet
  facet normal 0.69785 0.11522 -0.706916
    outer loop
      vertex 3.96578 0.522104 14
      vertex 2.94236 0.585271 13
      vertex 3.92314 0.780361 14
    endloop
  endfacet
  facet normal -0.661965 0.249139 -0.706917
    outer loop
      vertex -2.84079 0.964318 13
      vertex -3.69552 1.53073 14
      vertex -2.77164 1.14805 13
    endloop
  endfacet
  facet normal 0.661963 0.249145 -0.706918
    outer loop
      vertex 3.78772 1.28576 14
      vertex 2.84079 0.964318 13
      vertex 3.69552 1.53073 14
    endloop
  endfacet
  facet normal -0.0693372 0.703889 -0.706918
    outer loop
      vertex -0.196209 2.99358 13
      vertex -0.522104 3.96578 14
      vertex -0.261612 3.99144 14
    endloop
  endfacet
  facet normal -0.0231305 -0.706918 -0.706918
    outer loop
      vertex 0 -4 14
      vertex -0.261612 -3.99144 14
      vertex 0 -3 13
    endloop
  endfacet
  facet normal 0.249139 0.661965 -0.706917
    outer loop
      vertex 1.14805 2.77164 13
      vertex 0.964318 2.84079 13
      vertex 1.53073 3.69552 14
    endloop
  endfacet
  facet normal -0.600632 -0.373508 -0.706918
    outer loop
      vertex -2.49441 -1.66671 13
      vertex -3.32588 -2.22228 14
      vertex -2.59808 -1.5 13
    endloop
  endfacet
  facet normal -0.160616 0.68882 -0.706916
    outer loop
      vertex -0.776457 2.89778 13
      vertex -1.03528 3.8637 14
      vertex -0.585271 2.94236 13
    endloop
  endfacet
  facet normal 0.676839 0.205328 -0.706916
    outer loop
      vertex 2.89778 0.776457 13
      vertex 2.84079 0.964318 13
      vertex 3.8637 1.03528 14
    endloop
  endfacet
  facet normal -0.205328 -0.676839 -0.706916
    outer loop
      vertex -0.776457 -2.89778 13
      vertex -1.03528 -3.8637 14
      vertex -0.964318 -2.84079 13
    endloop
  endfacet
  facet normal -0.676842 0.205312 -0.706918
    outer loop
      vertex -2.84079 0.964318 13
      vertex -3.8637 1.03528 14
      vertex -3.78772 1.28576 14
    endloop
  endfacet
  facet normal 0.448708 0.546745 -0.706916
    outer loop
      vertex 2.63738 3.00736 14
      vertex 1.97804 2.25552 13
      vertex 2.43505 3.17341 14
    endloop
  endfacet
  facet normal 0.623781 0.333418 -0.706915
    outer loop
      vertex 2.69062 1.32687 13
      vertex 2.59808 1.5 13
      vertex 3.58749 1.76915 14
    endloop
  endfacet
  facet normal -0.69785 -0.11522 -0.706916
    outer loop
      vertex -3.92314 -0.780361 14
      vertex -3.96578 -0.522104 14
      vertex -2.94236 -0.585271 13
    endloop
  endfacet
  facet normal -0.0693549 -0.703885 -0.70692
    outer loop
      vertex -0.196209 -2.99358 13
      vertex -0.522104 -3.96578 14
      vertex -0.391578 -2.97433 13
    endloop
  endfacet
  facet normal -0.703889 0.0693372 -0.706918
    outer loop
      vertex -2.99358 0.196209 13
      vertex -3.99144 0.261612 14
      vertex -3.96578 0.522104 14
    endloop
  endfacet
  facet normal -0.115184 -0.697852 -0.70692
    outer loop
      vertex -0.522104 -3.96578 14
      vertex -0.585271 -2.94236 13
      vertex -0.391578 -2.97433 13
    endloop
  endfacet
  facet normal -0.644249 -0.291914 -0.706915
    outer loop
      vertex -3.58749 -1.76915 14
      vertex -3.69552 -1.53073 14
      vertex -2.69062 -1.32687 13
    endloop
  endfacet
  facet normal 0.0231305 0.706918 -0.706918
    outer loop
      vertex 0.261612 3.99144 14
      vertex 0 3 13
      vertex 0 4 14
    endloop
  endfacet
  facet normal -0.688821 -0.160614 -0.706916
    outer loop
      vertex -3.8637 -1.03528 14
      vertex -3.92314 -0.780361 14
      vertex -2.94236 -0.585271 13
    endloop
  endfacet
  facet normal 0.333414 0.623783 -0.706916
    outer loop
      vertex 2 3.4641 14
      vertex 1.5 2.59808 13
      vertex 1.76915 3.58749 14
    endloop
  endfacet
  facet normal -0.0231305 0.706918 -0.706918
    outer loop
      vertex -0.196209 2.99358 13
      vertex -0.261612 3.99144 14
      vertex 0 3 13
    endloop
  endfacet
  facet normal 0.411993 0.574916 -0.706918
    outer loop
      vertex 1.82628 2.38006 13
      vertex 1.66671 2.49441 13
      vertex 2.43505 3.17341 14
    endloop
  endfacet
  facet normal 0.44869 0.546757 -0.706919
    outer loop
      vertex 1.97804 2.25552 13
      vertex 1.82628 2.38006 13
      vertex 2.43505 3.17341 14
    endloop
  endfacet
  facet normal 0.249145 0.661963 -0.706918
    outer loop
      vertex 1.53073 3.69552 14
      vertex 0.964318 2.84079 13
      vertex 1.28576 3.78772 14
    endloop
  endfacet
  facet normal -0.574922 -0.411986 -0.706917
    outer loop
      vertex -3.17341 -2.43505 14
      vertex -3.32588 -2.22228 14
      vertex -2.49441 -1.66671 13
    endloop
  endfacet
  facet normal 0.600632 -0.373508 -0.706918
    outer loop
      vertex 3.32588 -2.22228 14
      vertex 2.49441 -1.66671 13
      vertex 2.59808 -1.5 13
    endloop
  endfacet
  facet normal 0.623783 -0.333414 -0.706916
    outer loop
      vertex 3.4641 -2 14
      vertex 2.59808 -1.5 13
      vertex 3.58749 -1.76915 14
    endloop
  endfacet
  facet normal 0.448708 -0.546745 -0.706916
    outer loop
      vertex 2.43505 -3.17341 14
      vertex 1.97804 -2.25552 13
      vertex 2.63738 -3.00736 14
    endloop
  endfacet
  facet normal -0.205328 0.676839 -0.706916
    outer loop
      vertex -0.964318 2.84079 13
      vertex -1.03528 3.8637 14
      vertex -0.776457 2.89778 13
    endloop
  endfacet
  facet normal -0.703885 0.0693549 -0.70692
    outer loop
      vertex -2.99358 0.196209 13
      vertex -3.96578 0.522104 14
      vertex -2.97433 0.391578 13
    endloop
  endfacet
  facet normal 0.373508 -0.600632 -0.706918
    outer loop
      vertex 2.22228 -3.32588 14
      vertex 1.5 -2.59808 13
      vertex 1.66671 -2.49441 13
    endloop
  endfacet
  facet normal 0.373496 -0.600642 -0.706916
    outer loop
      vertex 2 -3.4641 14
      vertex 1.5 -2.59808 13
      vertex 2.22228 -3.32588 14
    endloop
  endfacet
  facet normal -0.160616 -0.68882 -0.706916
    outer loop
      vertex -0.585271 -2.94236 13
      vertex -1.03528 -3.8637 14
      vertex -0.776457 -2.89778 13
    endloop
  endfacet
  facet normal 0.333418 0.623781 -0.706915
    outer loop
      vertex 1.5 2.59808 13
      vertex 1.32687 2.69062 13
      vertex 1.76915 3.58749 14
    endloop
  endfacet
  facet normal 0.249145 -0.661963 -0.706918
    outer loop
      vertex 1.28576 -3.78772 14
      vertex 0.964318 -2.84079 13
      vertex 1.53073 -3.69552 14
    endloop
  endfacet
  facet normal 0.68882 -0.160616 -0.706916
    outer loop
      vertex 3.8637 -1.03528 14
      vertex 2.89778 -0.776457 13
      vertex 2.94236 -0.585271 13
    endloop
  endfacet
  facet normal -0.703889 -0.0693372 -0.706918
    outer loop
      vertex -3.96578 -0.522104 14
      vertex -3.99144 -0.261612 14
      vertex -2.99358 -0.196209 13
    endloop
  endfacet
  facet normal -0.703885 -0.0693549 -0.70692
    outer loop
      vertex -2.97433 -0.391578 13
      vertex -3.96578 -0.522104 14
      vertex -2.99358 -0.196209 13
    endloop
  endfacet
  facet normal -0.706918 0.0231305 -0.706918
    outer loop
      vertex -3 0 13
      vertex -3.99144 0.261612 14
      vertex -2.99358 0.196209 13
    endloop
  endfacet
  facet normal -0.333418 0.623781 -0.706915
    outer loop
      vertex -1.5 2.59808 13
      vertex -1.76915 3.58749 14
      vertex -1.32687 2.69062 13
    endloop
  endfacet
  facet normal -0.249145 -0.661963 -0.706918
    outer loop
      vertex -1.28576 -3.78772 14
      vertex -1.53073 -3.69552 14
      vertex -0.964318 -2.84079 13
    endloop
  endfacet
  facet normal -0.205312 -0.676842 -0.706918
    outer loop
      vertex -1.03528 -3.8637 14
      vertex -1.28576 -3.78772 14
      vertex -0.964318 -2.84079 13
    endloop
  endfacet
  facet normal 0.644249 0.291914 -0.706915
    outer loop
      vertex 3.69552 1.53073 14
      vertex 2.69062 1.32687 13
      vertex 3.58749 1.76915 14
    endloop
  endfacet
  facet normal -0.448708 0.546745 -0.706916
    outer loop
      vertex -1.97804 2.25552 13
      vertex -2.63738 3.00736 14
      vertex -2.43505 3.17341 14
    endloop
  endfacet
  facet normal -0.44869 0.546757 -0.706919
    outer loop
      vertex -1.97804 2.25552 13
      vertex -2.43505 3.17341 14
      vertex -1.82628 2.38006 13
    endloop
  endfacet
  facet normal -0.411986 -0.574922 -0.706917
    outer loop
      vertex -2.22228 -3.32588 14
      vertex -2.43505 -3.17341 14
      vertex -1.66671 -2.49441 13
    endloop
  endfacet
  facet normal 0.115184 0.697852 -0.70692
    outer loop
      vertex 0.585271 2.94236 13
      vertex 0.391578 2.97433 13
      vertex 0.522104 3.96578 14
    endloop
  endfacet
  facet normal 0.0693549 0.703885 -0.70692
    outer loop
      vertex 0.391578 2.97433 13
      vertex 0.196209 2.99358 13
      vertex 0.522104 3.96578 14
    endloop
  endfacet
  facet normal 0.291899 0.644254 -0.706917
    outer loop
      vertex 1.32687 2.69062 13
      vertex 1.14805 2.77164 13
      vertex 1.53073 3.69552 14
    endloop
  endfacet
  facet normal -0.48351 0.516225 -0.706916
    outer loop
      vertex -2.12132 2.12132 13
      vertex -2.63738 3.00736 14
      vertex -1.97804 2.25552 13
    endloop
  endfacet
  facet normal -0.48349 0.51624 -0.706919
    outer loop
      vertex -2.63738 3.00736 14
      vertex -2.12132 2.12132 13
      vertex -2.82843 2.82843 14
    endloop
  endfacet
  facet normal -0.516222 0.483508 -0.706919
    outer loop
      vertex -2.25552 1.97804 13
      vertex -2.82843 2.82843 14
      vertex -2.12132 2.12132 13
    endloop
  endfacet
  facet normal -0.516241 0.483492 -0.706916
    outer loop
      vertex -2.82843 2.82843 14
      vertex -2.25552 1.97804 13
      vertex -3.00736 2.63738 14
    endloop
  endfacet
  facet normal 0.205328 -0.676839 -0.706916
    outer loop
      vertex 1.03528 -3.8637 14
      vertex 0.776457 -2.89778 13
      vertex 0.964318 -2.84079 13
    endloop
  endfacet
  facet normal 0.0693372 0.703889 -0.706918
    outer loop
      vertex 0.522104 3.96578 14
      vertex 0.196209 2.99358 13
      vertex 0.261612 3.99144 14
    endloop
  endfacet
  facet normal -0.333414 0.623783 -0.706916
    outer loop
      vertex -1.5 2.59808 13
      vertex -2 3.4641 14
      vertex -1.76915 3.58749 14
    endloop
  endfacet
  facet normal -0.373508 -0.600632 -0.706918
    outer loop
      vertex -1.5 -2.59808 13
      vertex -2.22228 -3.32588 14
      vertex -1.66671 -2.49441 13
    endloop
  endfacet
  facet normal 0.688821 0.160614 -0.706916
    outer loop
      vertex 3.92314 0.780361 14
      vertex 2.94236 0.585271 13
      vertex 3.8637 1.03528 14
    endloop
  endfacet
  facet normal 0.68882 0.160616 -0.706916
    outer loop
      vertex 2.94236 0.585271 13
      vertex 2.89778 0.776457 13
      vertex 3.8637 1.03528 14
    endloop
  endfacet
  facet normal 0.676839 -0.205328 -0.706916
    outer loop
      vertex 3.8637 -1.03528 14
      vertex 2.84079 -0.964318 13
      vertex 2.89778 -0.776457 13
    endloop
  endfacet
  facet normal 0.411986 0.574922 -0.706917
    outer loop
      vertex 2.43505 3.17341 14
      vertex 1.66671 2.49441 13
      vertex 2.22228 3.32588 14
    endloop
  endfacet
  facet normal 0.373496 0.600642 -0.706916
    outer loop
      vertex 2.22228 3.32588 14
      vertex 1.5 2.59808 13
      vertex 2 3.4641 14
    endloop
  endfacet
  facet normal -0.68882 -0.160616 -0.706916
    outer loop
      vertex -2.89778 -0.776457 13
      vertex -3.8637 -1.03528 14
      vertex -2.94236 -0.585271 13
    endloop
  endfacet
  facet normal -0.115184 0.697852 -0.70692
    outer loop
      vertex -0.391578 2.97433 13
      vertex -0.585271 2.94236 13
      vertex -0.522104 3.96578 14
    endloop
  endfacet
  facet normal -0.11522 0.69785 -0.706916
    outer loop
      vertex -0.585271 2.94236 13
      vertex -0.780361 3.92314 14
      vertex -0.522104 3.96578 14
    endloop
  endfacet
  facet normal -0.516222 -0.483508 -0.706919
    outer loop
      vertex -2.82843 -2.82843 14
      vertex -2.25552 -1.97804 13
      vertex -2.12132 -2.12132 13
    endloop
  endfacet
  facet normal -0.516241 -0.483492 -0.706916
    outer loop
      vertex -2.25552 -1.97804 13
      vertex -2.82843 -2.82843 14
      vertex -3.00736 -2.63738 14
    endloop
  endfacet
  facet normal 0.0231305 0.706918 -0.706918
    outer loop
      vertex 0.196209 2.99358 13
      vertex 0 3 13
      vertex 0.261612 3.99144 14
    endloop
  endfacet
  facet normal 0.644254 0.291899 -0.706917
    outer loop
      vertex 2.77164 1.14805 13
      vertex 2.69062 1.32687 13
      vertex 3.69552 1.53073 14
    endloop
  endfacet
  facet normal 0.249139 -0.661965 -0.706917
    outer loop
      vertex 1.53073 -3.69552 14
      vertex 0.964318 -2.84079 13
      vertex 1.14805 -2.77164 13
    endloop
  endfacet
  facet normal 0.574922 0.411986 -0.706917
    outer loop
      vertex 3.32588 2.22228 14
      vertex 2.49441 1.66671 13
      vertex 3.17341 2.43505 14
    endloop
  endfacet
  facet normal -0.44869 -0.546757 -0.706919
    outer loop
      vertex -1.82628 -2.38006 13
      vertex -2.43505 -3.17341 14
      vertex -1.97804 -2.25552 13
    endloop
  endfacet
  facet normal 0.291914 0.644249 -0.706915
    outer loop
      vertex 1.76915 3.58749 14
      vertex 1.32687 2.69062 13
      vertex 1.53073 3.69552 14
    endloop
  endfacet
  facet normal -0.623783 -0.333414 -0.706916
    outer loop
      vertex -3.4641 -2 14
      vertex -3.58749 -1.76915 14
      vertex -2.59808 -1.5 13
    endloop
  endfacet
  facet normal 0 0 -1
    outer loop
      vertex 2.99358 -0.196209 13
      vertex 1.49679 -0.0981045 13
      vertex 1.5 0 13
    endloop
  endfacet
  facet normal 0 0 -1
    outer loop
      vertex 1.66671 -2.49441 13
      vertex 1.48717 -0.195788 13
      vertex 1.49679 -0.0981045 13
    endloop
  endfacet
  facet normal 0 0 -1
    outer loop
      vertex 1.66671 -2.49441 13
      vertex 1.47118 -0.292635 13
      vertex 1.48717 -0.195788 13
    endloop
  endfacet
  facet normal 0 0 -1
    outer loop
      vertex 1.66671 -2.49441 13
      vertex 1.44889 -0.388228 13
      vertex 1.47118 -0.292635 13
    endloop
  endfacet
  facet normal 0 0 -1
    outer loop
      vertex 1.66671 -2.49441 13
      vertex 1.42039 -0.482159 13
      vertex 1.44889 -0.388228 13
    endloop
  endfacet
  facet normal 0 0 -1
    outer loop
      vertex 1.66671 -2.49441 13
      vertex 1.38582 -0.574024 13
      vertex 1.42039 -0.482159 13
    endloop
  endfacet
  facet normal 0 0 -1
    outer loop
      vertex 1.66671 -2.49441 13
      vertex 1.34531 -0.663432 13
      vertex 1.38582 -0.574024 13
    endloop
  endfacet
  facet normal 0 0 -1
    outer loop
      vertex 0.75 -1.29904 13
      vertex 1.5 -2.59808 13
      vertex 1.32687 -2.69062 13
    endloop
  endfacet
  facet normal 0 0 -1
    outer loop
      vertex 1.66671 -2.49441 13
      vertex 1.29904 -0.75 13
      vertex 1.34531 -0.663432 13
    endloop
  endfacet
  facet normal 0 0 -1
    outer loop
      vertex 1.66671 -2.49441 13
      vertex 1.2472 -0.833355 13
      vertex 1.29904 -0.75 13
    endloop
  endfacet
  facet normal 0 0 -1
    outer loop
      vertex 1.66671 -2.49441 13
      vertex 1.19003 -0.913141 13
      vertex 1.2472 -0.833355 13
    endloop
  endfacet
  facet normal 0 0 -1
    outer loop
      vertex 0.663432 -1.34531 13
      vertex 1.32687 -2.69062 13
      vertex 1.14805 -2.77164 13
    endloop
  endfacet
  facet normal 0 0 -1
    outer loop
      vertex 1.66671 -2.49441 13
      vertex 1.12776 -0.989018 13
      vertex 1.19003 -0.913141 13
    endloop
  endfacet
  facet normal 0 0 -1
    outer loop
      vertex 1.66671 -2.49441 13
      vertex 1.06066 -1.06066 13
      vertex 1.12776 -0.989018 13
    endloop
  endfacet
  facet normal 0 0 -1
    outer loop
      vertex 1.66671 -2.49441 13
      vertex 0.989018 -1.12776 13
      vertex 1.06066 -1.06066 13
    endloop
  endfacet
  facet normal 0 0 -1
    outer loop
      vertex 0.574024 -1.38582 13
      vertex 1.14805 -2.77164 13
      vertex 0.964318 -2.84079 13
    endloop
  endfacet
  facet normal 0 0 -1
    outer loop
      vertex 1.66671 -2.49441 13
      vertex 0.913141 -1.19003 13
      vertex 0.989018 -1.12776 13
    endloop
  endfacet
  facet normal 0 0 -1
    outer loop
      vertex 1.66671 -2.49441 13
      vertex 0.833355 -1.2472 13
      vertex 0.913141 -1.19003 13
    endloop
  endfacet
  facet normal 0 0 -1
    outer loop
      vertex 0.482159 -1.42039 13
      vertex 0.964318 -2.84079 13
      vertex 0.776457 -2.89778 13
    endloop
  endfacet
  facet normal 0 0 -1
    outer loop
      vertex 1.5 -2.59808 13
      vertex 0.75 -1.29904 13
      vertex 0.833355 -1.2472 13
    endloop
  endfacet
  facet normal 0 0 -1
    outer loop
      vertex 1.32687 -2.69062 13
      vertex 0.663432 -1.34531 13
      vertex 0.75 -1.29904 13
    endloop
  endfacet
  facet normal 0 0 -1
    outer loop
      vertex 0.388228 -1.44889 13
      vertex 0.776457 -2.89778 13
      vertex 0.585271 -2.94236 13
    endloop
  endfacet
  facet normal 0 0 -1
    outer loop
      vertex 1.14805 -2.77164 13
      vertex 0.574024 -1.38582 13
      vertex 0.663432 -1.34531 13
    endloop
  endfacet
  facet normal 0 0 -1
    outer loop
      vertex 0.964318 -2.84079 13
      vertex 0.482159 -1.42039 13
      vertex 0.574024 -1.38582 13
    endloop
  endfacet
  facet normal 0 0 -1
    outer loop
      vertex 0.292635 -1.47118 13
      vertex 0.585271 -2.94236 13
      vertex 0.391578 -2.97433 13
    endloop
  endfacet
  facet normal 0 0 -1
    outer loop
      vertex 0.776457 -2.89778 13
      vertex 0.388228 -1.44889 13
      vertex 0.482159 -1.42039 13
    endloop
  endfacet
  facet normal 0 0 -1
    outer loop
      vertex 0.585271 -2.94236 13
      vertex 0.292635 -1.47118 13
      vertex 0.388228 -1.44889 13
    endloop
  endfacet
  facet normal 0 0 -1
    outer loop
      vertex 0.195788 -1.48717 13
      vertex 0.391578 -2.97433 13
      vertex 0.196209 -2.99358 13
    endloop
  endfacet
  facet normal 0 0 -1
    outer loop
      vertex 0.391578 -2.97433 13
      vertex 0.195788 -1.48717 13
      vertex 0.292635 -1.47118 13
    endloop
  endfacet
  facet normal 0 0 -1
    outer loop
      vertex 0.196209 -2.99358 13
      vertex 0.0981045 -1.49679 13
      vertex 0.195788 -1.48717 13
    endloop
  endfacet
  facet normal 0 0 -1
    outer loop
      vertex 0 -3 13
      vertex 0.0981045 -1.49679 13
      vertex 0.196209 -2.99358 13
    endloop
  endfacet
  facet normal 0 0 -1
    outer loop
      vertex 0 -3 13
      vertex 0 -1.5 13
      vertex 0.0981045 -1.49679 13
    endloop
  endfacet
  facet normal 0 0 -1
    outer loop
      vertex 0 -3 13
      vertex -0.0981045 -1.49679 13
      vertex 0 -1.5 13
    endloop
  endfacet
  facet normal 0 0 -1
    outer loop
      vertex -0.196209 -2.99358 13
      vertex -0.0981045 -1.49679 13
      vertex 0 -3 13
    endloop
  endfacet
  facet normal -0 0 -1
    outer loop
      vertex -0.0981045 -1.49679 13
      vertex -0.196209 -2.99358 13
      vertex -0.195788 -1.48717 13
    endloop
  endfacet
  facet normal 0 0 -1
    outer loop
      vertex -0.391578 -2.97433 13
      vertex -0.195788 -1.48717 13
      vertex -0.196209 -2.99358 13
    endloop
  endfacet
  facet normal -0 0 -1
    outer loop
      vertex -0.195788 -1.48717 13
      vertex -0.391578 -2.97433 13
      vertex -0.292635 -1.47118 13
    endloop
  endfacet
  facet normal 0 0 -1
    outer loop
      vertex -0.585271 -2.94236 13
      vertex -0.292635 -1.47118 13
      vertex -0.391578 -2.97433 13
    endloop
  endfacet
  facet normal -0 0 -1
    outer loop
      vertex -0.292635 -1.47118 13
      vertex -0.585271 -2.94236 13
      vertex -0.388228 -1.44889 13
    endloop
  endfacet
  facet normal 0 0 -1
    outer loop
      vertex -0.776457 -2.89778 13
      vertex -0.388228 -1.44889 13
      vertex -0.585271 -2.94236 13
    endloop
  endfacet
  facet normal -0 0 -1
    outer loop
      vertex -0.388228 -1.44889 13
      vertex -0.776457 -2.89778 13
      vertex -0.482159 -1.42039 13
    endloop
  endfacet
  facet normal 0 0 -1
    outer loop
      vertex -0.964318 -2.84079 13
      vertex -0.482159 -1.42039 13
      vertex -0.776457 -2.89778 13
    endloop
  endfacet
  facet normal -0 0 -1
    outer loop
      vertex -0.482159 -1.42039 13
      vertex -0.964318 -2.84079 13
      vertex -0.574024 -1.38582 13
    endloop
  endfacet
  facet normal 0 0 -1
    outer loop
      vertex -1.14805 -2.77164 13
      vertex -0.574024 -1.38582 13
      vertex -0.964318 -2.84079 13
    endloop
  endfacet
  facet normal -0 0 -1
    outer loop
      vertex -0.574024 -1.38582 13
      vertex -1.14805 -2.77164 13
      vertex -0.663432 -1.34531 13
    endloop
  endfacet
  facet normal 0 0 -1
    outer loop
      vertex -1.32687 -2.69062 13
      vertex -0.663432 -1.34531 13
      vertex -1.14805 -2.77164 13
    endloop
  endfacet
  facet normal -0 0 -1
    outer loop
      vertex -0.663432 -1.34531 13
      vertex -1.32687 -2.69062 13
      vertex -0.75 -1.29904 13
    endloop
  endfacet
  facet normal 0 0 -1
    outer loop
      vertex -1.5 -2.59808 13
      vertex -0.75 -1.29904 13
      vertex -1.32687 -2.69062 13
    endloop
  endfacet
  facet normal -0 0 -1
    outer loop
      vertex -0.75 -1.29904 13
      vertex -1.5 -2.59808 13
      vertex -0.833355 -1.2472 13
    endloop
  endfacet
  facet normal 0 0 -1
    outer loop
      vertex -1.66671 -2.49441 13
      vertex -0.833355 -1.2472 13
      vertex -1.5 -2.59808 13
    endloop
  endfacet
  facet normal -0 0 -1
    outer loop
      vertex -0.833355 -1.2472 13
      vertex -1.66671 -2.49441 13
      vertex -0.913141 -1.19003 13
    endloop
  endfacet
  facet normal 0 0 -1
    outer loop
      vertex -1.82628 -2.38006 13
      vertex -0.913141 -1.19003 13
      vertex -1.66671 -2.49441 13
    endloop
  endfacet
  facet normal -0 0 -1
    outer loop
      vertex -0.913141 -1.19003 13
      vertex -1.82628 -2.38006 13
      vertex -0.989018 -1.12776 13
    endloop
  endfacet
  facet normal 0 0 -1
    outer loop
      vertex -1.97804 -2.25552 13
      vertex -0.989018 -1.12776 13
      vertex -1.82628 -2.38006 13
    endloop
  endfacet
  facet normal -0 0 -1
    outer loop
      vertex -0.989018 -1.12776 13
      vertex -1.97804 -2.25552 13
      vertex -1.06066 -1.06066 13
    endloop
  endfacet
  facet normal 0 0 -1
    outer loop
      vertex -2.12132 -2.12132 13
      vertex -1.06066 -1.06066 13
      vertex -1.97804 -2.25552 13
    endloop
  endfacet
  facet normal -0 0 -1
    outer loop
      vertex -1.06066 -1.06066 13
      vertex -2.12132 -2.12132 13
      vertex -1.12776 -0.989018 13
    endloop
  endfacet
  facet normal 0 0 -1
    outer loop
      vertex -2.25552 -1.97804 13
      vertex -1.12776 -0.989018 13
      vertex -2.12132 -2.12132 13
    endloop
  endfacet
  facet normal -0 0 -1
    outer loop
      vertex -1.12776 -0.989018 13
      vertex -2.25552 -1.97804 13
      vertex -1.19003 -0.913141 13
    endloop
  endfacet
  facet normal 0 0 -1
    outer loop
      vertex -2.38006 -1.82628 13
      vertex -1.19003 -0.913141 13
      vertex -2.25552 -1.97804 13
    endloop
  endfacet
  facet normal -0 0 -1
    outer loop
      vertex -1.19003 -0.913141 13
      vertex -2.38006 -1.82628 13
      vertex -1.2472 -0.833355 13
    endloop
  endfacet
  facet normal 0 0 -1
    outer loop
      vertex -2.49441 -1.66671 13
      vertex -1.2472 -0.833355 13
      vertex -2.38006 -1.82628 13
    endloop
  endfacet
  facet normal -0 0 -1
    outer loop
      vertex -1.2472 -0.833355 13
      vertex -2.49441 -1.66671 13
      vertex -1.29904 -0.75 13
    endloop
  endfacet
  facet normal 0 0 -1
    outer loop
      vertex -2.59808 -1.5 13
      vertex -1.29904 -0.75 13
      vertex -2.49441 -1.66671 13
    endloop
  endfacet
  facet normal -0 0 -1
    outer loop
      vertex -1.29904 -0.75 13
      vertex -2.59808 -1.5 13
      vertex -1.34531 -0.663432 13
    endloop
  endfacet
  facet normal 0 0 -1
    outer loop
      vertex -2.69062 -1.32687 13
      vertex -1.34531 -0.663432 13
      vertex -2.59808 -1.5 13
    endloop
  endfacet
  facet normal 0 0 -1
    outer loop
      vertex -1.5 0 13
      vertex -1.66671 2.49441 13
      vertex -1.5 2.59808 13
    endloop
  endfacet
  facet normal -0 0 -1
    outer loop
      vertex -1.34531 -0.663432 13
      vertex -2.69062 -1.32687 13
      vertex -1.38582 -0.574024 13
    endloop
  endfacet
  facet normal 0 0 -1
    outer loop
      vertex -1.5 0 13
      vertex -1.82628 2.38006 13
      vertex -1.66671 2.49441 13
    endloop
  endfacet
  facet normal 0 0 -1
    outer loop
      vertex -2.77164 -1.14805 13
      vertex -1.38582 -0.574024 13
      vertex -2.69062 -1.32687 13
    endloop
  endfacet
  facet normal 0 0 -1
    outer loop
      vertex -1.5 0 13
      vertex -1.97804 2.25552 13
      vertex -1.82628 2.38006 13
    endloop
  endfacet
  facet normal -0 0 -1
    outer loop
      vertex -1.38582 -0.574024 13
      vertex -2.77164 -1.14805 13
      vertex -1.42039 -0.482159 13
    endloop
  endfacet
  facet normal 0 0 -1
    outer loop
      vertex -1.5 0 13
      vertex -2.12132 2.12132 13
      vertex -1.97804 2.25552 13
    endloop
  endfacet
  facet normal 0 0 -1
    outer loop
      vertex -2.84079 -0.964318 13
      vertex -1.42039 -0.482159 13
      vertex -2.77164 -1.14805 13
    endloop
  endfacet
  facet normal 0 0 -1
    outer loop
      vertex -1.5 0 13
      vertex -2.25552 1.97804 13
      vertex -2.12132 2.12132 13
    endloop
  endfacet
  facet normal -0 0 -1
    outer loop
      vertex -1.42039 -0.482159 13
      vertex -2.84079 -0.964318 13
      vertex -1.44889 -0.388228 13
    endloop
  endfacet
  facet normal 0 0 -1
    outer loop
      vertex -1.5 0 13
      vertex -2.38006 1.82628 13
      vertex -2.25552 1.97804 13
    endloop
  endfacet
  facet normal 0 0 -1
    outer loop
      vertex -2.89778 -0.776457 13
      vertex -1.44889 -0.388228 13
      vertex -2.84079 -0.964318 13
    endloop
  endfacet
  facet normal 0 0 -1
    outer loop
      vertex -1.5 0 13
      vertex -2.49441 1.66671 13
      vertex -2.38006 1.82628 13
    endloop
  endfacet
  facet normal -0 0 -1
    outer loop
      vertex -1.44889 -0.388228 13
      vertex -2.89778 -0.776457 13
      vertex -1.47118 -0.292635 13
    endloop
  endfacet
  facet normal 0 0 -1
    outer loop
      vertex -1.5 0 13
      vertex -2.59808 1.5 13
      vertex -2.49441 1.66671 13
    endloop
  endfacet
  facet normal 0 0 -1
    outer loop
      vertex -2.94236 -0.585271 13
      vertex -1.47118 -0.292635 13
      vertex -2.89778 -0.776457 13
    endloop
  endfacet
  facet normal 0 0 -1
    outer loop
      vertex -1.5 0 13
      vertex -2.69062 1.32687 13
      vertex -2.59808 1.5 13
    endloop
  endfacet
  facet normal -0 0 -1
    outer loop
      vertex -1.47118 -0.292635 13
      vertex -2.94236 -0.585271 13
      vertex -1.48717 -0.195788 13
    endloop
  endfacet
  facet normal 0 0 -1
    outer loop
      vertex -1.5 0 13
      vertex -2.77164 1.14805 13
      vertex -2.69062 1.32687 13
    endloop
  endfacet
  facet normal 0 0 -1
    outer loop
      vertex -2.97433 -0.391578 13
      vertex -1.48717 -0.195788 13
      vertex -2.94236 -0.585271 13
    endloop
  endfacet
  facet normal 0 0 -1
    outer loop
      vertex -1.5 0 13
      vertex -2.84079 0.964318 13
      vertex -2.77164 1.14805 13
    endloop
  endfacet
  facet normal -0 0 -1
    outer loop
      vertex -1.48717 -0.195788 13
      vertex -2.97433 -0.391578 13
      vertex -1.49679 -0.0981045 13
    endloop
  endfacet
  facet normal 0 0 -1
    outer loop
      vertex -1.5 0 13
      vertex -2.89778 0.776457 13
      vertex -2.84079 0.964318 13
    endloop
  endfacet
  facet normal 0 0 -1
    outer loop
      vertex -2.99358 -0.196209 13
      vertex -1.49679 -0.0981045 13
      vertex -2.97433 -0.391578 13
    endloop
  endfacet
  facet normal 0 0 -1
    outer loop
      vertex -1.5 0 13
      vertex -2.94236 0.585271 13
      vertex -2.89778 0.776457 13
    endloop
  endfacet
  facet normal -0 0 -1
    outer loop
      vertex -1.49679 -0.0981045 13
      vertex -2.99358 -0.196209 13
      vertex -1.5 0 13
    endloop
  endfacet
  facet normal 0 0 -1
    outer loop
      vertex -1.5 0 13
      vertex -2.97433 0.391578 13
      vertex -2.94236 0.585271 13
    endloop
  endfacet
  facet normal 0 0 -1
    outer loop
      vertex -3 0 13
      vertex -1.5 0 13
      vertex -2.99358 -0.196209 13
    endloop
  endfacet
  facet normal 0 0 -1
    outer loop
      vertex -1.5 0 13
      vertex -2.99358 0.196209 13
      vertex -2.97433 0.391578 13
    endloop
  endfacet
  facet normal 0 0 -1
    outer loop
      vertex -1.5 0 13
      vertex -3 0 13
      vertex -2.99358 0.196209 13
    endloop
  endfacet
  facet normal 0 0 -1
    outer loop
      vertex 1.5 0 13
      vertex 3 0 13
      vertex 2.99358 -0.196209 13
    endloop
  endfacet
  facet normal 0 0 -1
    outer loop
      vertex 1.49679 -0.0981045 13
      vertex 2.99358 -0.196209 13
      vertex 2.97433 -0.391578 13
    endloop
  endfacet
  facet normal 0 0 -1
    outer loop
      vertex 3 0 13
      vertex 1.5 0 13
      vertex 2.99358 0.196209 13
    endloop
  endfacet
  facet normal 0 0 -1
    outer loop
      vertex 1.49679 -0.0981045 13
      vertex 2.97433 -0.391578 13
      vertex 2.94236 -0.585271 13
    endloop
  endfacet
  facet normal 0 0 -1
    outer loop
      vertex 1.49679 0.0981045 13
      vertex 2.99358 0.196209 13
      vertex 1.5 0 13
    endloop
  endfacet
  facet normal 0 0 -1
    outer loop
      vertex 1.49679 -0.0981045 13
      vertex 2.94236 -0.585271 13
      vertex 2.89778 -0.776457 13
    endloop
  endfacet
  facet normal -0 0 -1
    outer loop
      vertex 2.99358 0.196209 13
      vertex 1.49679 0.0981045 13
      vertex 2.97433 0.391578 13
    endloop
  endfacet
  facet normal 0 0 -1
    outer loop
      vertex 1.49679 -0.0981045 13
      vertex 2.89778 -0.776457 13
      vertex 2.84079 -0.964318 13
    endloop
  endfacet
  facet normal 0 0 -1
    outer loop
      vertex 1.48717 0.195788 13
      vertex 2.97433 0.391578 13
      vertex 1.49679 0.0981045 13
    endloop
  endfacet
  facet normal 0 0 -1
    outer loop
      vertex 1.49679 -0.0981045 13
      vertex 2.84079 -0.964318 13
      vertex 2.77164 -1.14805 13
    endloop
  endfacet
  facet normal -0 0 -1
    outer loop
      vertex 2.97433 0.391578 13
      vertex 1.48717 0.195788 13
      vertex 2.94236 0.585271 13
    endloop
  endfacet
  facet normal 0 0 -1
    outer loop
      vertex 1.49679 -0.0981045 13
      vertex 2.77164 -1.14805 13
      vertex 2.69062 -1.32687 13
    endloop
  endfacet
  facet normal 0 0 -1
    outer loop
      vertex 1.47118 0.292635 13
      vertex 2.94236 0.585271 13
      vertex 1.48717 0.195788 13
    endloop
  endfacet
  facet normal 0 0 -1
    outer loop
      vertex 1.49679 -0.0981045 13
      vertex 2.69062 -1.32687 13
      vertex 2.59808 -1.5 13
    endloop
  endfacet
  facet normal -0 0 -1
    outer loop
      vertex 2.94236 0.585271 13
      vertex 1.47118 0.292635 13
      vertex 2.89778 0.776457 13
    endloop
  endfacet
  facet normal 0 0 -1
    outer loop
      vertex 1.49679 -0.0981045 13
      vertex 2.59808 -1.5 13
      vertex 2.49441 -1.66671 13
    endloop
  endfacet
  facet normal 0 0 -1
    outer loop
      vertex 1.44889 0.388228 13
      vertex 2.89778 0.776457 13
      vertex 1.47118 0.292635 13
    endloop
  endfacet
  facet normal 0 0 -1
    outer loop
      vertex 1.49679 -0.0981045 13
      vertex 2.49441 -1.66671 13
      vertex 2.38006 -1.82628 13
    endloop
  endfacet
  facet normal -0 0 -1
    outer loop
      vertex 2.89778 0.776457 13
      vertex 1.44889 0.388228 13
      vertex 2.84079 0.964318 13
    endloop
  endfacet
  facet normal 0 0 -1
    outer loop
      vertex 1.49679 -0.0981045 13
      vertex 2.38006 -1.82628 13
      vertex 2.25552 -1.97804 13
    endloop
  endfacet
  facet normal 0 0 -1
    outer loop
      vertex 1.42039 0.482159 13
      vertex 2.84079 0.964318 13
      vertex 1.44889 0.388228 13
    endloop
  endfacet
  facet normal 0 0 -1
    outer loop
      vertex 1.49679 -0.0981045 13
      vertex 2.25552 -1.97804 13
      vertex 2.12132 -2.12132 13
    endloop
  endfacet
  facet normal -0 0 -1
    outer loop
      vertex 2.84079 0.964318 13
      vertex 1.42039 0.482159 13
      vertex 2.77164 1.14805 13
    endloop
  endfacet
  facet normal 0 0 -1
    outer loop
      vertex 1.49679 -0.0981045 13
      vertex 2.12132 -2.12132 13
      vertex 1.97804 -2.25552 13
    endloop
  endfacet
  facet normal 0 0 -1
    outer loop
      vertex 1.38582 0.574024 13
      vertex 2.77164 1.14805 13
      vertex 1.42039 0.482159 13
    endloop
  endfacet
  facet normal 0 0 -1
    outer loop
      vertex 1.49679 -0.0981045 13
      vertex 1.97804 -2.25552 13
      vertex 1.82628 -2.38006 13
    endloop
  endfacet
  facet normal -0 0 -1
    outer loop
      vertex 2.77164 1.14805 13
      vertex 1.38582 0.574024 13
      vertex 2.69062 1.32687 13
    endloop
  endfacet
  facet normal 0 0 -1
    outer loop
      vertex 1.49679 -0.0981045 13
      vertex 1.82628 -2.38006 13
      vertex 1.66671 -2.49441 13
    endloop
  endfacet
  facet normal 0 0 -1
    outer loop
      vertex 1.34531 0.663432 13
      vertex 2.69062 1.32687 13
      vertex 1.38582 0.574024 13
    endloop
  endfacet
  facet normal 0 0 -1
    outer loop
      vertex 0.833355 -1.2472 13
      vertex 1.66671 -2.49441 13
      vertex 1.5 -2.59808 13
    endloop
  endfacet
  facet normal -0 0 -1
    outer loop
      vertex 2.69062 1.32687 13
      vertex 1.34531 0.663432 13
      vertex 2.59808 1.5 13
    endloop
  endfacet
  facet normal 0 0 -1
    outer loop
      vertex 1.29904 0.75 13
      vertex 2.59808 1.5 13
      vertex 1.34531 0.663432 13
    endloop
  endfacet
  facet normal -0 0 -1
    outer loop
      vertex 2.59808 1.5 13
      vertex 1.29904 0.75 13
      vertex 2.49441 1.66671 13
    endloop
  endfacet
  facet normal 0 0 -1
    outer loop
      vertex 1.2472 0.833355 13
      vertex 2.49441 1.66671 13
      vertex 1.29904 0.75 13
    endloop
  endfacet
  facet normal -0 0 -1
    outer loop
      vertex 2.49441 1.66671 13
      vertex 1.2472 0.833355 13
      vertex 2.38006 1.82628 13
    endloop
  endfacet
  facet normal 0 0 -1
    outer loop
      vertex 1.19003 0.913141 13
      vertex 2.38006 1.82628 13
      vertex 1.2472 0.833355 13
    endloop
  endfacet
  facet normal -0 0 -1
    outer loop
      vertex 2.38006 1.82628 13
      vertex 1.19003 0.913141 13
      vertex 2.25552 1.97804 13
    endloop
  endfacet
  facet normal 0 0 -1
    outer loop
      vertex 1.12776 0.989018 13
      vertex 2.25552 1.97804 13
      vertex 1.19003 0.913141 13
    endloop
  endfacet
  facet normal -0 0 -1
    outer loop
      vertex 2.25552 1.97804 13
      vertex 1.12776 0.989018 13
      vertex 2.12132 2.12132 13
    endloop
  endfacet
  facet normal 0 0 -1
    outer loop
      vertex 1.06066 1.06066 13
      vertex 2.12132 2.12132 13
      vertex 1.12776 0.989018 13
    endloop
  endfacet
  facet normal -0 0 -1
    outer loop
      vertex 2.12132 2.12132 13
      vertex 1.06066 1.06066 13
      vertex 1.97804 2.25552 13
    endloop
  endfacet
  facet normal 0 0 -1
    outer loop
      vertex 0.989018 1.12776 13
      vertex 1.97804 2.25552 13
      vertex 1.06066 1.06066 13
    endloop
  endfacet
  facet normal -0 0 -1
    outer loop
      vertex 1.97804 2.25552 13
      vertex 0.989018 1.12776 13
      vertex 1.82628 2.38006 13
    endloop
  endfacet
  facet normal 0 0 -1
    outer loop
      vertex 0.913141 1.19003 13
      vertex 1.82628 2.38006 13
      vertex 0.989018 1.12776 13
    endloop
  endfacet
  facet normal -0 0 -1
    outer loop
      vertex 1.82628 2.38006 13
      vertex 0.913141 1.19003 13
      vertex 1.66671 2.49441 13
    endloop
  endfacet
  facet normal 0 0 -1
    outer loop
      vertex 0.833355 1.2472 13
      vertex 1.66671 2.49441 13
      vertex 0.913141 1.19003 13
    endloop
  endfacet
  facet normal -0 0 -1
    outer loop
      vertex 1.66671 2.49441 13
      vertex 0.833355 1.2472 13
      vertex 1.5 2.59808 13
    endloop
  endfacet
  facet normal 0 0 -1
    outer loop
      vertex 0.75 1.29904 13
      vertex 1.5 2.59808 13
      vertex 0.833355 1.2472 13
    endloop
  endfacet
  facet normal -0 0 -1
    outer loop
      vertex 1.5 2.59808 13
      vertex 0.75 1.29904 13
      vertex 1.32687 2.69062 13
    endloop
  endfacet
  facet normal 0 0 -1
    outer loop
      vertex 0.663432 1.34531 13
      vertex 1.32687 2.69062 13
      vertex 0.75 1.29904 13
    endloop
  endfacet
  facet normal -0 0 -1
    outer loop
      vertex 1.32687 2.69062 13
      vertex 0.663432 1.34531 13
      vertex 1.14805 2.77164 13
    endloop
  endfacet
  facet normal 0 0 -1
    outer loop
      vertex 0.574024 1.38582 13
      vertex 1.14805 2.77164 13
      vertex 0.663432 1.34531 13
    endloop
  endfacet
  facet normal -0 0 -1
    outer loop
      vertex 1.14805 2.77164 13
      vertex 0.574024 1.38582 13
      vertex 0.964318 2.84079 13
    endloop
  endfacet
  facet normal 0 0 -1
    outer loop
      vertex 0.482159 1.42039 13
      vertex 0.964318 2.84079 13
      vertex 0.574024 1.38582 13
    endloop
  endfacet
  facet normal -0 0 -1
    outer loop
      vertex 0.964318 2.84079 13
      vertex 0.482159 1.42039 13
      vertex 0.776457 2.89778 13
    endloop
  endfacet
  facet normal 0 0 -1
    outer loop
      vertex 0.388228 1.44889 13
      vertex 0.776457 2.89778 13
      vertex 0.482159 1.42039 13
    endloop
  endfacet
  facet normal -0 0 -1
    outer loop
      vertex 0.776457 2.89778 13
      vertex 0.388228 1.44889 13
      vertex 0.585271 2.94236 13
    endloop
  endfacet
  facet normal 0 0 -1
    outer loop
      vertex 0.292635 1.47118 13
      vertex 0.585271 2.94236 13
      vertex 0.388228 1.44889 13
    endloop
  endfacet
  facet normal -0 0 -1
    outer loop
      vertex 0.585271 2.94236 13
      vertex 0.292635 1.47118 13
      vertex 0.391578 2.97433 13
    endloop
  endfacet
  facet normal 0 0 -1
    outer loop
      vertex 0.195788 1.48717 13
      vertex 0.391578 2.97433 13
      vertex 0.292635 1.47118 13
    endloop
  endfacet
  facet normal -0 0 -1
    outer loop
      vertex 0.391578 2.97433 13
      vertex 0.195788 1.48717 13
      vertex 0.196209 2.99358 13
    endloop
  endfacet
  facet normal 0 0 -1
    outer loop
      vertex 0.0981045 1.49679 13
      vertex 0.196209 2.99358 13
      vertex 0.195788 1.48717 13
    endloop
  endfacet
  facet normal 0 0 -1
    outer loop
      vertex 0 1.5 13
      vertex 0.196209 2.99358 13
      vertex 0.0981045 1.49679 13
    endloop
  endfacet
  facet normal 0 0 -1
    outer loop
      vertex 0 1.5 13
      vertex 0 3 13
      vertex 0.196209 2.99358 13
    endloop
  endfacet
  facet normal 0 0 -1
    outer loop
      vertex -0.0981045 1.49679 13
      vertex 0 3 13
      vertex 0 1.5 13
    endloop
  endfacet
  facet normal 0 0 -1
    outer loop
      vertex -0.196209 2.99358 13
      vertex -0.0981045 1.49679 13
      vertex -0.195788 1.48717 13
    endloop
  endfacet
  facet normal 0 0 -1
    outer loop
      vertex -0.0981045 1.49679 13
      vertex -0.196209 2.99358 13
      vertex 0 3 13
    endloop
  endfacet
  facet normal 0 0 -1
    outer loop
      vertex -0.391578 2.97433 13
      vertex -0.195788 1.48717 13
      vertex -0.292635 1.47118 13
    endloop
  endfacet
  facet normal 0 0 -1
    outer loop
      vertex -0.585271 2.94236 13
      vertex -0.292635 1.47118 13
      vertex -0.388228 1.44889 13
    endloop
  endfacet
  facet normal 0 0 -1
    outer loop
      vertex -0.195788 1.48717 13
      vertex -0.391578 2.97433 13
      vertex -0.196209 2.99358 13
    endloop
  endfacet
  facet normal 0 0 -1
    outer loop
      vertex -0.776457 2.89778 13
      vertex -0.388228 1.44889 13
      vertex -0.482159 1.42039 13
    endloop
  endfacet
  facet normal 0 0 -1
    outer loop
      vertex -0.964318 2.84079 13
      vertex -0.482159 1.42039 13
      vertex -0.574024 1.38582 13
    endloop
  endfacet
  facet normal 0 0 -1
    outer loop
      vertex -0.292635 1.47118 13
      vertex -0.585271 2.94236 13
      vertex -0.391578 2.97433 13
    endloop
  endfacet
  facet normal 0 0 -1
    outer loop
      vertex -1.14805 2.77164 13
      vertex -0.574024 1.38582 13
      vertex -0.663432 1.34531 13
    endloop
  endfacet
  facet normal 0 0 -1
    outer loop
      vertex -1.32687 2.69062 13
      vertex -0.663432 1.34531 13
      vertex -0.75 1.29904 13
    endloop
  endfacet
  facet normal 0 0 -1
    outer loop
      vertex -0.388228 1.44889 13
      vertex -0.776457 2.89778 13
      vertex -0.585271 2.94236 13
    endloop
  endfacet
  facet normal 0 0 -1
    outer loop
      vertex -1.5 2.59808 13
      vertex -0.75 1.29904 13
      vertex -0.833355 1.2472 13
    endloop
  endfacet
  facet normal 0 0 -1
    outer loop
      vertex -1.5 2.59808 13
      vertex -0.833355 1.2472 13
      vertex -0.913141 1.19003 13
    endloop
  endfacet
  facet normal 0 0 -1
    outer loop
      vertex -0.482159 1.42039 13
      vertex -0.964318 2.84079 13
      vertex -0.776457 2.89778 13
    endloop
  endfacet
  facet normal 0 0 -1
    outer loop
      vertex -1.5 2.59808 13
      vertex -0.913141 1.19003 13
      vertex -0.989018 1.12776 13
    endloop
  endfacet
  facet normal 0 0 -1
    outer loop
      vertex -1.5 2.59808 13
      vertex -0.989018 1.12776 13
      vertex -1.06066 1.06066 13
    endloop
  endfacet
  facet normal 0 0 -1
    outer loop
      vertex -1.5 2.59808 13
      vertex -1.06066 1.06066 13
      vertex -1.12776 0.989018 13
    endloop
  endfacet
  facet normal 0 0 -1
    outer loop
      vertex -0.574024 1.38582 13
      vertex -1.14805 2.77164 13
      vertex -0.964318 2.84079 13
    endloop
  endfacet
  facet normal 0 0 -1
    outer loop
      vertex -1.5 2.59808 13
      vertex -1.12776 0.989018 13
      vertex -1.19003 0.913141 13
    endloop
  endfacet
  facet normal 0 0 -1
    outer loop
      vertex -1.5 2.59808 13
      vertex -1.19003 0.913141 13
      vertex -1.2472 0.833355 13
    endloop
  endfacet
  facet normal 0 0 -1
    outer loop
      vertex -1.5 2.59808 13
      vertex -1.2472 0.833355 13
      vertex -1.29904 0.75 13
    endloop
  endfacet
  facet normal 0 0 -1
    outer loop
      vertex -0.663432 1.34531 13
      vertex -1.32687 2.69062 13
      vertex -1.14805 2.77164 13
    endloop
  endfacet
  facet normal 0 0 -1
    outer loop
      vertex -1.5 2.59808 13
      vertex -1.29904 0.75 13
      vertex -1.34531 0.663432 13
    endloop
  endfacet
  facet normal 0 0 -1
    outer loop
      vertex -1.5 2.59808 13
      vertex -1.34531 0.663432 13
      vertex -1.38582 0.574024 13
    endloop
  endfacet
  facet normal 0 0 -1
    outer loop
      vertex -1.5 2.59808 13
      vertex -1.38582 0.574024 13
      vertex -1.42039 0.482159 13
    endloop
  endfacet
  facet normal 0 0 -1
    outer loop
      vertex -1.5 2.59808 13
      vertex -1.42039 0.482159 13
      vertex -1.44889 0.388228 13
    endloop
  endfacet
  facet normal 0 0 -1
    outer loop
      vertex -1.5 2.59808 13
      vertex -1.44889 0.388228 13
      vertex -1.47118 0.292635 13
    endloop
  endfacet
  facet normal 0 0 -1
    outer loop
      vertex -1.5 2.59808 13
      vertex -1.47118 0.292635 13
      vertex -1.48717 0.195788 13
    endloop
  endfacet
  facet normal 0 0 -1
    outer loop
      vertex -1.5 2.59808 13
      vertex -1.48717 0.195788 13
      vertex -1.49679 0.0981045 13
    endloop
  endfacet
  facet normal 0 0 -1
    outer loop
      vertex -0.75 1.29904 13
      vertex -1.5 2.59808 13
      vertex -1.32687 2.69062 13
    endloop
  endfacet
  facet normal 0 0 -1
    outer loop
      vertex -1.5 2.59808 13
      vertex -1.49679 0.0981045 13
      vertex -1.5 0 13
    endloop
  endfacet
  facet normal -0.688821 0.160614 -0.706916
    outer loop
      vertex -2.94236 0.585271 13
      vertex -3.92314 0.780361 14
      vertex -3.8637 1.03528 14
    endloop
  endfacet
  facet normal -0.411986 0.574922 -0.706917
    outer loop
      vertex -1.66671 2.49441 13
      vertex -2.43505 3.17341 14
      vertex -2.22228 3.32588 14
    endloop
  endfacet
  facet normal -0.600632 0.373508 -0.706918
    outer loop
      vertex -2.59808 1.5 13
      vertex -3.32588 2.22228 14
      vertex -2.49441 1.66671 13
    endloop
  endfacet
  facet normal -0.574922 0.411986 -0.706917
    outer loop
      vertex -2.49441 1.66671 13
      vertex -3.32588 2.22228 14
      vertex -3.17341 2.43505 14
    endloop
  endfacet
  facet normal 0.623783 0.333414 -0.706916
    outer loop
      vertex 3.58749 1.76915 14
      vertex 2.59808 1.5 13
      vertex 3.4641 2 14
    endloop
  endfacet
  facet normal 0.600642 0.373496 -0.706916
    outer loop
      vertex 3.4641 2 14
      vertex 2.59808 1.5 13
      vertex 3.32588 2.22228 14
    endloop
  endfacet
  facet normal 0.703889 0.0693372 -0.706918
    outer loop
      vertex 3.99144 0.261612 14
      vertex 2.99358 0.196209 13
      vertex 3.96578 0.522104 14
    endloop
  endfacet
  facet normal 0.160616 0.68882 -0.706916
    outer loop
      vertex 0.776457 2.89778 13
      vertex 0.585271 2.94236 13
      vertex 1.03528 3.8637 14
    endloop
  endfacet
  facet normal -0.291899 0.644254 -0.706917
    outer loop
      vertex -1.32687 2.69062 13
      vertex -1.53073 3.69552 14
      vertex -1.14805 2.77164 13
    endloop
  endfacet
  facet normal 0.160614 0.688821 -0.706916
    outer loop
      vertex 1.03528 3.8637 14
      vertex 0.585271 2.94236 13
      vertex 0.780361 3.92314 14
    endloop
  endfacet
  facet normal 0.11522 0.69785 -0.706916
    outer loop
      vertex 0.585271 2.94236 13
      vertex 0.522104 3.96578 14
      vertex 0.780361 3.92314 14
    endloop
  endfacet
  facet normal -0.411993 0.574916 -0.706918
    outer loop
      vertex -1.82628 2.38006 13
      vertex -2.43505 3.17341 14
      vertex -1.66671 2.49441 13
    endloop
  endfacet
  facet normal -0.373496 0.600642 -0.706916
    outer loop
      vertex -1.5 2.59808 13
      vertex -2.22228 3.32588 14
      vertex -2 3.4641 14
    endloop
  endfacet
  facet normal 0.600632 0.373508 -0.706918
    outer loop
      vertex 2.59808 1.5 13
      vertex 2.49441 1.66671 13
      vertex 3.32588 2.22228 14
    endloop
  endfacet
  facet normal 0.546745 0.448708 -0.706916
    outer loop
      vertex 3.17341 2.43505 14
      vertex 2.25552 1.97804 13
      vertex 3.00736 2.63738 14
    endloop
  endfacet
  facet normal 0.574916 0.411993 -0.706918
    outer loop
      vertex 2.49441 1.66671 13
      vertex 2.38006 1.82628 13
      vertex 3.17341 2.43505 14
    endloop
  endfacet
  facet normal 0.697852 0.115184 -0.70692
    outer loop
      vertex 2.97433 0.391578 13
      vertex 2.94236 0.585271 13
      vertex 3.96578 0.522104 14
    endloop
  endfacet
  facet normal 0.703885 0.0693549 -0.70692
    outer loop
      vertex 2.99358 0.196209 13
      vertex 2.97433 0.391578 13
      vertex 3.96578 0.522104 14
    endloop
  endfacet
  facet normal 0.995183 0.0980314 0
    outer loop
      vertex 3.99144 0.261612 152
      vertex 3.96578 0.522104 14
      vertex 3.96578 0.522104 152
    endloop
  endfacet
  facet normal 0.995183 0.0980314 0
    outer loop
      vertex 3.96578 0.522104 14
      vertex 3.99144 0.261612 152
      vertex 3.99144 0.261612 14
    endloop
  endfacet
  facet normal 0.999465 0.0327027 0
    outer loop
      vertex 4 0 152
      vertex 3.99144 0.261612 14
      vertex 3.99144 0.261612 152
    endloop
  endfacet
  facet normal 0.999465 0.0327027 0
    outer loop
      vertex 3.99144 0.261612 14
      vertex 4 0 152
      vertex 4 0 14
    endloop
  endfacet
  facet normal -0.956943 -0.290277 0
    outer loop
      vertex -3.78772 -1.28576 14
      vertex -3.8637 -1.03528 152
      vertex -3.8637 -1.03528 14
    endloop
  endfacet
  facet normal -0.956943 -0.290277 0
    outer loop
      vertex -3.8637 -1.03528 152
      vertex -3.78772 -1.28576 14
      vertex -3.78772 -1.28576 152
    endloop
  endfacet
  facet normal 0.352249 -0.935906 0
    outer loop
      vertex 1.28576 -3.78772 14
      vertex 1.53073 -3.69552 152
      vertex 1.28576 -3.78772 152
    endloop
  endfacet
  facet normal 0.352249 -0.935906 0
    outer loop
      vertex 1.53073 -3.69552 152
      vertex 1.28576 -3.78772 14
      vertex 1.53073 -3.69552 14
    endloop
  endfacet
  facet normal -0.999465 0.0327027 0
    outer loop
      vertex -4 0 14
      vertex -3.99144 0.261612 152
      vertex -3.99144 0.261612 14
    endloop
  endfacet
  facet normal -0.999465 0.0327027 0
    outer loop
      vertex -3.99144 0.261612 152
      vertex -4 0 14
      vertex -4 0 152
    endloop
  endfacet
  facet normal 0.227081 0.973876 -0
    outer loop
      vertex 1.03528 3.8637 14
      vertex 0.780361 3.92314 152
      vertex 1.03528 3.8637 152
    endloop
  endfacet
  facet normal 0.227081 0.973876 0
    outer loop
      vertex 0.780361 3.92314 152
      vertex 1.03528 3.8637 14
      vertex 0.780361 3.92314 14
    endloop
  endfacet
  facet normal -0.634398 0.773007 0
    outer loop
      vertex -2.43505 3.17341 14
      vertex -2.63738 3.00736 152
      vertex -2.43505 3.17341 152
    endloop
  endfacet
  facet normal -0.634398 0.773007 0
    outer loop
      vertex -2.63738 3.00736 152
      vertex -2.43505 3.17341 14
      vertex -2.63738 3.00736 14
    endloop
  endfacet
  facet normal 0.290277 -0.956943 0
    outer loop
      vertex 1.03528 -3.8637 14
      vertex 1.28576 -3.78772 152
      vertex 1.03528 -3.8637 152
    endloop
  endfacet
  facet normal 0.290277 -0.956943 0
    outer loop
      vertex 1.28576 -3.78772 152
      vertex 1.03528 -3.8637 14
      vertex 1.28576 -3.78772 14
    endloop
  endfacet
  facet normal -0.227081 0.973876 0
    outer loop
      vertex -0.780361 3.92314 14
      vertex -1.03528 3.8637 152
      vertex -0.780361 3.92314 152
    endloop
  endfacet
  facet normal -0.227081 0.973876 0
    outer loop
      vertex -1.03528 3.8637 152
      vertex -0.780361 3.92314 14
      vertex -1.03528 3.8637 14
    endloop
  endfacet
  facet normal 0.162901 -0.986642 0
    outer loop
      vertex 0.522104 -3.96578 14
      vertex 0.780361 -3.92314 152
      vertex 0.522104 -3.96578 152
    endloop
  endfacet
  facet normal 0.162901 -0.986642 0
    outer loop
      vertex 0.780361 -3.92314 152
      vertex 0.522104 -3.96578 14
      vertex 0.780361 -3.92314 14
    endloop
  endfacet
  facet normal -0.986642 0.162901 0
    outer loop
      vertex -3.96578 0.522104 14
      vertex -3.92314 0.780361 152
      vertex -3.92314 0.780361 14
    endloop
  endfacet
  facet normal -0.986642 0.162901 0
    outer loop
      vertex -3.92314 0.780361 152
      vertex -3.96578 0.522104 14
      vertex -3.96578 0.522104 152
    endloop
  endfacet
  facet normal -0.773007 -0.634398 0
    outer loop
      vertex -3.00736 -2.63738 14
      vertex -3.17341 -2.43505 152
      vertex -3.17341 -2.43505 14
    endloop
  endfacet
  facet normal -0.773007 -0.634398 0
    outer loop
      vertex -3.17341 -2.43505 152
      vertex -3.00736 -2.63738 14
      vertex -3.00736 -2.63738 152
    endloop
  endfacet
  facet normal 0.973876 0.227081 0
    outer loop
      vertex 3.92314 0.780361 152
      vertex 3.8637 1.03528 14
      vertex 3.8637 1.03528 152
    endloop
  endfacet
  facet normal 0.973876 0.227081 0
    outer loop
      vertex 3.8637 1.03528 14
      vertex 3.92314 0.780361 152
      vertex 3.92314 0.780361 14
    endloop
  endfacet
  facet normal 0.0327027 0.999465 -0
    outer loop
      vertex 0.261612 3.99144 14
      vertex 0 4 152
      vertex 0.261612 3.99144 152
    endloop
  endfacet
  facet normal 0.0327027 0.999465 0
    outer loop
      vertex 0 4 152
      vertex 0.261612 3.99144 14
      vertex 0 4 14
    endloop
  endfacet
  facet normal 0.773007 -0.634398 0
    outer loop
      vertex 3.00736 -2.63738 152
      vertex 3.17341 -2.43505 14
      vertex 3.17341 -2.43505 152
    endloop
  endfacet
  facet normal 0.773007 -0.634398 0
    outer loop
      vertex 3.17341 -2.43505 14
      vertex 3.00736 -2.63738 152
      vertex 3.00736 -2.63738 14
    endloop
  endfacet
  facet normal 0.956943 -0.290277 0
    outer loop
      vertex 3.78772 -1.28576 152
      vertex 3.8637 -1.03528 14
      vertex 3.8637 -1.03528 152
    endloop
  endfacet
  facet normal 0.956943 -0.290277 0
    outer loop
      vertex 3.8637 -1.03528 14
      vertex 3.78772 -1.28576 152
      vertex 3.78772 -1.28576 14
    endloop
  endfacet
  facet normal 0.412718 0.910859 -0
    outer loop
      vertex 1.76915 3.58749 14
      vertex 1.53073 3.69552 152
      vertex 1.76915 3.58749 152
    endloop
  endfacet
  facet normal 0.412718 0.910859 0
    outer loop
      vertex 1.53073 3.69552 152
      vertex 1.76915 3.58749 14
      vertex 1.53073 3.69552 14
    endloop
  endfacet
  facet normal -0.973876 -0.227081 0
    outer loop
      vertex -3.8637 -1.03528 14
      vertex -3.92314 -0.780361 152
      vertex -3.92314 -0.780361 14
    endloop
  endfacet
  facet normal -0.973876 -0.227081 0
    outer loop
      vertex -3.92314 -0.780361 152
      vertex -3.8637 -1.03528 14
      vertex -3.8637 -1.03528 152
    endloop
  endfacet
  facet normal -0.910859 0.412718 0
    outer loop
      vertex -3.69552 1.53073 14
      vertex -3.58749 1.76915 152
      vertex -3.58749 1.76915 14
    endloop
  endfacet
  facet normal -0.910859 0.412718 0
    outer loop
      vertex -3.58749 1.76915 152
      vertex -3.69552 1.53073 14
      vertex -3.69552 1.53073 152
    endloop
  endfacet
  facet normal -0.290277 -0.956943 0
    outer loop
      vertex -1.28576 -3.78772 14
      vertex -1.03528 -3.8637 152
      vertex -1.28576 -3.78772 152
    endloop
  endfacet
  facet normal -0.290277 -0.956943 -0
    outer loop
      vertex -1.03528 -3.8637 152
      vertex -1.28576 -3.78772 14
      vertex -1.03528 -3.8637 14
    endloop
  endfacet
  facet normal 0.290277 0.956943 -0
    outer loop
      vertex 1.28576 3.78772 14
      vertex 1.03528 3.8637 152
      vertex 1.28576 3.78772 152
    endloop
  endfacet
  facet normal 0.290277 0.956943 0
    outer loop
      vertex 1.03528 3.8637 152
      vertex 1.28576 3.78772 14
      vertex 1.03528 3.8637 14
    endloop
  endfacet
  facet normal -0.986642 -0.162901 0
    outer loop
      vertex -3.92314 -0.780361 14
      vertex -3.96578 -0.522104 152
      vertex -3.96578 -0.522104 14
    endloop
  endfacet
  facet normal -0.986642 -0.162901 0
    outer loop
      vertex -3.96578 -0.522104 152
      vertex -3.92314 -0.780361 14
      vertex -3.92314 -0.780361 152
    endloop
  endfacet
  facet normal -0.729879 0.683576 0
    outer loop
      vertex -3.00736 2.63738 14
      vertex -2.82843 2.82843 152
      vertex -2.82843 2.82843 14
    endloop
  endfacet
  facet normal -0.729879 0.683576 0
    outer loop
      vertex -2.82843 2.82843 152
      vertex -3.00736 2.63738 14
      vertex -3.00736 2.63738 152
    endloop
  endfacet
  facet normal 0.634398 0.773007 -0
    outer loop
      vertex 2.63738 3.00736 14
      vertex 2.43505 3.17341 152
      vertex 2.63738 3.00736 152
    endloop
  endfacet
  facet normal 0.634398 0.773007 0
    outer loop
      vertex 2.43505 3.17341 152
      vertex 2.63738 3.00736 14
      vertex 2.43505 3.17341 14
    endloop
  endfacet
  facet normal 0.582481 0.812845 -0
    outer loop
      vertex 2.43505 3.17341 14
      vertex 2.22228 3.32588 152
      vertex 2.43505 3.17341 152
    endloop
  endfacet
  facet normal 0.582481 0.812845 0
    outer loop
      vertex 2.22228 3.32588 152
      vertex 2.43505 3.17341 14
      vertex 2.22228 3.32588 14
    endloop
  endfacet
  facet normal -0.910859 -0.412718 0
    outer loop
      vertex -3.58749 -1.76915 14
      vertex -3.69552 -1.53073 152
      vertex -3.69552 -1.53073 14
    endloop
  endfacet
  facet normal -0.910859 -0.412718 0
    outer loop
      vertex -3.69552 -1.53073 152
      vertex -3.58749 -1.76915 14
      vertex -3.58749 -1.76915 152
    endloop
  endfacet
  facet normal -0.352249 -0.935906 0
    outer loop
      vertex -1.53073 -3.69552 14
      vertex -1.28576 -3.78772 152
      vertex -1.53073 -3.69552 152
    endloop
  endfacet
  facet normal -0.352249 -0.935906 -0
    outer loop
      vertex -1.28576 -3.78772 152
      vertex -1.53073 -3.69552 14
      vertex -1.28576 -3.78772 14
    endloop
  endfacet
  facet normal -0.973876 0.227081 0
    outer loop
      vertex -3.92314 0.780361 14
      vertex -3.8637 1.03528 152
      vertex -3.8637 1.03528 14
    endloop
  endfacet
  facet normal -0.973876 0.227081 0
    outer loop
      vertex -3.8637 1.03528 152
      vertex -3.92314 0.780361 14
      vertex -3.92314 0.780361 152
    endloop
  endfacet
  facet normal -0.849207 -0.528061 0
    outer loop
      vertex -3.32588 -2.22228 14
      vertex -3.4641 -2 152
      vertex -3.4641 -2 14
    endloop
  endfacet
  facet normal -0.849207 -0.528061 0
    outer loop
      vertex -3.4641 -2 152
      vertex -3.32588 -2.22228 14
      vertex -3.32588 -2.22228 152
    endloop
  endfacet
  facet normal 0.995183 -0.0980314 0
    outer loop
      vertex 3.96578 -0.522104 152
      vertex 3.99144 -0.261612 14
      vertex 3.99144 -0.261612 152
    endloop
  endfacet
  facet normal 0.995183 -0.0980314 0
    outer loop
      vertex 3.99144 -0.261612 14
      vertex 3.96578 -0.522104 152
      vertex 3.96578 -0.522104 14
    endloop
  endfacet
  facet normal 0.999465 -0.0327027 0
    outer loop
      vertex 3.99144 -0.261612 152
      vertex 4 0 14
      vertex 4 0 152
    endloop
  endfacet
  facet normal 0.999465 -0.0327027 0
    outer loop
      vertex 4 0 14
      vertex 3.99144 -0.261612 152
      vertex 3.99144 -0.261612 14
    endloop
  endfacet
  facet normal 0.0980314 0.995183 -0
    outer loop
      vertex 0.522104 3.96578 14
      vertex 0.261612 3.99144 152
      vertex 0.522104 3.96578 152
    endloop
  endfacet
  facet normal 0.0980314 0.995183 0
    outer loop
      vertex 0.261612 3.99144 152
      vertex 0.522104 3.96578 14
      vertex 0.261612 3.99144 14
    endloop
  endfacet
  facet normal -0.935906 0.352249 0
    outer loop
      vertex -3.78772 1.28576 14
      vertex -3.69552 1.53073 152
      vertex -3.69552 1.53073 14
    endloop
  endfacet
  facet normal -0.935906 0.352249 0
    outer loop
      vertex -3.69552 1.53073 152
      vertex -3.78772 1.28576 14
      vertex -3.78772 1.28576 152
    endloop
  endfacet
  facet normal 0.162901 0.986642 -0
    outer loop
      vertex 0.780361 3.92314 14
      vertex 0.522104 3.96578 152
      vertex 0.780361 3.92314 152
    endloop
  endfacet
  facet normal 0.162901 0.986642 0
    outer loop
      vertex 0.522104 3.96578 152
      vertex 0.780361 3.92314 14
      vertex 0.522104 3.96578 14
    endloop
  endfacet
  facet normal -0.773007 0.634398 0
    outer loop
      vertex -3.17341 2.43505 14
      vertex -3.00736 2.63738 152
      vertex -3.00736 2.63738 14
    endloop
  endfacet
  facet normal -0.773007 0.634398 0
    outer loop
      vertex -3.00736 2.63738 152
      vertex -3.17341 2.43505 14
      vertex -3.17341 2.43505 152
    endloop
  endfacet
  facet normal -0.935906 -0.352249 0
    outer loop
      vertex -3.69552 -1.53073 14
      vertex -3.78772 -1.28576 152
      vertex -3.78772 -1.28576 14
    endloop
  endfacet
  facet normal -0.935906 -0.352249 0
    outer loop
      vertex -3.78772 -1.28576 152
      vertex -3.69552 -1.53073 14
      vertex -3.69552 -1.53073 152
    endloop
  endfacet
  facet normal 0.683576 0.729879 -0
    outer loop
      vertex 2.82843 2.82843 14
      vertex 2.63738 3.00736 152
      vertex 2.82843 2.82843 152
    endloop
  endfacet
  facet normal 0.683576 0.729879 0
    outer loop
      vertex 2.63738 3.00736 152
      vertex 2.82843 2.82843 14
      vertex 2.63738 3.00736 14
    endloop
  endfacet
  facet normal 0.471391 -0.881924 0
    outer loop
      vertex 1.76915 -3.58749 14
      vertex 2 -3.4641 152
      vertex 1.76915 -3.58749 152
    endloop
  endfacet
  facet normal 0.471391 -0.881924 0
    outer loop
      vertex 2 -3.4641 152
      vertex 1.76915 -3.58749 14
      vertex 2 -3.4641 14
    endloop
  endfacet
  facet normal 0.528061 0.849207 -0
    outer loop
      vertex 2.22228 3.32588 14
      vertex 2 3.4641 152
      vertex 2.22228 3.32588 152
    endloop
  endfacet
  facet normal 0.528061 0.849207 0
    outer loop
      vertex 2 3.4641 152
      vertex 2.22228 3.32588 14
      vertex 2 3.4641 14
    endloop
  endfacet
  facet normal 0.849207 0.528061 0
    outer loop
      vertex 3.4641 2 152
      vertex 3.32588 2.22228 14
      vertex 3.32588 2.22228 152
    endloop
  endfacet
  facet normal 0.849207 0.528061 0
    outer loop
      vertex 3.32588 2.22228 14
      vertex 3.4641 2 152
      vertex 3.4641 2 14
    endloop
  endfacet
  facet normal 0.634398 -0.773007 0
    outer loop
      vertex 2.43505 -3.17341 14
      vertex 2.63738 -3.00736 152
      vertex 2.43505 -3.17341 152
    endloop
  endfacet
  facet normal 0.634398 -0.773007 0
    outer loop
      vertex 2.63738 -3.00736 152
      vertex 2.43505 -3.17341 14
      vertex 2.63738 -3.00736 14
    endloop
  endfacet
  facet normal 0.0980314 -0.995183 0
    outer loop
      vertex 0.261612 -3.99144 14
      vertex 0.522104 -3.96578 152
      vertex 0.261612 -3.99144 152
    endloop
  endfacet
  facet normal 0.0980314 -0.995183 0
    outer loop
      vertex 0.522104 -3.96578 152
      vertex 0.261612 -3.99144 14
      vertex 0.522104 -3.96578 14
    endloop
  endfacet
  facet normal -0.290277 0.956943 0
    outer loop
      vertex -1.03528 3.8637 14
      vertex -1.28576 3.78772 152
      vertex -1.03528 3.8637 152
    endloop
  endfacet
  facet normal -0.290277 0.956943 0
    outer loop
      vertex -1.28576 3.78772 152
      vertex -1.03528 3.8637 14
      vertex -1.28576 3.78772 14
    endloop
  endfacet
  facet normal -0.0980314 -0.995183 0
    outer loop
      vertex -0.522104 -3.96578 14
      vertex -0.261612 -3.99144 152
      vertex -0.522104 -3.96578 152
    endloop
  endfacet
  facet normal -0.0980314 -0.995183 -0
    outer loop
      vertex -0.261612 -3.99144 152
      vertex -0.522104 -3.96578 14
      vertex -0.261612 -3.99144 14
    endloop
  endfacet
  facet normal -0.582481 0.812845 0
    outer loop
      vertex -2.22228 3.32588 14
      vertex -2.43505 3.17341 152
      vertex -2.22228 3.32588 152
    endloop
  endfacet
  facet normal -0.582481 0.812845 0
    outer loop
      vertex -2.43505 3.17341 152
      vertex -2.22228 3.32588 14
      vertex -2.43505 3.17341 14
    endloop
  endfacet
  facet normal 0.910859 0.412718 0
    outer loop
      vertex 3.69552 1.53073 152
      vertex 3.58749 1.76915 14
      vertex 3.58749 1.76915 152
    endloop
  endfacet
  facet normal 0.910859 0.412718 0
    outer loop
      vertex 3.58749 1.76915 14
      vertex 3.69552 1.53073 152
      vertex 3.69552 1.53073 14
    endloop
  endfacet
  facet normal 0.0327027 -0.999465 0
    outer loop
      vertex 0 -4 14
      vertex 0.261612 -3.99144 152
      vertex 0 -4 152
    endloop
  endfacet
  facet normal 0.0327027 -0.999465 0
    outer loop
      vertex 0.261612 -3.99144 152
      vertex 0 -4 14
      vertex 0.261612 -3.99144 14
    endloop
  endfacet
  facet normal 0.986642 -0.162901 0
    outer loop
      vertex 3.92314 -0.780361 152
      vertex 3.96578 -0.522104 14
      vertex 3.96578 -0.522104 152
    endloop
  endfacet
  facet normal 0.986642 -0.162901 0
    outer loop
      vertex 3.96578 -0.522104 14
      vertex 3.92314 -0.780361 152
      vertex 3.92314 -0.780361 14
    endloop
  endfacet
  facet normal 0.956943 0.290277 0
    outer loop
      vertex 3.8637 1.03528 152
      vertex 3.78772 1.28576 14
      vertex 3.78772 1.28576 152
    endloop
  endfacet
  facet normal 0.956943 0.290277 0
    outer loop
      vertex 3.78772 1.28576 14
      vertex 3.8637 1.03528 152
      vertex 3.8637 1.03528 14
    endloop
  endfacet
  facet normal -0.999465 -0.0327027 0
    outer loop
      vertex -3.99144 -0.261612 14
      vertex -4 0 152
      vertex -4 0 14
    endloop
  endfacet
  facet normal -0.999465 -0.0327027 0
    outer loop
      vertex -4 0 152
      vertex -3.99144 -0.261612 14
      vertex -3.99144 -0.261612 152
    endloop
  endfacet
  facet normal 0.881924 0.471391 0
    outer loop
      vertex 3.58749 1.76915 152
      vertex 3.4641 2 14
      vertex 3.4641 2 152
    endloop
  endfacet
  facet normal 0.881924 0.471391 0
    outer loop
      vertex 3.4641 2 14
      vertex 3.58749 1.76915 152
      vertex 3.58749 1.76915 14
    endloop
  endfacet
  facet normal 0.729879 -0.683576 0
    outer loop
      vertex 2.82843 -2.82843 152
      vertex 3.00736 -2.63738 14
      vertex 3.00736 -2.63738 152
    endloop
  endfacet
  facet normal 0.729879 -0.683576 0
    outer loop
      vertex 3.00736 -2.63738 14
      vertex 2.82843 -2.82843 152
      vertex 2.82843 -2.82843 14
    endloop
  endfacet
  facet normal 0.227081 -0.973876 0
    outer loop
      vertex 0.780361 -3.92314 14
      vertex 1.03528 -3.8637 152
      vertex 0.780361 -3.92314 152
    endloop
  endfacet
  facet normal 0.227081 -0.973876 0
    outer loop
      vertex 1.03528 -3.8637 152
      vertex 0.780361 -3.92314 14
      vertex 1.03528 -3.8637 14
    endloop
  endfacet
  facet normal 0.910859 -0.412718 0
    outer loop
      vertex 3.58749 -1.76915 152
      vertex 3.69552 -1.53073 14
      vertex 3.69552 -1.53073 152
    endloop
  endfacet
  facet normal 0.910859 -0.412718 0
    outer loop
      vertex 3.69552 -1.53073 14
      vertex 3.58749 -1.76915 152
      vertex 3.58749 -1.76915 14
    endloop
  endfacet
  facet normal -0.582481 -0.812845 0
    outer loop
      vertex -2.43505 -3.17341 14
      vertex -2.22228 -3.32588 152
      vertex -2.43505 -3.17341 152
    endloop
  endfacet
  facet normal -0.582481 -0.812845 -0
    outer loop
      vertex -2.22228 -3.32588 152
      vertex -2.43505 -3.17341 14
      vertex -2.22228 -3.32588 14
    endloop
  endfacet
  facet normal -0.812845 -0.582481 0
    outer loop
      vertex -3.17341 -2.43505 14
      vertex -3.32588 -2.22228 152
      vertex -3.32588 -2.22228 14
    endloop
  endfacet
  facet normal -0.812845 -0.582481 0
    outer loop
      vertex -3.32588 -2.22228 152
      vertex -3.17341 -2.43505 14
      vertex -3.17341 -2.43505 152
    endloop
  endfacet
  facet normal 0.582481 -0.812845 0
    outer loop
      vertex 2.22228 -3.32588 14
      vertex 2.43505 -3.17341 152
      vertex 2.22228 -3.32588 152
    endloop
  endfacet
  facet normal 0.582481 -0.812845 0
    outer loop
      vertex 2.43505 -3.17341 152
      vertex 2.22228 -3.32588 14
      vertex 2.43505 -3.17341 14
    endloop
  endfacet
  facet normal 0.729879 0.683576 0
    outer loop
      vertex 3.00736 2.63738 152
      vertex 2.82843 2.82843 14
      vertex 2.82843 2.82843 152
    endloop
  endfacet
  facet normal 0.729879 0.683576 0
    outer loop
      vertex 2.82843 2.82843 14
      vertex 3.00736 2.63738 152
      vertex 3.00736 2.63738 14
    endloop
  endfacet
  facet normal -0.412718 0.910859 0
    outer loop
      vertex -1.53073 3.69552 14
      vertex -1.76915 3.58749 152
      vertex -1.53073 3.69552 152
    endloop
  endfacet
  facet normal -0.412718 0.910859 0
    outer loop
      vertex -1.76915 3.58749 152
      vertex -1.53073 3.69552 14
      vertex -1.76915 3.58749 14
    endloop
  endfacet
  facet normal 0.471391 0.881924 -0
    outer loop
      vertex 2 3.4641 14
      vertex 1.76915 3.58749 152
      vertex 2 3.4641 152
    endloop
  endfacet
  facet normal 0.471391 0.881924 0
    outer loop
      vertex 1.76915 3.58749 152
      vertex 2 3.4641 14
      vertex 1.76915 3.58749 14
    endloop
  endfacet
  facet normal -0.956943 0.290277 0
    outer loop
      vertex -3.8637 1.03528 14
      vertex -3.78772 1.28576 152
      vertex -3.78772 1.28576 14
    endloop
  endfacet
  facet normal -0.956943 0.290277 0
    outer loop
      vertex -3.78772 1.28576 152
      vertex -3.8637 1.03528 14
      vertex -3.8637 1.03528 152
    endloop
  endfacet
  facet normal -0.162901 0.986642 0
    outer loop
      vertex -0.522104 3.96578 14
      vertex -0.780361 3.92314 152
      vertex -0.522104 3.96578 152
    endloop
  endfacet
  facet normal -0.162901 0.986642 0
    outer loop
      vertex -0.780361 3.92314 152
      vertex -0.522104 3.96578 14
      vertex -0.780361 3.92314 14
    endloop
  endfacet
  facet normal -0.683576 0.729879 0
    outer loop
      vertex -2.63738 3.00736 14
      vertex -2.82843 2.82843 152
      vertex -2.63738 3.00736 152
    endloop
  endfacet
  facet normal -0.683576 0.729879 0
    outer loop
      vertex -2.82843 2.82843 152
      vertex -2.63738 3.00736 14
      vertex -2.82843 2.82843 14
    endloop
  endfacet
  facet normal -0.812845 0.582481 0
    outer loop
      vertex -3.32588 2.22228 14
      vertex -3.17341 2.43505 152
      vertex -3.17341 2.43505 14
    endloop
  endfacet
  facet normal -0.812845 0.582481 0
    outer loop
      vertex -3.17341 2.43505 152
      vertex -3.32588 2.22228 14
      vertex -3.32588 2.22228 152
    endloop
  endfacet
  facet normal 0.528061 -0.849207 0
    outer loop
      vertex 2 -3.4641 14
      vertex 2.22228 -3.32588 152
      vertex 2 -3.4641 152
    endloop
  endfacet
  facet normal 0.528061 -0.849207 0
    outer loop
      vertex 2.22228 -3.32588 152
      vertex 2 -3.4641 14
      vertex 2.22228 -3.32588 14
    endloop
  endfacet
  facet normal 0.881924 -0.471391 0
    outer loop
      vertex 3.4641 -2 152
      vertex 3.58749 -1.76915 14
      vertex 3.58749 -1.76915 152
    endloop
  endfacet
  facet normal 0.881924 -0.471391 0
    outer loop
      vertex 3.58749 -1.76915 14
      vertex 3.4641 -2 152
      vertex 3.4641 -2 14
    endloop
  endfacet
  facet normal -0.849207 0.528061 0
    outer loop
      vertex -3.4641 2 14
      vertex -3.32588 2.22228 152
      vertex -3.32588 2.22228 14
    endloop
  endfacet
  facet normal -0.849207 0.528061 0
    outer loop
      vertex -3.32588 2.22228 152
      vertex -3.4641 2 14
      vertex -3.4641 2 152
    endloop
  endfacet
  facet normal -0.995183 0.0980314 0
    outer loop
      vertex -3.99144 0.261612 14
      vertex -3.96578 0.522104 152
      vertex -3.96578 0.522104 14
    endloop
  endfacet
  facet normal -0.995183 0.0980314 0
    outer loop
      vertex -3.96578 0.522104 152
      vertex -3.99144 0.261612 14
      vertex -3.99144 0.261612 152
    endloop
  endfacet
  facet normal 0.935906 -0.352249 0
    outer loop
      vertex 3.69552 -1.53073 152
      vertex 3.78772 -1.28576 14
      vertex 3.78772 -1.28576 152
    endloop
  endfacet
  facet normal 0.935906 -0.352249 0
    outer loop
      vertex 3.78772 -1.28576 14
      vertex 3.69552 -1.53073 152
      vertex 3.69552 -1.53073 14
    endloop
  endfacet
  facet normal 0.352249 0.935906 -0
    outer loop
      vertex 1.53073 3.69552 14
      vertex 1.28576 3.78772 152
      vertex 1.53073 3.69552 152
    endloop
  endfacet
  facet normal 0.352249 0.935906 0
    outer loop
      vertex 1.28576 3.78772 152
      vertex 1.53073 3.69552 14
      vertex 1.28576 3.78772 14
    endloop
  endfacet
  facet normal -0.683576 -0.729879 0
    outer loop
      vertex -2.82843 -2.82843 14
      vertex -2.63738 -3.00736 152
      vertex -2.82843 -2.82843 152
    endloop
  endfacet
  facet normal -0.683576 -0.729879 -0
    outer loop
      vertex -2.63738 -3.00736 152
      vertex -2.82843 -2.82843 14
      vertex -2.63738 -3.00736 14
    endloop
  endfacet
  facet normal -0.528061 0.849207 0
    outer loop
      vertex -2 3.4641 14
      vertex -2.22228 3.32588 152
      vertex -2 3.4641 152
    endloop
  endfacet
  facet normal -0.528061 0.849207 0
    outer loop
      vertex -2.22228 3.32588 152
      vertex -2 3.4641 14
      vertex -2.22228 3.32588 14
    endloop
  endfacet
  facet normal -0.352249 0.935906 0
    outer loop
      vertex -1.28576 3.78772 14
      vertex -1.53073 3.69552 152
      vertex -1.28576 3.78772 152
    endloop
  endfacet
  facet normal -0.352249 0.935906 0
    outer loop
      vertex -1.53073 3.69552 152
      vertex -1.28576 3.78772 14
      vertex -1.53073 3.69552 14
    endloop
  endfacet
  facet normal 0.812845 0.582481 0
    outer loop
      vertex 3.32588 2.22228 152
      vertex 3.17341 2.43505 14
      vertex 3.17341 2.43505 152
    endloop
  endfacet
  facet normal 0.812845 0.582481 0
    outer loop
      vertex 3.17341 2.43505 14
      vertex 3.32588 2.22228 152
      vertex 3.32588 2.22228 14
    endloop
  endfacet
  facet normal 0.935906 0.352249 0
    outer loop
      vertex 3.78772 1.28576 152
      vertex 3.69552 1.53073 14
      vertex 3.69552 1.53073 152
    endloop
  endfacet
  facet normal 0.935906 0.352249 0
    outer loop
      vertex 3.69552 1.53073 14
      vertex 3.78772 1.28576 152
      vertex 3.78772 1.28576 14
    endloop
  endfacet
  facet normal 0.986642 0.162901 0
    outer loop
      vertex 3.96578 0.522104 152
      vertex 3.92314 0.780361 14
      vertex 3.92314 0.780361 152
    endloop
  endfacet
  facet normal 0.986642 0.162901 0
    outer loop
      vertex 3.92314 0.780361 14
      vertex 3.96578 0.522104 152
      vertex 3.96578 0.522104 14
    endloop
  endfacet
  facet normal -0.0980314 0.995183 0
    outer loop
      vertex -0.261612 3.99144 14
      vertex -0.522104 3.96578 152
      vertex -0.261612 3.99144 152
    endloop
  endfacet
  facet normal -0.0980314 0.995183 0
    outer loop
      vertex -0.522104 3.96578 152
      vertex -0.261612 3.99144 14
      vertex -0.522104 3.96578 14
    endloop
  endfacet
  facet normal -0.412718 -0.910859 0
    outer loop
      vertex -1.76915 -3.58749 14
      vertex -1.53073 -3.69552 152
      vertex -1.76915 -3.58749 152
    endloop
  endfacet
  facet normal -0.412718 -0.910859 -0
    outer loop
      vertex -1.53073 -3.69552 152
      vertex -1.76915 -3.58749 14
      vertex -1.53073 -3.69552 14
    endloop
  endfacet
  facet normal 0.683576 -0.729879 0
    outer loop
      vertex 2.63738 -3.00736 14
      vertex 2.82843 -2.82843 152
      vertex 2.63738 -3.00736 152
    endloop
  endfacet
  facet normal 0.683576 -0.729879 0
    outer loop
      vertex 2.82843 -2.82843 152
      vertex 2.63738 -3.00736 14
      vertex 2.82843 -2.82843 14
    endloop
  endfacet
  facet normal -0.0327027 0.999465 0
    outer loop
      vertex 0 4 14
      vertex -0.261612 3.99144 152
      vertex 0 4 152
    endloop
  endfacet
  facet normal -0.0327027 0.999465 0
    outer loop
      vertex -0.261612 3.99144 152
      vertex 0 4 14
      vertex -0.261612 3.99144 14
    endloop
  endfacet
  facet normal -0.528061 -0.849207 0
    outer loop
      vertex -2.22228 -3.32588 14
      vertex -2 -3.4641 152
      vertex -2.22228 -3.32588 152
    endloop
  endfacet
  facet normal -0.528061 -0.849207 -0
    outer loop
      vertex -2 -3.4641 152
      vertex -2.22228 -3.32588 14
      vertex -2 -3.4641 14
    endloop
  endfacet
  facet normal -0.0327027 -0.999465 0
    outer loop
      vertex -0.261612 -3.99144 14
      vertex 0 -4 152
      vertex -0.261612 -3.99144 152
    endloop
  endfacet
  facet normal -0.0327027 -0.999465 -0
    outer loop
      vertex 0 -4 152
      vertex -0.261612 -3.99144 14
      vertex 0 -4 14
    endloop
  endfacet
  facet normal 0.412718 -0.910859 0
    outer loop
      vertex 1.53073 -3.69552 14
      vertex 1.76915 -3.58749 152
      vertex 1.53073 -3.69552 152
    endloop
  endfacet
  facet normal 0.412718 -0.910859 0
    outer loop
      vertex 1.76915 -3.58749 152
      vertex 1.53073 -3.69552 14
      vertex 1.76915 -3.58749 14
    endloop
  endfacet
  facet normal -0.995183 -0.0980314 0
    outer loop
      vertex -3.96578 -0.522104 14
      vertex -3.99144 -0.261612 152
      vertex -3.99144 -0.261612 14
    endloop
  endfacet
  facet normal -0.995183 -0.0980314 0
    outer loop
      vertex -3.99144 -0.261612 152
      vertex -3.96578 -0.522104 14
      vertex -3.96578 -0.522104 152
    endloop
  endfacet
  facet normal -0.227081 -0.973876 0
    outer loop
      vertex -1.03528 -3.8637 14
      vertex -0.780361 -3.92314 152
      vertex -1.03528 -3.8637 152
    endloop
  endfacet
  facet normal -0.227081 -0.973876 -0
    outer loop
      vertex -0.780361 -3.92314 152
      vertex -1.03528 -3.8637 14
      vertex -0.780361 -3.92314 14
    endloop
  endfacet
  facet normal -0.729879 -0.683576 0
    outer loop
      vertex -2.82843 -2.82843 14
      vertex -3.00736 -2.63738 152
      vertex -3.00736 -2.63738 14
    endloop
  endfacet
  facet normal -0.729879 -0.683576 0
    outer loop
      vertex -3.00736 -2.63738 152
      vertex -2.82843 -2.82843 14
      vertex -2.82843 -2.82843 152
    endloop
  endfacet
  facet normal -0.471391 0.881924 0
    outer loop
      vertex -1.76915 3.58749 14
      vertex -2 3.4641 152
      vertex -1.76915 3.58749 152
    endloop
  endfacet
  facet normal -0.471391 0.881924 0
    outer loop
      vertex -2 3.4641 152
      vertex -1.76915 3.58749 14
      vertex -2 3.4641 14
    endloop
  endfacet
  facet normal 0.973876 -0.227081 0
    outer loop
      vertex 3.8637 -1.03528 152
      vertex 3.92314 -0.780361 14
      vertex 3.92314 -0.780361 152
    endloop
  endfacet
  facet normal 0.973876 -0.227081 0
    outer loop
      vertex 3.92314 -0.780361 14
      vertex 3.8637 -1.03528 152
      vertex 3.8637 -1.03528 14
    endloop
  endfacet
  facet normal -0.162901 -0.986642 0
    outer loop
      vertex -0.780361 -3.92314 14
      vertex -0.522104 -3.96578 152
      vertex -0.780361 -3.92314 152
    endloop
  endfacet
  facet normal -0.162901 -0.986642 -0
    outer loop
      vertex -0.522104 -3.96578 152
      vertex -0.780361 -3.92314 14
      vertex -0.522104 -3.96578 14
    endloop
  endfacet
  facet normal 0.849207 -0.528061 0
    outer loop
      vertex 3.32588 -2.22228 152
      vertex 3.4641 -2 14
      vertex 3.4641 -2 152
    endloop
  endfacet
  facet normal 0.849207 -0.528061 0
    outer loop
      vertex 3.4641 -2 14
      vertex 3.32588 -2.22228 152
      vertex 3.32588 -2.22228 14
    endloop
  endfacet
  facet normal 0.812845 -0.582481 0
    outer loop
      vertex 3.17341 -2.43505 152
      vertex 3.32588 -2.22228 14
      vertex 3.32588 -2.22228 152
    endloop
  endfacet
  facet normal 0.812845 -0.582481 0
    outer loop
      vertex 3.32588 -2.22228 14
      vertex 3.17341 -2.43505 152
      vertex 3.17341 -2.43505 14
    endloop
  endfacet
  facet normal -0.881924 0.471391 0
    outer loop
      vertex -3.58749 1.76915 14
      vertex -3.4641 2 152
      vertex -3.4641 2 14
    endloop
  endfacet
  facet normal -0.881924 0.471391 0
    outer loop
      vertex -3.4641 2 152
      vertex -3.58749 1.76915 14
      vertex -3.58749 1.76915 152
    endloop
  endfacet
  facet normal 0.773007 0.634398 0
    outer loop
      vertex 3.17341 2.43505 152
      vertex 3.00736 2.63738 14
      vertex 3.00736 2.63738 152
    endloop
  endfacet
  facet normal 0.773007 0.634398 0
    outer loop
      vertex 3.00736 2.63738 14
      vertex 3.17341 2.43505 152
      vertex 3.17341 2.43505 14
    endloop
  endfacet
  facet normal -0.471391 -0.881924 0
    outer loop
      vertex -2 -3.4641 14
      vertex -1.76915 -3.58749 152
      vertex -2 -3.4641 152
    endloop
  endfacet
  facet normal -0.471391 -0.881924 -0
    outer loop
      vertex -1.76915 -3.58749 152
      vertex -2 -3.4641 14
      vertex -1.76915 -3.58749 14
    endloop
  endfacet
  facet normal -0.881924 -0.471391 0
    outer loop
      vertex -3.4641 -2 14
      vertex -3.58749 -1.76915 152
      vertex -3.58749 -1.76915 14
    endloop
  endfacet
  facet normal -0.881924 -0.471391 0
    outer loop
      vertex -3.58749 -1.76915 152
      vertex -3.4641 -2 14
      vertex -3.4641 -2 152
    endloop
  endfacet
  facet normal -0.634398 -0.773007 0
    outer loop
      vertex -2.63738 -3.00736 14
      vertex -2.43505 -3.17341 152
      vertex -2.63738 -3.00736 152
    endloop
  endfacet
  facet normal -0.634398 -0.773007 -0
    outer loop
      vertex -2.43505 -3.17341 152
      vertex -2.63738 -3.00736 14
      vertex -2.43505 -3.17341 14
    endloop
  endfacet
  facet normal 0.706918 0.0231305 0.706918
    outer loop
      vertex 3.99144 0.261612 152
      vertex 3 0 153
      vertex 4 0 152
    endloop
  endfacet
  facet normal -0.411986 0.574922 0.706917
    outer loop
      vertex -2.22228 3.32588 152
      vertex -2.43505 3.17341 152
      vertex -1.66671 2.49441 153
    endloop
  endfacet
  facet normal -0.676839 -0.205328 0.706916
    outer loop
      vertex -2.89778 -0.776457 153
      vertex -3.8637 -1.03528 152
      vertex -2.84079 -0.964318 153
    endloop
  endfacet
  facet normal -0.574922 0.411986 0.706917
    outer loop
      vertex -3.17341 2.43505 152
      vertex -3.32588 2.22228 152
      vertex -2.49441 1.66671 153
    endloop
  endfacet
  facet normal 0.160614 0.688821 0.706916
    outer loop
      vertex 0.780361 3.92314 152
      vertex 0.585271 2.94236 153
      vertex 1.03528 3.8637 152
    endloop
  endfacet
  facet normal 0.205328 0.676839 0.706916
    outer loop
      vertex 1.03528 3.8637 152
      vertex 0.776457 2.89778 153
      vertex 0.964318 2.84079 153
    endloop
  endfacet
  facet normal 0.661965 0.249139 0.706917
    outer loop
      vertex 3.69552 1.53073 152
      vertex 2.77164 1.14805 153
      vertex 2.84079 0.964318 153
    endloop
  endfacet
  facet normal 0.68882 -0.160616 0.706916
    outer loop
      vertex 2.94236 -0.585271 153
      vertex 2.89778 -0.776457 153
      vertex 3.8637 -1.03528 152
    endloop
  endfacet
  facet normal -0.546757 -0.44869 0.706919
    outer loop
      vertex -2.38006 -1.82628 153
      vertex -3.17341 -2.43505 152
      vertex -2.25552 -1.97804 153
    endloop
  endfacet
  facet normal 0.0693372 -0.703889 0.706918
    outer loop
      vertex 0.522104 -3.96578 152
      vertex 0.196209 -2.99358 153
      vertex 0.261612 -3.99144 152
    endloop
  endfacet
  facet normal -0.68882 0.160616 0.706916
    outer loop
      vertex -2.89778 0.776457 153
      vertex -3.8637 1.03528 152
      vertex -2.94236 0.585271 153
    endloop
  endfacet
  facet normal 0.697852 -0.115184 0.70692
    outer loop
      vertex 2.97433 -0.391578 153
      vertex 2.94236 -0.585271 153
      vertex 3.96578 -0.522104 152
    endloop
  endfacet
  facet normal -0.291914 -0.644249 0.706915
    outer loop
      vertex -1.32687 -2.69062 153
      vertex -1.76915 -3.58749 152
      vertex -1.53073 -3.69552 152
    endloop
  endfacet
  facet normal 0.0231305 -0.706918 0.706918
    outer loop
      vertex 0 -3 153
      vertex 0 -4 152
      vertex 0.261612 -3.99144 152
    endloop
  endfacet
  facet normal 0.68882 0.160616 0.706916
    outer loop
      vertex 3.8637 1.03528 152
      vertex 2.89778 0.776457 153
      vertex 2.94236 0.585271 153
    endloop
  endfacet
  facet normal 0.249139 0.661965 0.706917
    outer loop
      vertex 1.53073 3.69552 152
      vertex 0.964318 2.84079 153
      vertex 1.14805 2.77164 153
    endloop
  endfacet
  facet normal -0.703885 -0.0693549 0.70692
    outer loop
      vertex -2.99358 -0.196209 153
      vertex -3.96578 -0.522104 152
      vertex -2.97433 -0.391578 153
    endloop
  endfacet
  facet normal -0.68882 -0.160616 0.706916
    outer loop
      vertex -2.94236 -0.585271 153
      vertex -3.8637 -1.03528 152
      vertex -2.89778 -0.776457 153
    endloop
  endfacet
  facet normal -0.644254 -0.291899 0.706917
    outer loop
      vertex -2.77164 -1.14805 153
      vertex -3.69552 -1.53073 152
      vertex -2.69062 -1.32687 153
    endloop
  endfacet
  facet normal 0.205312 0.676842 0.706918
    outer loop
      vertex 1.03528 3.8637 152
      vertex 0.964318 2.84079 153
      vertex 1.28576 3.78772 152
    endloop
  endfacet
  facet normal 0.574922 -0.411986 0.706917
    outer loop
      vertex 3.32588 -2.22228 152
      vertex 2.49441 -1.66671 153
      vertex 3.17341 -2.43505 152
    endloop
  endfacet
  facet normal -0.697852 -0.115184 0.70692
    outer loop
      vertex -2.97433 -0.391578 153
      vertex -3.96578 -0.522104 152
      vertex -2.94236 -0.585271 153
    endloop
  endfacet
  facet normal -0.661965 -0.249139 0.706917
    outer loop
      vertex -2.84079 -0.964318 153
      vertex -3.69552 -1.53073 152
      vertex -2.77164 -1.14805 153
    endloop
  endfacet
  facet normal 0.703889 0.0693372 0.706918
    outer loop
      vertex 3.96578 0.522104 152
      vertex 2.99358 0.196209 153
      vertex 3.99144 0.261612 152
    endloop
  endfacet
  facet normal -0.661965 0.249139 0.706917
    outer loop
      vertex -2.77164 1.14805 153
      vertex -3.69552 1.53073 152
      vertex -2.84079 0.964318 153
    endloop
  endfacet
  facet normal -0.373496 0.600642 0.706916
    outer loop
      vertex -2 3.4641 152
      vertex -2.22228 3.32588 152
      vertex -1.5 2.59808 153
    endloop
  endfacet
  facet normal 0.115184 0.697852 0.70692
    outer loop
      vertex 0.522104 3.96578 152
      vertex 0.391578 2.97433 153
      vertex 0.585271 2.94236 153
    endloop
  endfacet
  facet normal -0.205312 0.676842 0.706918
    outer loop
      vertex -1.03528 3.8637 152
      vertex -1.28576 3.78772 152
      vertex -0.964318 2.84079 153
    endloop
  endfacet
  facet normal 0.697852 0.115184 0.70692
    outer loop
      vertex 3.96578 0.522104 152
      vertex 2.94236 0.585271 153
      vertex 2.97433 0.391578 153
    endloop
  endfacet
  facet normal -0.574916 0.411993 0.706918
    outer loop
      vertex -2.38006 1.82628 153
      vertex -3.17341 2.43505 152
      vertex -2.49441 1.66671 153
    endloop
  endfacet
  facet normal -0.448708 0.546745 0.706916
    outer loop
      vertex -2.43505 3.17341 152
      vertex -2.63738 3.00736 152
      vertex -1.97804 2.25552 153
    endloop
  endfacet
  facet normal 0.676842 -0.205312 0.706918
    outer loop
      vertex 3.8637 -1.03528 152
      vertex 2.84079 -0.964318 153
      vertex 3.78772 -1.28576 152
    endloop
  endfacet
  facet normal 0.574916 -0.411993 0.706918
    outer loop
      vertex 2.49441 -1.66671 153
      vertex 2.38006 -1.82628 153
      vertex 3.17341 -2.43505 152
    endloop
  endfacet
  facet normal 0.0693549 0.703885 0.70692
    outer loop
      vertex 0.522104 3.96578 152
      vertex 0.196209 2.99358 153
      vertex 0.391578 2.97433 153
    endloop
  endfacet
  facet normal 0.546757 0.44869 0.706919
    outer loop
      vertex 3.17341 2.43505 152
      vertex 2.25552 1.97804 153
      vertex 2.38006 1.82628 153
    endloop
  endfacet
  facet normal -0.291899 0.644254 0.706917
    outer loop
      vertex -1.14805 2.77164 153
      vertex -1.53073 3.69552 152
      vertex -1.32687 2.69062 153
    endloop
  endfacet
  facet normal -0.249139 -0.661965 0.706917
    outer loop
      vertex -1.14805 -2.77164 153
      vertex -1.53073 -3.69552 152
      vertex -0.964318 -2.84079 153
    endloop
  endfacet
  facet normal -0.160614 -0.688821 0.706916
    outer loop
      vertex -0.585271 -2.94236 153
      vertex -1.03528 -3.8637 152
      vertex -0.780361 -3.92314 152
    endloop
  endfacet
  facet normal -0.644249 0.291914 0.706915
    outer loop
      vertex -3.58749 1.76915 152
      vertex -3.69552 1.53073 152
      vertex -2.69062 1.32687 153
    endloop
  endfacet
  facet normal 0.706918 -0.0231305 0.706918
    outer loop
      vertex 4 0 152
      vertex 3 0 153
      vertex 3.99144 -0.261612 152
    endloop
  endfacet
  facet normal -0.676842 -0.205312 0.706918
    outer loop
      vertex -2.84079 -0.964318 153
      vertex -3.8637 -1.03528 152
      vertex -3.78772 -1.28576 152
    endloop
  endfacet
  facet normal -0.600642 -0.373496 0.706916
    outer loop
      vertex -2.59808 -1.5 153
      vertex -3.4641 -2 152
      vertex -3.32588 -2.22228 152
    endloop
  endfacet
  facet normal -0.706918 0.0231305 0.706918
    outer loop
      vertex -2.99358 0.196209 153
      vertex -3.99144 0.261612 152
      vertex -3 0 153
    endloop
  endfacet
  facet normal 0.0231305 -0.706918 0.706918
    outer loop
      vertex 0.196209 -2.99358 153
      vertex 0 -3 153
      vertex 0.261612 -3.99144 152
    endloop
  endfacet
  facet normal -0.0231305 -0.706918 0.706918
    outer loop
      vertex -0.196209 -2.99358 153
      vertex -0.261612 -3.99144 152
      vertex 0 -3 153
    endloop
  endfacet
  facet normal 0.600642 0.373496 0.706916
    outer loop
      vertex 3.32588 2.22228 152
      vertex 2.59808 1.5 153
      vertex 3.4641 2 152
    endloop
  endfacet
  facet normal -0.249145 0.661963 0.706918
    outer loop
      vertex -1.28576 3.78772 152
      vertex -1.53073 3.69552 152
      vertex -0.964318 2.84079 153
    endloop
  endfacet
  facet normal -0.600632 0.373508 0.706918
    outer loop
      vertex -2.49441 1.66671 153
      vertex -3.32588 2.22228 152
      vertex -2.59808 1.5 153
    endloop
  endfacet
  facet normal 0.644254 0.291899 0.706917
    outer loop
      vertex 3.69552 1.53073 152
      vertex 2.69062 1.32687 153
      vertex 2.77164 1.14805 153
    endloop
  endfacet
  facet normal 0.411993 0.574916 0.706918
    outer loop
      vertex 2.43505 3.17341 152
      vertex 1.66671 2.49441 153
      vertex 1.82628 2.38006 153
    endloop
  endfacet
  facet normal -0.0693549 0.703885 0.70692
    outer loop
      vertex -0.196209 2.99358 153
      vertex -0.522104 3.96578 152
      vertex -0.391578 2.97433 153
    endloop
  endfacet
  facet normal -0.69785 0.11522 0.706916
    outer loop
      vertex -3.92314 0.780361 152
      vertex -3.96578 0.522104 152
      vertex -2.94236 0.585271 153
    endloop
  endfacet
  facet normal -0.411986 -0.574922 0.706917
    outer loop
      vertex -1.66671 -2.49441 153
      vertex -2.43505 -3.17341 152
      vertex -2.22228 -3.32588 152
    endloop
  endfacet
  facet normal -0.516222 0.483508 0.706919
    outer loop
      vertex -2.82843 2.82843 152
      vertex -2.25552 1.97804 153
      vertex -2.12132 2.12132 153
    endloop
  endfacet
  facet normal -0.516241 0.483492 0.706916
    outer loop
      vertex -2.25552 1.97804 153
      vertex -2.82843 2.82843 152
      vertex -3.00736 2.63738 152
    endloop
  endfacet
  facet normal -0.661963 -0.249145 0.706918
    outer loop
      vertex -2.84079 -0.964318 153
      vertex -3.78772 -1.28576 152
      vertex -3.69552 -1.53073 152
    endloop
  endfacet
  facet normal -0.160616 0.68882 0.706916
    outer loop
      vertex -0.585271 2.94236 153
      vertex -1.03528 3.8637 152
      vertex -0.776457 2.89778 153
    endloop
  endfacet
  facet normal 0.0693549 -0.703885 0.70692
    outer loop
      vertex 0.391578 -2.97433 153
      vertex 0.196209 -2.99358 153
      vertex 0.522104 -3.96578 152
    endloop
  endfacet
  facet normal -0.291899 -0.644254 0.706917
    outer loop
      vertex -1.32687 -2.69062 153
      vertex -1.53073 -3.69552 152
      vertex -1.14805 -2.77164 153
    endloop
  endfacet
  facet normal 0.11522 0.69785 0.706916
    outer loop
      vertex 0.780361 3.92314 152
      vertex 0.522104 3.96578 152
      vertex 0.585271 2.94236 153
    endloop
  endfacet
  facet normal 0.688821 -0.160614 0.706916
    outer loop
      vertex 3.92314 -0.780361 152
      vertex 2.94236 -0.585271 153
      vertex 3.8637 -1.03528 152
    endloop
  endfacet
  facet normal 0.661963 -0.249145 0.706918
    outer loop
      vertex 3.78772 -1.28576 152
      vertex 2.84079 -0.964318 153
      vertex 3.69552 -1.53073 152
    endloop
  endfacet
  facet normal -0.623783 0.333414 0.706916
    outer loop
      vertex -3.4641 2 152
      vertex -3.58749 1.76915 152
      vertex -2.59808 1.5 153
    endloop
  endfacet
  facet normal 0.516241 -0.483492 0.706916
    outer loop
      vertex 2.25552 -1.97804 153
      vertex 2.82843 -2.82843 152
      vertex 3.00736 -2.63738 152
    endloop
  endfacet
  facet normal 0.516222 -0.483508 0.706919
    outer loop
      vertex 2.82843 -2.82843 152
      vertex 2.25552 -1.97804 153
      vertex 2.12132 -2.12132 153
    endloop
  endfacet
  facet normal 0.160616 0.68882 0.706916
    outer loop
      vertex 1.03528 3.8637 152
      vertex 0.585271 2.94236 153
      vertex 0.776457 2.89778 153
    endloop
  endfacet
  facet normal -0.546745 0.448708 0.706916
    outer loop
      vertex -3.00736 2.63738 152
      vertex -3.17341 2.43505 152
      vertex -2.25552 1.97804 153
    endloop
  endfacet
  facet normal 0.373508 -0.600632 0.706918
    outer loop
      vertex 1.66671 -2.49441 153
      vertex 1.5 -2.59808 153
      vertex 2.22228 -3.32588 152
    endloop
  endfacet
  facet normal 0.44869 -0.546757 0.706919
    outer loop
      vertex 1.97804 -2.25552 153
      vertex 1.82628 -2.38006 153
      vertex 2.43505 -3.17341 152
    endloop
  endfacet
  facet normal 0.0231305 0.706918 0.706918
    outer loop
      vertex 0.261612 3.99144 152
      vertex 0 3 153
      vertex 0.196209 2.99358 153
    endloop
  endfacet
  facet normal 0.69785 -0.11522 0.706916
    outer loop
      vertex 3.96578 -0.522104 152
      vertex 2.94236 -0.585271 153
      vertex 3.92314 -0.780361 152
    endloop
  endfacet
  facet normal 0.661965 -0.249139 0.706917
    outer loop
      vertex 2.84079 -0.964318 153
      vertex 2.77164 -1.14805 153
      vertex 3.69552 -1.53073 152
    endloop
  endfacet
  facet normal -0.373496 -0.600642 0.706916
    outer loop
      vertex -1.5 -2.59808 153
      vertex -2.22228 -3.32588 152
      vertex -2 -3.4641 152
    endloop
  endfacet
  facet normal 0.574922 0.411986 0.706917
    outer loop
      vertex 3.17341 2.43505 152
      vertex 2.49441 1.66671 153
      vertex 3.32588 2.22228 152
    endloop
  endfacet
  facet normal 0.644249 0.291914 0.706915
    outer loop
      vertex 3.58749 1.76915 152
      vertex 2.69062 1.32687 153
      vertex 3.69552 1.53073 152
    endloop
  endfacet
  facet normal -0.160614 0.688821 0.706916
    outer loop
      vertex -0.780361 3.92314 152
      vertex -1.03528 3.8637 152
      vertex -0.585271 2.94236 153
    endloop
  endfacet
  facet normal 0.333414 0.623783 0.706916
    outer loop
      vertex 1.76915 3.58749 152
      vertex 1.5 2.59808 153
      vertex 2 3.4641 152
    endloop
  endfacet
  facet normal -0.516222 -0.483508 0.706919
    outer loop
      vertex -2.25552 -1.97804 153
      vertex -2.82843 -2.82843 152
      vertex -2.12132 -2.12132 153
    endloop
  endfacet
  facet normal -0.516241 -0.483492 0.706916
    outer loop
      vertex -2.82843 -2.82843 152
      vertex -2.25552 -1.97804 153
      vertex -3.00736 -2.63738 152
    endloop
  endfacet
  facet normal -0.11522 -0.69785 0.706916
    outer loop
      vertex -0.585271 -2.94236 153
      vertex -0.780361 -3.92314 152
      vertex -0.522104 -3.96578 152
    endloop
  endfacet
  facet normal -0.706918 0.0231305 0.706918
    outer loop
      vertex -3.99144 0.261612 152
      vertex -4 0 152
      vertex -3 0 153
    endloop
  endfacet
  facet normal 0.291899 -0.644254 0.706917
    outer loop
      vertex 1.32687 -2.69062 153
      vertex 1.14805 -2.77164 153
      vertex 1.53073 -3.69552 152
    endloop
  endfacet
  facet normal -0.11522 0.69785 0.706916
    outer loop
      vertex -0.522104 3.96578 152
      vertex -0.780361 3.92314 152
      vertex -0.585271 2.94236 153
    endloop
  endfacet
  facet normal -0.205328 0.676839 0.706916
    outer loop
      vertex -0.776457 2.89778 153
      vertex -1.03528 3.8637 152
      vertex -0.964318 2.84079 153
    endloop
  endfacet
  facet normal 0.373496 0.600642 0.706916
    outer loop
      vertex 2 3.4641 152
      vertex 1.5 2.59808 153
      vertex 2.22228 3.32588 152
    endloop
  endfacet
  facet normal -0.373508 0.600632 0.706918
    outer loop
      vertex -1.5 2.59808 153
      vertex -2.22228 3.32588 152
      vertex -1.66671 2.49441 153
    endloop
  endfacet
  facet normal -0.703889 -0.0693372 0.706918
    outer loop
      vertex -2.99358 -0.196209 153
      vertex -3.99144 -0.261612 152
      vertex -3.96578 -0.522104 152
    endloop
  endfacet
  facet normal -0.48351 0.516225 0.706916
    outer loop
      vertex -2.63738 3.00736 152
      vertex -2.12132 2.12132 153
      vertex -1.97804 2.25552 153
    endloop
  endfacet
  facet normal -0.48349 0.51624 0.706919
    outer loop
      vertex -2.12132 2.12132 153
      vertex -2.63738 3.00736 152
      vertex -2.82843 2.82843 152
    endloop
  endfacet
  facet normal 0.574916 0.411993 0.706918
    outer loop
      vertex 3.17341 2.43505 152
      vertex 2.38006 1.82628 153
      vertex 2.49441 1.66671 153
    endloop
  endfacet
  facet normal -0.688821 0.160614 0.706916
    outer loop
      vertex -3.8637 1.03528 152
      vertex -3.92314 0.780361 152
      vertex -2.94236 0.585271 153
    endloop
  endfacet
  facet normal -0.44869 -0.546757 0.706919
    outer loop
      vertex -1.97804 -2.25552 153
      vertex -2.43505 -3.17341 152
      vertex -1.82628 -2.38006 153
    endloop
  endfacet
  facet normal -0.249145 -0.661963 0.706918
    outer loop
      vertex -0.964318 -2.84079 153
      vertex -1.53073 -3.69552 152
      vertex -1.28576 -3.78772 152
    endloop
  endfacet
  facet normal -0.697852 0.115184 0.70692
    outer loop
      vertex -2.94236 0.585271 153
      vertex -3.96578 0.522104 152
      vertex -2.97433 0.391578 153
    endloop
  endfacet
  facet normal 0.448708 0.546745 0.706916
    outer loop
      vertex 2.43505 3.17341 152
      vertex 1.97804 2.25552 153
      vertex 2.63738 3.00736 152
    endloop
  endfacet
  facet normal 0.249145 0.661963 0.706918
    outer loop
      vertex 1.28576 3.78772 152
      vertex 0.964318 2.84079 153
      vertex 1.53073 3.69552 152
    endloop
  endfacet
  facet normal 0.48349 -0.51624 0.706919
    outer loop
      vertex 2.12132 -2.12132 153
      vertex 2.63738 -3.00736 152
      vertex 2.82843 -2.82843 152
    endloop
  endfacet
  facet normal 0.48351 -0.516225 0.706916
    outer loop
      vertex 2.63738 -3.00736 152
      vertex 2.12132 -2.12132 153
      vertex 1.97804 -2.25552 153
    endloop
  endfacet
  facet normal -0.373508 -0.600632 0.706918
    outer loop
      vertex -1.66671 -2.49441 153
      vertex -2.22228 -3.32588 152
      vertex -1.5 -2.59808 153
    endloop
  endfacet
  facet normal 0.676842 0.205312 0.706918
    outer loop
      vertex 3.78772 1.28576 152
      vertex 2.84079 0.964318 153
      vertex 3.8637 1.03528 152
    endloop
  endfacet
  facet normal 0.688821 0.160614 0.706916
    outer loop
      vertex 3.8637 1.03528 152
      vertex 2.94236 0.585271 153
      vertex 3.92314 0.780361 152
    endloop
  endfacet
  facet normal -0.0231305 -0.706918 0.706918
    outer loop
      vertex 0 -3 153
      vertex -0.261612 -3.99144 152
      vertex 0 -4 152
    endloop
  endfacet
  facet normal 0.661963 0.249145 0.706918
    outer loop
      vertex 3.69552 1.53073 152
      vertex 2.84079 0.964318 153
      vertex 3.78772 1.28576 152
    endloop
  endfacet
  facet normal 0.160614 -0.688821 0.706916
    outer loop
      vertex 1.03528 -3.8637 152
      vertex 0.585271 -2.94236 153
      vertex 0.780361 -3.92314 152
    endloop
  endfacet
  facet normal -0.69785 -0.11522 0.706916
    outer loop
      vertex -2.94236 -0.585271 153
      vertex -3.96578 -0.522104 152
      vertex -3.92314 -0.780361 152
    endloop
  endfacet
  facet normal 0.0693372 0.703889 0.706918
    outer loop
      vertex 0.261612 3.99144 152
      vertex 0.196209 2.99358 153
      vertex 0.522104 3.96578 152
    endloop
  endfacet
  facet normal 0.333418 -0.623781 0.706915
    outer loop
      vertex 1.5 -2.59808 153
      vertex 1.32687 -2.69062 153
      vertex 1.76915 -3.58749 152
    endloop
  endfacet
  facet normal -0.0693372 -0.703889 0.706918
    outer loop
      vertex -0.196209 -2.99358 153
      vertex -0.522104 -3.96578 152
      vertex -0.261612 -3.99144 152
    endloop
  endfacet
  facet normal -0.249139 0.661965 0.706917
    outer loop
      vertex -0.964318 2.84079 153
      vertex -1.53073 3.69552 152
      vertex -1.14805 2.77164 153
    endloop
  endfacet
  facet normal -0.115184 0.697852 0.70692
    outer loop
      vertex -0.522104 3.96578 152
      vertex -0.585271 2.94236 153
      vertex -0.391578 2.97433 153
    endloop
  endfacet
  facet normal -0.688821 -0.160614 0.706916
    outer loop
      vertex -2.94236 -0.585271 153
      vertex -3.92314 -0.780361 152
      vertex -3.8637 -1.03528 152
    endloop
  endfacet
  facet normal -0.623781 0.333418 0.706915
    outer loop
      vertex -2.59808 1.5 153
      vertex -3.58749 1.76915 152
      vertex -2.69062 1.32687 153
    endloop
  endfacet
  facet normal 0.676839 0.205328 0.706916
    outer loop
      vertex 3.8637 1.03528 152
      vertex 2.84079 0.964318 153
      vertex 2.89778 0.776457 153
    endloop
  endfacet
  facet normal 0.0231305 0.706918 0.706918
    outer loop
      vertex 0 4 152
      vertex 0 3 153
      vertex 0.261612 3.99144 152
    endloop
  endfacet
  facet normal 0.703885 0.0693549 0.70692
    outer loop
      vertex 3.96578 0.522104 152
      vertex 2.97433 0.391578 153
      vertex 2.99358 0.196209 153
    endloop
  endfacet
  facet normal 0.69785 0.11522 0.706916
    outer loop
      vertex 3.92314 0.780361 152
      vertex 2.94236 0.585271 153
      vertex 3.96578 0.522104 152
    endloop
  endfacet
  facet normal 0.676839 -0.205328 0.706916
    outer loop
      vertex 2.89778 -0.776457 153
      vertex 2.84079 -0.964318 153
      vertex 3.8637 -1.03528 152
    endloop
  endfacet
  facet normal 0.644254 -0.291899 0.706917
    outer loop
      vertex 2.77164 -1.14805 153
      vertex 2.69062 -1.32687 153
      vertex 3.69552 -1.53073 152
    endloop
  endfacet
  facet normal 0.703889 -0.0693372 0.706918
    outer loop
      vertex 3.99144 -0.261612 152
      vertex 2.99358 -0.196209 153
      vertex 3.96578 -0.522104 152
    endloop
  endfacet
  facet normal 0.706918 -0.0231305 0.706918
    outer loop
      vertex 3 0 153
      vertex 2.99358 -0.196209 153
      vertex 3.99144 -0.261612 152
    endloop
  endfacet
  facet normal 0.546745 -0.448708 0.706916
    outer loop
      vertex 3.17341 -2.43505 152
      vertex 2.25552 -1.97804 153
      vertex 3.00736 -2.63738 152
    endloop
  endfacet
  facet normal 0.448708 -0.546745 0.706916
    outer loop
      vertex 2.63738 -3.00736 152
      vertex 1.97804 -2.25552 153
      vertex 2.43505 -3.17341 152
    endloop
  endfacet
  facet normal 0.291914 -0.644249 0.706915
    outer loop
      vertex 1.76915 -3.58749 152
      vertex 1.32687 -2.69062 153
      vertex 1.53073 -3.69552 152
    endloop
  endfacet
  facet normal 0.623781 0.333418 0.706915
    outer loop
      vertex 3.58749 1.76915 152
      vertex 2.59808 1.5 153
      vertex 2.69062 1.32687 153
    endloop
  endfacet
  facet normal 0.546745 0.448708 0.706916
    outer loop
      vertex 3.00736 2.63738 152
      vertex 2.25552 1.97804 153
      vertex 3.17341 2.43505 152
    endloop
  endfacet
  facet normal -0.0693372 0.703889 0.706918
    outer loop
      vertex -0.261612 3.99144 152
      vertex -0.522104 3.96578 152
      vertex -0.196209 2.99358 153
    endloop
  endfacet
  facet normal 0.600632 -0.373508 0.706918
    outer loop
      vertex 2.59808 -1.5 153
      vertex 2.49441 -1.66671 153
      vertex 3.32588 -2.22228 152
    endloop
  endfacet
  facet normal -0.661963 0.249145 0.706918
    outer loop
      vertex -3.69552 1.53073 152
      vertex -3.78772 1.28576 152
      vertex -2.84079 0.964318 153
    endloop
  endfacet
  facet normal -0.333414 0.623783 0.706916
    outer loop
      vertex -1.76915 3.58749 152
      vertex -2 3.4641 152
      vertex -1.5 2.59808 153
    endloop
  endfacet
  facet normal 0.44869 0.546757 0.706919
    outer loop
      vertex 2.43505 3.17341 152
      vertex 1.82628 2.38006 153
      vertex 1.97804 2.25552 153
    endloop
  endfacet
  facet normal -0.546757 0.44869 0.706919
    outer loop
      vertex -2.25552 1.97804 153
      vertex -3.17341 2.43505 152
      vertex -2.38006 1.82628 153
    endloop
  endfacet
  facet normal -0.448708 -0.546745 0.706916
    outer loop
      vertex -1.97804 -2.25552 153
      vertex -2.63738 -3.00736 152
      vertex -2.43505 -3.17341 152
    endloop
  endfacet
  facet normal -0.676839 0.205328 0.706916
    outer loop
      vertex -2.84079 0.964318 153
      vertex -3.8637 1.03528 152
      vertex -2.89778 0.776457 153
    endloop
  endfacet
  facet normal 0.48349 0.51624 0.706919
    outer loop
      vertex 2.63738 3.00736 152
      vertex 2.12132 2.12132 153
      vertex 2.82843 2.82843 152
    endloop
  endfacet
  facet normal 0.48351 0.516225 0.706916
    outer loop
      vertex 2.12132 2.12132 153
      vertex 2.63738 3.00736 152
      vertex 1.97804 2.25552 153
    endloop
  endfacet
  facet normal 0.411986 0.574922 0.706917
    outer loop
      vertex 2.22228 3.32588 152
      vertex 1.66671 2.49441 153
      vertex 2.43505 3.17341 152
    endloop
  endfacet
  facet normal -0.706918 -0.0231305 0.706918
    outer loop
      vertex -3 0 153
      vertex -4 0 152
      vertex -3.99144 -0.261612 152
    endloop
  endfacet
  facet normal -0.48351 -0.516225 0.706916
    outer loop
      vertex -2.12132 -2.12132 153
      vertex -2.63738 -3.00736 152
      vertex -1.97804 -2.25552 153
    endloop
  endfacet
  facet normal -0.48349 -0.51624 0.706919
    outer loop
      vertex -2.63738 -3.00736 152
      vertex -2.12132 -2.12132 153
      vertex -2.82843 -2.82843 152
    endloop
  endfacet
  facet normal -0.333414 -0.623783 0.706916
    outer loop
      vertex -1.5 -2.59808 153
      vertex -2 -3.4641 152
      vertex -1.76915 -3.58749 152
    endloop
  endfacet
  facet normal 0.373508 0.600632 0.706918
    outer loop
      vertex 2.22228 3.32588 152
      vertex 1.5 2.59808 153
      vertex 1.66671 2.49441 153
    endloop
  endfacet
  facet normal -0.703885 0.0693549 0.70692
    outer loop
      vertex -2.97433 0.391578 153
      vertex -3.96578 0.522104 152
      vertex -2.99358 0.196209 153
    endloop
  endfacet
  facet normal -0.703889 0.0693372 0.706918
    outer loop
      vertex -3.96578 0.522104 152
      vertex -3.99144 0.261612 152
      vertex -2.99358 0.196209 153
    endloop
  endfacet
  facet normal -0.0231305 0.706918 0.706918
    outer loop
      vertex 0 4 152
      vertex -0.261612 3.99144 152
      vertex 0 3 153
    endloop
  endfacet
  facet normal 0.623783 -0.333414 0.706916
    outer loop
      vertex 3.58749 -1.76915 152
      vertex 2.59808 -1.5 153
      vertex 3.4641 -2 152
    endloop
  endfacet
  facet normal -0.115184 -0.697852 0.70692
    outer loop
      vertex -0.391578 -2.97433 153
      vertex -0.585271 -2.94236 153
      vertex -0.522104 -3.96578 152
    endloop
  endfacet
  facet normal 0.600632 0.373508 0.706918
    outer loop
      vertex 3.32588 2.22228 152
      vertex 2.49441 1.66671 153
      vertex 2.59808 1.5 153
    endloop
  endfacet
  facet normal 0.623783 0.333414 0.706916
    outer loop
      vertex 3.4641 2 152
      vertex 2.59808 1.5 153
      vertex 3.58749 1.76915 152
    endloop
  endfacet
  facet normal -0.291914 0.644249 0.706915
    outer loop
      vertex -1.53073 3.69552 152
      vertex -1.76915 3.58749 152
      vertex -1.32687 2.69062 153
    endloop
  endfacet
  facet normal -0.411993 0.574916 0.706918
    outer loop
      vertex -1.66671 2.49441 153
      vertex -2.43505 3.17341 152
      vertex -1.82628 2.38006 153
    endloop
  endfacet
  facet normal 0.644249 -0.291914 0.706915
    outer loop
      vertex 3.69552 -1.53073 152
      vertex 2.69062 -1.32687 153
      vertex 3.58749 -1.76915 152
    endloop
  endfacet
  facet normal -0.546745 -0.448708 0.706916
    outer loop
      vertex -2.25552 -1.97804 153
      vertex -3.17341 -2.43505 152
      vertex -3.00736 -2.63738 152
    endloop
  endfacet
  facet normal -0.160616 -0.68882 0.706916
    outer loop
      vertex -0.776457 -2.89778 153
      vertex -1.03528 -3.8637 152
      vertex -0.585271 -2.94236 153
    endloop
  endfacet
  facet normal 0.600642 -0.373496 0.706916
    outer loop
      vertex 3.4641 -2 152
      vertex 2.59808 -1.5 153
      vertex 3.32588 -2.22228 152
    endloop
  endfacet
  facet normal 0.623781 -0.333418 0.706915
    outer loop
      vertex 2.69062 -1.32687 153
      vertex 2.59808 -1.5 153
      vertex 3.58749 -1.76915 152
    endloop
  endfacet
  facet normal 0.333414 -0.623783 0.706916
    outer loop
      vertex 2 -3.4641 152
      vertex 1.5 -2.59808 153
      vertex 1.76915 -3.58749 152
    endloop
  endfacet
  facet normal -0.706918 -0.0231305 0.706918
    outer loop
      vertex -3 0 153
      vertex -3.99144 -0.261612 152
      vertex -2.99358 -0.196209 153
    endloop
  endfacet
  facet normal -0.644249 -0.291914 0.706915
    outer loop
      vertex -2.69062 -1.32687 153
      vertex -3.69552 -1.53073 152
      vertex -3.58749 -1.76915 152
    endloop
  endfacet
  facet normal 0.249139 -0.661965 0.706917
    outer loop
      vertex 1.14805 -2.77164 153
      vertex 0.964318 -2.84079 153
      vertex 1.53073 -3.69552 152
    endloop
  endfacet
  facet normal -0.333418 0.623781 0.706915
    outer loop
      vertex -1.32687 2.69062 153
      vertex -1.76915 3.58749 152
      vertex -1.5 2.59808 153
    endloop
  endfacet
  facet normal 0.546757 -0.44869 0.706919
    outer loop
      vertex 2.38006 -1.82628 153
      vertex 2.25552 -1.97804 153
      vertex 3.17341 -2.43505 152
    endloop
  endfacet
  facet normal 0.411986 -0.574922 0.706917
    outer loop
      vertex 2.43505 -3.17341 152
      vertex 1.66671 -2.49441 153
      vertex 2.22228 -3.32588 152
    endloop
  endfacet
  facet normal -0.644254 0.291899 0.706917
    outer loop
      vertex -2.69062 1.32687 153
      vertex -3.69552 1.53073 152
      vertex -2.77164 1.14805 153
    endloop
  endfacet
  facet normal -0.0693549 -0.703885 0.70692
    outer loop
      vertex -0.391578 -2.97433 153
      vertex -0.522104 -3.96578 152
      vertex -0.196209 -2.99358 153
    endloop
  endfacet
  facet normal 0.706918 0.0231305 0.706918
    outer loop
      vertex 3.99144 0.261612 152
      vertex 2.99358 0.196209 153
      vertex 3 0 153
    endloop
  endfacet
  facet normal 0.703885 -0.0693549 0.70692
    outer loop
      vertex 2.99358 -0.196209 153
      vertex 2.97433 -0.391578 153
      vertex 3.96578 -0.522104 152
    endloop
  endfacet
  facet normal -0.600642 0.373496 0.706916
    outer loop
      vertex -3.32588 2.22228 152
      vertex -3.4641 2 152
      vertex -2.59808 1.5 153
    endloop
  endfacet
  facet normal -0.44869 0.546757 0.706919
    outer loop
      vertex -1.82628 2.38006 153
      vertex -2.43505 3.17341 152
      vertex -1.97804 2.25552 153
    endloop
  endfacet
  facet normal 0.11522 -0.69785 0.706916
    outer loop
      vertex 0.585271 -2.94236 153
      vertex 0.522104 -3.96578 152
      vertex 0.780361 -3.92314 152
    endloop
  endfacet
  facet normal 0.115184 -0.697852 0.70692
    outer loop
      vertex 0.585271 -2.94236 153
      vertex 0.391578 -2.97433 153
      vertex 0.522104 -3.96578 152
    endloop
  endfacet
  facet normal -0.205312 -0.676842 0.706918
    outer loop
      vertex -0.964318 -2.84079 153
      vertex -1.28576 -3.78772 152
      vertex -1.03528 -3.8637 152
    endloop
  endfacet
  facet normal -0.676842 0.205312 0.706918
    outer loop
      vertex -3.78772 1.28576 152
      vertex -3.8637 1.03528 152
      vertex -2.84079 0.964318 153
    endloop
  endfacet
  facet normal 0.373496 -0.600642 0.706916
    outer loop
      vertex 2.22228 -3.32588 152
      vertex 1.5 -2.59808 153
      vertex 2 -3.4641 152
    endloop
  endfacet
  facet normal -0.574922 -0.411986 0.706917
    outer loop
      vertex -2.49441 -1.66671 153
      vertex -3.32588 -2.22228 152
      vertex -3.17341 -2.43505 152
    endloop
  endfacet
  facet normal -0.600632 -0.373508 0.706918
    outer loop
      vertex -2.59808 -1.5 153
      vertex -3.32588 -2.22228 152
      vertex -2.49441 -1.66671 153
    endloop
  endfacet
  facet normal -0.0231305 0.706918 0.706918
    outer loop
      vertex 0 3 153
      vertex -0.261612 3.99144 152
      vertex -0.196209 2.99358 153
    endloop
  endfacet
  facet normal 0 0 1
    outer loop
      vertex 2.99358 0.196209 153
      vertex 1.49679 0.0981045 153
      vertex 1.5 0 153
    endloop
  endfacet
  facet normal 0 0 1
    outer loop
      vertex 1.66671 2.49441 153
      vertex 1.48717 0.195788 153
      vertex 1.49679 0.0981045 153
    endloop
  endfacet
  facet normal 0 0 1
    outer loop
      vertex 1.66671 2.49441 153
      vertex 1.47118 0.292635 153
      vertex 1.48717 0.195788 153
    endloop
  endfacet
  facet normal 0 0 1
    outer loop
      vertex 1.66671 2.49441 153
      vertex 1.44889 0.388228 153
      vertex 1.47118 0.292635 153
    endloop
  endfacet
  facet normal 0 0 1
    outer loop
      vertex 1.66671 2.49441 153
      vertex 1.42039 0.482159 153
      vertex 1.44889 0.388228 153
    endloop
  endfacet
  facet normal 0 0 1
    outer loop
      vertex 1.66671 2.49441 153
      vertex 1.38582 0.574024 153
      vertex 1.42039 0.482159 153
    endloop
  endfacet
  facet normal 0 0 1
    outer loop
      vertex 1.66671 2.49441 153
      vertex 1.34531 0.663432 153
      vertex 1.38582 0.574024 153
    endloop
  endfacet
  facet normal 0 0 1
    outer loop
      vertex 0.75 1.29904 153
      vertex 1.5 2.59808 153
      vertex 1.32687 2.69062 153
    endloop
  endfacet
  facet normal 0 0 1
    outer loop
      vertex 1.66671 2.49441 153
      vertex 1.29904 0.75 153
      vertex 1.34531 0.663432 153
    endloop
  endfacet
  facet normal 0 0 1
    outer loop
      vertex 1.66671 2.49441 153
      vertex 1.2472 0.833355 153
      vertex 1.29904 0.75 153
    endloop
  endfacet
  facet normal 0 0 1
    outer loop
      vertex 1.66671 2.49441 153
      vertex 1.19003 0.913141 153
      vertex 1.2472 0.833355 153
    endloop
  endfacet
  facet normal 0 0 1
    outer loop
      vertex 0.663432 1.34531 153
      vertex 1.32687 2.69062 153
      vertex 1.14805 2.77164 153
    endloop
  endfacet
  facet normal 0 0 1
    outer loop
      vertex 1.66671 2.49441 153
      vertex 1.12776 0.989018 153
      vertex 1.19003 0.913141 153
    endloop
  endfacet
  facet normal 0 0 1
    outer loop
      vertex 1.66671 2.49441 153
      vertex 1.06066 1.06066 153
      vertex 1.12776 0.989018 153
    endloop
  endfacet
  facet normal 0 0 1
    outer loop
      vertex 1.66671 2.49441 153
      vertex 0.989018 1.12776 153
      vertex 1.06066 1.06066 153
    endloop
  endfacet
  facet normal 0 0 1
    outer loop
      vertex 0.574024 1.38582 153
      vertex 1.14805 2.77164 153
      vertex 0.964318 2.84079 153
    endloop
  endfacet
  facet normal 0 0 1
    outer loop
      vertex 1.66671 2.49441 153
      vertex 0.913141 1.19003 153
      vertex 0.989018 1.12776 153
    endloop
  endfacet
  facet normal 0 0 1
    outer loop
      vertex 1.66671 2.49441 153
      vertex 0.833355 1.2472 153
      vertex 0.913141 1.19003 153
    endloop
  endfacet
  facet normal 0 0 1
    outer loop
      vertex 0.482159 1.42039 153
      vertex 0.964318 2.84079 153
      vertex 0.776457 2.89778 153
    endloop
  endfacet
  facet normal 0 0 1
    outer loop
      vertex 1.5 2.59808 153
      vertex 0.75 1.29904 153
      vertex 0.833355 1.2472 153
    endloop
  endfacet
  facet normal 0 0 1
    outer loop
      vertex 1.32687 2.69062 153
      vertex 0.663432 1.34531 153
      vertex 0.75 1.29904 153
    endloop
  endfacet
  facet normal 0 0 1
    outer loop
      vertex 0.388228 1.44889 153
      vertex 0.776457 2.89778 153
      vertex 0.585271 2.94236 153
    endloop
  endfacet
  facet normal 0 0 1
    outer loop
      vertex 1.14805 2.77164 153
      vertex 0.574024 1.38582 153
      vertex 0.663432 1.34531 153
    endloop
  endfacet
  facet normal 0 0 1
    outer loop
      vertex 0.964318 2.84079 153
      vertex 0.482159 1.42039 153
      vertex 0.574024 1.38582 153
    endloop
  endfacet
  facet normal 0 0 1
    outer loop
      vertex 0.292635 1.47118 153
      vertex 0.585271 2.94236 153
      vertex 0.391578 2.97433 153
    endloop
  endfacet
  facet normal 0 0 1
    outer loop
      vertex 0.776457 2.89778 153
      vertex 0.388228 1.44889 153
      vertex 0.482159 1.42039 153
    endloop
  endfacet
  facet normal 0 0 1
    outer loop
      vertex 0.585271 2.94236 153
      vertex 0.292635 1.47118 153
      vertex 0.388228 1.44889 153
    endloop
  endfacet
  facet normal 0 0 1
    outer loop
      vertex 0.195788 1.48717 153
      vertex 0.391578 2.97433 153
      vertex 0.196209 2.99358 153
    endloop
  endfacet
  facet normal 0 0 1
    outer loop
      vertex 0.391578 2.97433 153
      vertex 0.195788 1.48717 153
      vertex 0.292635 1.47118 153
    endloop
  endfacet
  facet normal 0 0 1
    outer loop
      vertex 0.196209 2.99358 153
      vertex 0.0981045 1.49679 153
      vertex 0.195788 1.48717 153
    endloop
  endfacet
  facet normal 0 0 1
    outer loop
      vertex 0 3 153
      vertex 0.0981045 1.49679 153
      vertex 0.196209 2.99358 153
    endloop
  endfacet
  facet normal 0 0 1
    outer loop
      vertex 0 3 153
      vertex 0 1.5 153
      vertex 0.0981045 1.49679 153
    endloop
  endfacet
  facet normal 0 0 1
    outer loop
      vertex 0 3 153
      vertex -0.0981045 1.49679 153
      vertex 0 1.5 153
    endloop
  endfacet
  facet normal -0 0 1
    outer loop
      vertex -0.196209 2.99358 153
      vertex -0.0981045 1.49679 153
      vertex 0 3 153
    endloop
  endfacet
  facet normal 0 0 1
    outer loop
      vertex -0.0981045 1.49679 153
      vertex -0.196209 2.99358 153
      vertex -0.195788 1.48717 153
    endloop
  endfacet
  facet normal -0 0 1
    outer loop
      vertex -0.391578 2.97433 153
      vertex -0.195788 1.48717 153
      vertex -0.196209 2.99358 153
    endloop
  endfacet
  facet normal 0 0 1
    outer loop
      vertex -0.195788 1.48717 153
      vertex -0.391578 2.97433 153
      vertex -0.292635 1.47118 153
    endloop
  endfacet
  facet normal -0 0 1
    outer loop
      vertex -0.585271 2.94236 153
      vertex -0.292635 1.47118 153
      vertex -0.391578 2.97433 153
    endloop
  endfacet
  facet normal 0 0 1
    outer loop
      vertex -0.292635 1.47118 153
      vertex -0.585271 2.94236 153
      vertex -0.388228 1.44889 153
    endloop
  endfacet
  facet normal -0 0 1
    outer loop
      vertex -0.776457 2.89778 153
      vertex -0.388228 1.44889 153
      vertex -0.585271 2.94236 153
    endloop
  endfacet
  facet normal 0 0 1
    outer loop
      vertex -0.388228 1.44889 153
      vertex -0.776457 2.89778 153
      vertex -0.482159 1.42039 153
    endloop
  endfacet
  facet normal -0 0 1
    outer loop
      vertex -0.964318 2.84079 153
      vertex -0.482159 1.42039 153
      vertex -0.776457 2.89778 153
    endloop
  endfacet
  facet normal 0 0 1
    outer loop
      vertex -0.482159 1.42039 153
      vertex -0.964318 2.84079 153
      vertex -0.574024 1.38582 153
    endloop
  endfacet
  facet normal -0 0 1
    outer loop
      vertex -1.14805 2.77164 153
      vertex -0.574024 1.38582 153
      vertex -0.964318 2.84079 153
    endloop
  endfacet
  facet normal 0 0 1
    outer loop
      vertex -0.574024 1.38582 153
      vertex -1.14805 2.77164 153
      vertex -0.663432 1.34531 153
    endloop
  endfacet
  facet normal -0 0 1
    outer loop
      vertex -1.32687 2.69062 153
      vertex -0.663432 1.34531 153
      vertex -1.14805 2.77164 153
    endloop
  endfacet
  facet normal 0 0 1
    outer loop
      vertex -0.663432 1.34531 153
      vertex -1.32687 2.69062 153
      vertex -0.75 1.29904 153
    endloop
  endfacet
  facet normal -0 0 1
    outer loop
      vertex -1.5 2.59808 153
      vertex -0.75 1.29904 153
      vertex -1.32687 2.69062 153
    endloop
  endfacet
  facet normal 0 0 1
    outer loop
      vertex -0.75 1.29904 153
      vertex -1.5 2.59808 153
      vertex -0.833355 1.2472 153
    endloop
  endfacet
  facet normal -0 0 1
    outer loop
      vertex -1.66671 2.49441 153
      vertex -0.833355 1.2472 153
      vertex -1.5 2.59808 153
    endloop
  endfacet
  facet normal 0 0 1
    outer loop
      vertex -0.833355 1.2472 153
      vertex -1.66671 2.49441 153
      vertex -0.913141 1.19003 153
    endloop
  endfacet
  facet normal -0 0 1
    outer loop
      vertex -1.82628 2.38006 153
      vertex -0.913141 1.19003 153
      vertex -1.66671 2.49441 153
    endloop
  endfacet
  facet normal 0 0 1
    outer loop
      vertex -0.913141 1.19003 153
      vertex -1.82628 2.38006 153
      vertex -0.989018 1.12776 153
    endloop
  endfacet
  facet normal -0 0 1
    outer loop
      vertex -1.97804 2.25552 153
      vertex -0.989018 1.12776 153
      vertex -1.82628 2.38006 153
    endloop
  endfacet
  facet normal 0 0 1
    outer loop
      vertex -0.989018 1.12776 153
      vertex -1.97804 2.25552 153
      vertex -1.06066 1.06066 153
    endloop
  endfacet
  facet normal -0 0 1
    outer loop
      vertex -2.12132 2.12132 153
      vertex -1.06066 1.06066 153
      vertex -1.97804 2.25552 153
    endloop
  endfacet
  facet normal 0 0 1
    outer loop
      vertex -1.06066 1.06066 153
      vertex -2.12132 2.12132 153
      vertex -1.12776 0.989018 153
    endloop
  endfacet
  facet normal -0 0 1
    outer loop
      vertex -2.25552 1.97804 153
      vertex -1.12776 0.989018 153
      vertex -2.12132 2.12132 153
    endloop
  endfacet
  facet normal 0 0 1
    outer loop
      vertex -1.12776 0.989018 153
      vertex -2.25552 1.97804 153
      vertex -1.19003 0.913141 153
    endloop
  endfacet
  facet normal -0 0 1
    outer loop
      vertex -2.38006 1.82628 153
      vertex -1.19003 0.913141 153
      vertex -2.25552 1.97804 153
    endloop
  endfacet
  facet normal 0 0 1
    outer loop
      vertex -1.19003 0.913141 153
      vertex -2.38006 1.82628 153
      vertex -1.2472 0.833355 153
    endloop
  endfacet
  facet normal -0 0 1
    outer loop
      vertex -2.49441 1.66671 153
      vertex -1.2472 0.833355 153
      vertex -2.38006 1.82628 153
    endloop
  endfacet
  facet normal 0 0 1
    outer loop
      vertex -1.2472 0.833355 153
      vertex -2.49441 1.66671 153
      vertex -1.29904 0.75 153
    endloop
  endfacet
  facet normal -0 0 1
    outer loop
      vertex -2.59808 1.5 153
      vertex -1.29904 0.75 153
      vertex -2.49441 1.66671 153
    endloop
  endfacet
  facet normal 0 0 1
    outer loop
      vertex -1.29904 0.75 153
      vertex -2.59808 1.5 153
      vertex -1.34531 0.663432 153
    endloop
  endfacet
  facet normal -0 0 1
    outer loop
      vertex -2.69062 1.32687 153
      vertex -1.34531 0.663432 153
      vertex -2.59808 1.5 153
    endloop
  endfacet
  facet normal 0 0 1
    outer loop
      vertex -1.5 0 153
      vertex -1.66671 -2.49441 153
      vertex -1.5 -2.59808 153
    endloop
  endfacet
  facet normal 0 0 1
    outer loop
      vertex -1.34531 0.663432 153
      vertex -2.69062 1.32687 153
      vertex -1.38582 0.574024 153
    endloop
  endfacet
  facet normal 0 0 1
    outer loop
      vertex -1.5 0 153
      vertex -1.82628 -2.38006 153
      vertex -1.66671 -2.49441 153
    endloop
  endfacet
  facet normal -0 0 1
    outer loop
      vertex -2.77164 1.14805 153
      vertex -1.38582 0.574024 153
      vertex -2.69062 1.32687 153
    endloop
  endfacet
  facet normal 0 0 1
    outer loop
      vertex -1.5 0 153
      vertex -1.97804 -2.25552 153
      vertex -1.82628 -2.38006 153
    endloop
  endfacet
  facet normal 0 0 1
    outer loop
      vertex -1.38582 0.574024 153
      vertex -2.77164 1.14805 153
      vertex -1.42039 0.482159 153
    endloop
  endfacet
  facet normal 0 0 1
    outer loop
      vertex -1.5 0 153
      vertex -2.12132 -2.12132 153
      vertex -1.97804 -2.25552 153
    endloop
  endfacet
  facet normal -0 0 1
    outer loop
      vertex -2.84079 0.964318 153
      vertex -1.42039 0.482159 153
      vertex -2.77164 1.14805 153
    endloop
  endfacet
  facet normal 0 0 1
    outer loop
      vertex -1.5 0 153
      vertex -2.25552 -1.97804 153
      vertex -2.12132 -2.12132 153
    endloop
  endfacet
  facet normal 0 0 1
    outer loop
      vertex -1.42039 0.482159 153
      vertex -2.84079 0.964318 153
      vertex -1.44889 0.388228 153
    endloop
  endfacet
  facet normal 0 0 1
    outer loop
      vertex -1.5 0 153
      vertex -2.38006 -1.82628 153
      vertex -2.25552 -1.97804 153
    endloop
  endfacet
  facet normal -0 0 1
    outer loop
      vertex -2.89778 0.776457 153
      vertex -1.44889 0.388228 153
      vertex -2.84079 0.964318 153
    endloop
  endfacet
  facet normal 0 0 1
    outer loop
      vertex -1.5 0 153
      vertex -2.49441 -1.66671 153
      vertex -2.38006 -1.82628 153
    endloop
  endfacet
  facet normal 0 0 1
    outer loop
      vertex -1.44889 0.388228 153
      vertex -2.89778 0.776457 153
      vertex -1.47118 0.292635 153
    endloop
  endfacet
  facet normal 0 0 1
    outer loop
      vertex -1.5 0 153
      vertex -2.59808 -1.5 153
      vertex -2.49441 -1.66671 153
    endloop
  endfacet
  facet normal -0 0 1
    outer loop
      vertex -2.94236 0.585271 153
      vertex -1.47118 0.292635 153
      vertex -2.89778 0.776457 153
    endloop
  endfacet
  facet normal 0 0 1
    outer loop
      vertex -1.5 0 153
      vertex -2.69062 -1.32687 153
      vertex -2.59808 -1.5 153
    endloop
  endfacet
  facet normal 0 0 1
    outer loop
      vertex -1.47118 0.292635 153
      vertex -2.94236 0.585271 153
      vertex -1.48717 0.195788 153
    endloop
  endfacet
  facet normal 0 0 1
    outer loop
      vertex -1.5 0 153
      vertex -2.77164 -1.14805 153
      vertex -2.69062 -1.32687 153
    endloop
  endfacet
  facet normal -0 0 1
    outer loop
      vertex -2.97433 0.391578 153
      vertex -1.48717 0.195788 153
      vertex -2.94236 0.585271 153
    endloop
  endfacet
  facet normal 0 0 1
    outer loop
      vertex -1.5 0 153
      vertex -2.84079 -0.964318 153
      vertex -2.77164 -1.14805 153
    endloop
  endfacet
  facet normal 0 0 1
    outer loop
      vertex -1.48717 0.195788 153
      vertex -2.97433 0.391578 153
      vertex -1.49679 0.0981045 153
    endloop
  endfacet
  facet normal 0 0 1
    outer loop
      vertex -1.5 0 153
      vertex -2.89778 -0.776457 153
      vertex -2.84079 -0.964318 153
    endloop
  endfacet
  facet normal -0 0 1
    outer loop
      vertex -2.99358 0.196209 153
      vertex -1.49679 0.0981045 153
      vertex -2.97433 0.391578 153
    endloop
  endfacet
  facet normal 0 0 1
    outer loop
      vertex -1.5 0 153
      vertex -2.94236 -0.585271 153
      vertex -2.89778 -0.776457 153
    endloop
  endfacet
  facet normal 0 0 1
    outer loop
      vertex -1.49679 0.0981045 153
      vertex -2.99358 0.196209 153
      vertex -1.5 0 153
    endloop
  endfacet
  facet normal 0 0 1
    outer loop
      vertex -1.5 0 153
      vertex -2.97433 -0.391578 153
      vertex -2.94236 -0.585271 153
    endloop
  endfacet
  facet normal 0 0 1
    outer loop
      vertex -3 0 153
      vertex -1.5 0 153
      vertex -2.99358 0.196209 153
    endloop
  endfacet
  facet normal 0 0 1
    outer loop
      vertex -1.5 0 153
      vertex -2.99358 -0.196209 153
      vertex -2.97433 -0.391578 153
    endloop
  endfacet
  facet normal 0 0 1
    outer loop
      vertex -1.5 0 153
      vertex -3 0 153
      vertex -2.99358 -0.196209 153
    endloop
  endfacet
  facet normal 0 0 1
    outer loop
      vertex 1.5 0 153
      vertex 3 0 153
      vertex 2.99358 0.196209 153
    endloop
  endfacet
  facet normal 0 0 1
    outer loop
      vertex 1.49679 0.0981045 153
      vertex 2.99358 0.196209 153
      vertex 2.97433 0.391578 153
    endloop
  endfacet
  facet normal 0 0 1
    outer loop
      vertex 3 0 153
      vertex 1.5 0 153
      vertex 2.99358 -0.196209 153
    endloop
  endfacet
  facet normal 0 0 1
    outer loop
      vertex 1.49679 0.0981045 153
      vertex 2.97433 0.391578 153
      vertex 2.94236 0.585271 153
    endloop
  endfacet
  facet normal -0 0 1
    outer loop
      vertex 1.49679 -0.0981045 153
      vertex 2.99358 -0.196209 153
      vertex 1.5 0 153
    endloop
  endfacet
  facet normal 0 0 1
    outer loop
      vertex 1.49679 0.0981045 153
      vertex 2.94236 0.585271 153
      vertex 2.89778 0.776457 153
    endloop
  endfacet
  facet normal 0 0 1
    outer loop
      vertex 2.99358 -0.196209 153
      vertex 1.49679 -0.0981045 153
      vertex 2.97433 -0.391578 153
    endloop
  endfacet
  facet normal 0 0 1
    outer loop
      vertex 1.49679 0.0981045 153
      vertex 2.89778 0.776457 153
      vertex 2.84079 0.964318 153
    endloop
  endfacet
  facet normal -0 0 1
    outer loop
      vertex 1.48717 -0.195788 153
      vertex 2.97433 -0.391578 153
      vertex 1.49679 -0.0981045 153
    endloop
  endfacet
  facet normal 0 0 1
    outer loop
      vertex 1.49679 0.0981045 153
      vertex 2.84079 0.964318 153
      vertex 2.77164 1.14805 153
    endloop
  endfacet
  facet normal 0 0 1
    outer loop
      vertex 2.97433 -0.391578 153
      vertex 1.48717 -0.195788 153
      vertex 2.94236 -0.585271 153
    endloop
  endfacet
  facet normal 0 0 1
    outer loop
      vertex 1.49679 0.0981045 153
      vertex 2.77164 1.14805 153
      vertex 2.69062 1.32687 153
    endloop
  endfacet
  facet normal -0 0 1
    outer loop
      vertex 1.47118 -0.292635 153
      vertex 2.94236 -0.585271 153
      vertex 1.48717 -0.195788 153
    endloop
  endfacet
  facet normal 0 0 1
    outer loop
      vertex 1.49679 0.0981045 153
      vertex 2.69062 1.32687 153
      vertex 2.59808 1.5 153
    endloop
  endfacet
  facet normal 0 0 1
    outer loop
      vertex 2.94236 -0.585271 153
      vertex 1.47118 -0.292635 153
      vertex 2.89778 -0.776457 153
    endloop
  endfacet
  facet normal 0 0 1
    outer loop
      vertex 1.49679 0.0981045 153
      vertex 2.59808 1.5 153
      vertex 2.49441 1.66671 153
    endloop
  endfacet
  facet normal -0 0 1
    outer loop
      vertex 1.44889 -0.388228 153
      vertex 2.89778 -0.776457 153
      vertex 1.47118 -0.292635 153
    endloop
  endfacet
  facet normal 0 0 1
    outer loop
      vertex 1.49679 0.0981045 153
      vertex 2.49441 1.66671 153
      vertex 2.38006 1.82628 153
    endloop
  endfacet
  facet normal 0 0 1
    outer loop
      vertex 2.89778 -0.776457 153
      vertex 1.44889 -0.388228 153
      vertex 2.84079 -0.964318 153
    endloop
  endfacet
  facet normal 0 0 1
    outer loop
      vertex 1.49679 0.0981045 153
      vertex 2.38006 1.82628 153
      vertex 2.25552 1.97804 153
    endloop
  endfacet
  facet normal -0 0 1
    outer loop
      vertex 1.42039 -0.482159 153
      vertex 2.84079 -0.964318 153
      vertex 1.44889 -0.388228 153
    endloop
  endfacet
  facet normal 0 0 1
    outer loop
      vertex 1.49679 0.0981045 153
      vertex 2.25552 1.97804 153
      vertex 2.12132 2.12132 153
    endloop
  endfacet
  facet normal 0 0 1
    outer loop
      vertex 2.84079 -0.964318 153
      vertex 1.42039 -0.482159 153
      vertex 2.77164 -1.14805 153
    endloop
  endfacet
  facet normal 0 0 1
    outer loop
      vertex 1.49679 0.0981045 153
      vertex 2.12132 2.12132 153
      vertex 1.97804 2.25552 153
    endloop
  endfacet
  facet normal -0 0 1
    outer loop
      vertex 1.38582 -0.574024 153
      vertex 2.77164 -1.14805 153
      vertex 1.42039 -0.482159 153
    endloop
  endfacet
  facet normal 0 0 1
    outer loop
      vertex 1.49679 0.0981045 153
      vertex 1.97804 2.25552 153
      vertex 1.82628 2.38006 153
    endloop
  endfacet
  facet normal 0 0 1
    outer loop
      vertex 2.77164 -1.14805 153
      vertex 1.38582 -0.574024 153
      vertex 2.69062 -1.32687 153
    endloop
  endfacet
  facet normal 0 0 1
    outer loop
      vertex 1.49679 0.0981045 153
      vertex 1.82628 2.38006 153
      vertex 1.66671 2.49441 153
    endloop
  endfacet
  facet normal -0 0 1
    outer loop
      vertex 1.34531 -0.663432 153
      vertex 2.69062 -1.32687 153
      vertex 1.38582 -0.574024 153
    endloop
  endfacet
  facet normal 0 0 1
    outer loop
      vertex 0.833355 1.2472 153
      vertex 1.66671 2.49441 153
      vertex 1.5 2.59808 153
    endloop
  endfacet
  facet normal 0 0 1
    outer loop
      vertex 2.69062 -1.32687 153
      vertex 1.34531 -0.663432 153
      vertex 2.59808 -1.5 153
    endloop
  endfacet
  facet normal -0 0 1
    outer loop
      vertex 1.29904 -0.75 153
      vertex 2.59808 -1.5 153
      vertex 1.34531 -0.663432 153
    endloop
  endfacet
  facet normal 0 0 1
    outer loop
      vertex 2.59808 -1.5 153
      vertex 1.29904 -0.75 153
      vertex 2.49441 -1.66671 153
    endloop
  endfacet
  facet normal -0 0 1
    outer loop
      vertex 1.2472 -0.833355 153
      vertex 2.49441 -1.66671 153
      vertex 1.29904 -0.75 153
    endloop
  endfacet
  facet normal 0 0 1
    outer loop
      vertex 2.49441 -1.66671 153
      vertex 1.2472 -0.833355 153
      vertex 2.38006 -1.82628 153
    endloop
  endfacet
  facet normal -0 0 1
    outer loop
      vertex 1.19003 -0.913141 153
      vertex 2.38006 -1.82628 153
      vertex 1.2472 -0.833355 153
    endloop
  endfacet
  facet normal 0 0 1
    outer loop
      vertex 2.38006 -1.82628 153
      vertex 1.19003 -0.913141 153
      vertex 2.25552 -1.97804 153
    endloop
  endfacet
  facet normal -0 0 1
    outer loop
      vertex 1.12776 -0.989018 153
      vertex 2.25552 -1.97804 153
      vertex 1.19003 -0.913141 153
    endloop
  endfacet
  facet normal 0 0 1
    outer loop
      vertex 2.25552 -1.97804 153
      vertex 1.12776 -0.989018 153
      vertex 2.12132 -2.12132 153
    endloop
  endfacet
  facet normal -0 0 1
    outer loop
      vertex 1.06066 -1.06066 153
      vertex 2.12132 -2.12132 153
      vertex 1.12776 -0.989018 153
    endloop
  endfacet
  facet normal 0 0 1
    outer loop
      vertex 2.12132 -2.12132 153
      vertex 1.06066 -1.06066 153
      vertex 1.97804 -2.25552 153
    endloop
  endfacet
  facet normal -0 0 1
    outer loop
      vertex 0.989018 -1.12776 153
      vertex 1.97804 -2.25552 153
      vertex 1.06066 -1.06066 153
    endloop
  endfacet
  facet normal 0 0 1
    outer loop
      vertex 1.97804 -2.25552 153
      vertex 0.989018 -1.12776 153
      vertex 1.82628 -2.38006 153
    endloop
  endfacet
  facet normal -0 0 1
    outer loop
      vertex 0.913141 -1.19003 153
      vertex 1.82628 -2.38006 153
      vertex 0.989018 -1.12776 153
    endloop
  endfacet
  facet normal 0 0 1
    outer loop
      vertex 1.82628 -2.38006 153
      vertex 0.913141 -1.19003 153
      vertex 1.66671 -2.49441 153
    endloop
  endfacet
  facet normal -0 0 1
    outer loop
      vertex 0.833355 -1.2472 153
      vertex 1.66671 -2.49441 153
      vertex 0.913141 -1.19003 153
    endloop
  endfacet
  facet normal 0 0 1
    outer loop
      vertex 1.66671 -2.49441 153
      vertex 0.833355 -1.2472 153
      vertex 1.5 -2.59808 153
    endloop
  endfacet
  facet normal -0 0 1
    outer loop
      vertex 0.75 -1.29904 153
      vertex 1.5 -2.59808 153
      vertex 0.833355 -1.2472 153
    endloop
  endfacet
  facet normal 0 0 1
    outer loop
      vertex 1.5 -2.59808 153
      vertex 0.75 -1.29904 153
      vertex 1.32687 -2.69062 153
    endloop
  endfacet
  facet normal -0 0 1
    outer loop
      vertex 0.663432 -1.34531 153
      vertex 1.32687 -2.69062 153
      vertex 0.75 -1.29904 153
    endloop
  endfacet
  facet normal 0 0 1
    outer loop
      vertex 1.32687 -2.69062 153
      vertex 0.663432 -1.34531 153
      vertex 1.14805 -2.77164 153
    endloop
  endfacet
  facet normal -0 0 1
    outer loop
      vertex 0.574024 -1.38582 153
      vertex 1.14805 -2.77164 153
      vertex 0.663432 -1.34531 153
    endloop
  endfacet
  facet normal 0 0 1
    outer loop
      vertex 1.14805 -2.77164 153
      vertex 0.574024 -1.38582 153
      vertex 0.964318 -2.84079 153
    endloop
  endfacet
  facet normal -0 0 1
    outer loop
      vertex 0.482159 -1.42039 153
      vertex 0.964318 -2.84079 153
      vertex 0.574024 -1.38582 153
    endloop
  endfacet
  facet normal 0 0 1
    outer loop
      vertex 0.964318 -2.84079 153
      vertex 0.482159 -1.42039 153
      vertex 0.776457 -2.89778 153
    endloop
  endfacet
  facet normal -0 0 1
    outer loop
      vertex 0.388228 -1.44889 153
      vertex 0.776457 -2.89778 153
      vertex 0.482159 -1.42039 153
    endloop
  endfacet
  facet normal 0 0 1
    outer loop
      vertex 0.776457 -2.89778 153
      vertex 0.388228 -1.44889 153
      vertex 0.585271 -2.94236 153
    endloop
  endfacet
  facet normal -0 0 1
    outer loop
      vertex 0.292635 -1.47118 153
      vertex 0.585271 -2.94236 153
      vertex 0.388228 -1.44889 153
    endloop
  endfacet
  facet normal 0 0 1
    outer loop
      vertex 0.585271 -2.94236 153
      vertex 0.292635 -1.47118 153
      vertex 0.391578 -2.97433 153
    endloop
  endfacet
  facet normal -0 0 1
    outer loop
      vertex 0.195788 -1.48717 153
      vertex 0.391578 -2.97433 153
      vertex 0.292635 -1.47118 153
    endloop
  endfacet
  facet normal 0 0 1
    outer loop
      vertex 0.391578 -2.97433 153
      vertex 0.195788 -1.48717 153
      vertex 0.196209 -2.99358 153
    endloop
  endfacet
  facet normal -0 0 1
    outer loop
      vertex 0.0981045 -1.49679 153
      vertex 0.196209 -2.99358 153
      vertex 0.195788 -1.48717 153
    endloop
  endfacet
  facet normal -0 0 1
    outer loop
      vertex 0 -1.5 153
      vertex 0.196209 -2.99358 153
      vertex 0.0981045 -1.49679 153
    endloop
  endfacet
  facet normal 0 0 1
    outer loop
      vertex 0 -1.5 153
      vertex 0 -3 153
      vertex 0.196209 -2.99358 153
    endloop
  endfacet
  facet normal 0 0 1
    outer loop
      vertex -0.0981045 -1.49679 153
      vertex 0 -3 153
      vertex 0 -1.5 153
    endloop
  endfacet
  facet normal 0 0 1
    outer loop
      vertex -0.196209 -2.99358 153
      vertex -0.0981045 -1.49679 153
      vertex -0.195788 -1.48717 153
    endloop
  endfacet
  facet normal 0 0 1
    outer loop
      vertex -0.0981045 -1.49679 153
      vertex -0.196209 -2.99358 153
      vertex 0 -3 153
    endloop
  endfacet
  facet normal 0 0 1
    outer loop
      vertex -0.391578 -2.97433 153
      vertex -0.195788 -1.48717 153
      vertex -0.292635 -1.47118 153
    endloop
  endfacet
  facet normal 0 0 1
    outer loop
      vertex -0.585271 -2.94236 153
      vertex -0.292635 -1.47118 153
      vertex -0.388228 -1.44889 153
    endloop
  endfacet
  facet normal 0 0 1
    outer loop
      vertex -0.195788 -1.48717 153
      vertex -0.391578 -2.97433 153
      vertex -0.196209 -2.99358 153
    endloop
  endfacet
  facet normal 0 0 1
    outer loop
      vertex -0.776457 -2.89778 153
      vertex -0.388228 -1.44889 153
      vertex -0.482159 -1.42039 153
    endloop
  endfacet
  facet normal 0 0 1
    outer loop
      vertex -0.964318 -2.84079 153
      vertex -0.482159 -1.42039 153
      vertex -0.574024 -1.38582 153
    endloop
  endfacet
  facet normal 0 0 1
    outer loop
      vertex -0.292635 -1.47118 153
      vertex -0.585271 -2.94236 153
      vertex -0.391578 -2.97433 153
    endloop
  endfacet
  facet normal 0 0 1
    outer loop
      vertex -1.14805 -2.77164 153
      vertex -0.574024 -1.38582 153
      vertex -0.663432 -1.34531 153
    endloop
  endfacet
  facet normal 0 0 1
    outer loop
      vertex -1.32687 -2.69062 153
      vertex -0.663432 -1.34531 153
      vertex -0.75 -1.29904 153
    endloop
  endfacet
  facet normal 0 0 1
    outer loop
      vertex -0.388228 -1.44889 153
      vertex -0.776457 -2.89778 153
      vertex -0.585271 -2.94236 153
    endloop
  endfacet
  facet normal 0 0 1
    outer loop
      vertex -1.5 -2.59808 153
      vertex -0.75 -1.29904 153
      vertex -0.833355 -1.2472 153
    endloop
  endfacet
  facet normal 0 0 1
    outer loop
      vertex -1.5 -2.59808 153
      vertex -0.833355 -1.2472 153
      vertex -0.913141 -1.19003 153
    endloop
  endfacet
  facet normal 0 0 1
    outer loop
      vertex -0.482159 -1.42039 153
      vertex -0.964318 -2.84079 153
      vertex -0.776457 -2.89778 153
    endloop
  endfacet
  facet normal 0 0 1
    outer loop
      vertex -1.5 -2.59808 153
      vertex -0.913141 -1.19003 153
      vertex -0.989018 -1.12776 153
    endloop
  endfacet
  facet normal 0 0 1
    outer loop
      vertex -1.5 -2.59808 153
      vertex -0.989018 -1.12776 153
      vertex -1.06066 -1.06066 153
    endloop
  endfacet
  facet normal 0 0 1
    outer loop
      vertex -1.5 -2.59808 153
      vertex -1.06066 -1.06066 153
      vertex -1.12776 -0.989018 153
    endloop
  endfacet
  facet normal 0 0 1
    outer loop
      vertex -0.574024 -1.38582 153
      vertex -1.14805 -2.77164 153
      vertex -0.964318 -2.84079 153
    endloop
  endfacet
  facet normal 0 0 1
    outer loop
      vertex -1.5 -2.59808 153
      vertex -1.12776 -0.989018 153
      vertex -1.19003 -0.913141 153
    endloop
  endfacet
  facet normal 0 0 1
    outer loop
      vertex -1.5 -2.59808 153
      vertex -1.19003 -0.913141 153
      vertex -1.2472 -0.833355 153
    endloop
  endfacet
  facet normal 0 0 1
    outer loop
      vertex -1.5 -2.59808 153
      vertex -1.2472 -0.833355 153
      vertex -1.29904 -0.75 153
    endloop
  endfacet
  facet normal 0 0 1
    outer loop
      vertex -0.663432 -1.34531 153
      vertex -1.32687 -2.69062 153
      vertex -1.14805 -2.77164 153
    endloop
  endfacet
  facet normal 0 0 1
    outer loop
      vertex -1.5 -2.59808 153
      vertex -1.29904 -0.75 153
      vertex -1.34531 -0.663432 153
    endloop
  endfacet
  facet normal 0 0 1
    outer loop
      vertex -1.5 -2.59808 153
      vertex -1.34531 -0.663432 153
      vertex -1.38582 -0.574024 153
    endloop
  endfacet
  facet normal 0 0 1
    outer loop
      vertex -1.5 -2.59808 153
      vertex -1.38582 -0.574024 153
      vertex -1.42039 -0.482159 153
    endloop
  endfacet
  facet normal 0 0 1
    outer loop
      vertex -1.5 -2.59808 153
      vertex -1.42039 -0.482159 153
      vertex -1.44889 -0.388228 153
    endloop
  endfacet
  facet normal 0 0 1
    outer loop
      vertex -1.5 -2.59808 153
      vertex -1.44889 -0.388228 153
      vertex -1.47118 -0.292635 153
    endloop
  endfacet
  facet normal 0 0 1
    outer loop
      vertex -1.5 -2.59808 153
      vertex -1.47118 -0.292635 153
      vertex -1.48717 -0.195788 153
    endloop
  endfacet
  facet normal 0 0 1
    outer loop
      vertex -1.5 -2.59808 153
      vertex -1.48717 -0.195788 153
      vertex -1.49679 -0.0981045 153
    endloop
  endfacet
  facet normal 0 0 1
    outer loop
      vertex -0.75 -1.29904 153
      vertex -1.5 -2.59808 153
      vertex -1.32687 -2.69062 153
    endloop
  endfacet
  facet normal 0 0 1
    outer loop
      vertex -1.5 -2.59808 153
      vertex -1.49679 -0.0981045 153
      vertex -1.5 0 153
    endloop
  endfacet
  facet normal 0.411993 -0.574916 0.706918
    outer loop
      vertex 1.82628 -2.38006 153
      vertex 1.66671 -2.49441 153
      vertex 2.43505 -3.17341 152
    endloop
  endfacet
  facet normal 0.516241 0.483492 0.706916
    outer loop
      vertex 2.82843 2.82843 152
      vertex 2.25552 1.97804 153
      vertex 3.00736 2.63738 152
    endloop
  endfacet
  facet normal 0.516222 0.483508 0.706919
    outer loop
      vertex 2.25552 1.97804 153
      vertex 2.82843 2.82843 152
      vertex 2.12132 2.12132 153
    endloop
  endfacet
  facet normal -0.333418 -0.623781 0.706915
    outer loop
      vertex -1.5 -2.59808 153
      vertex -1.76915 -3.58749 152
      vertex -1.32687 -2.69062 153
    endloop
  endfacet
  facet normal -0.623783 -0.333414 0.706916
    outer loop
      vertex -2.59808 -1.5 153
      vertex -3.58749 -1.76915 152
      vertex -3.4641 -2 152
    endloop
  endfacet
  facet normal -0.623781 -0.333418 0.706915
    outer loop
      vertex -2.69062 -1.32687 153
      vertex -3.58749 -1.76915 152
      vertex -2.59808 -1.5 153
    endloop
  endfacet
  facet normal 0.333418 0.623781 0.706915
    outer loop
      vertex 1.76915 3.58749 152
      vertex 1.32687 2.69062 153
      vertex 1.5 2.59808 153
    endloop
  endfacet
  facet normal 0.291899 0.644254 0.706917
    outer loop
      vertex 1.53073 3.69552 152
      vertex 1.14805 2.77164 153
      vertex 1.32687 2.69062 153
    endloop
  endfacet
  facet normal 0.205328 -0.676839 0.706916
    outer loop
      vertex 0.964318 -2.84079 153
      vertex 0.776457 -2.89778 153
      vertex 1.03528 -3.8637 152
    endloop
  endfacet
  facet normal 0.291914 0.644249 0.706915
    outer loop
      vertex 1.53073 3.69552 152
      vertex 1.32687 2.69062 153
      vertex 1.76915 3.58749 152
    endloop
  endfacet
  facet normal -0.574916 -0.411993 0.706918
    outer loop
      vertex -2.49441 -1.66671 153
      vertex -3.17341 -2.43505 152
      vertex -2.38006 -1.82628 153
    endloop
  endfacet
  facet normal -0.411993 -0.574916 0.706918
    outer loop
      vertex -1.82628 -2.38006 153
      vertex -2.43505 -3.17341 152
      vertex -1.66671 -2.49441 153
    endloop
  endfacet
  facet normal -0.205328 -0.676839 0.706916
    outer loop
      vertex -0.964318 -2.84079 153
      vertex -1.03528 -3.8637 152
      vertex -0.776457 -2.89778 153
    endloop
  endfacet
  facet normal 0.205312 -0.676842 0.706918
    outer loop
      vertex 1.28576 -3.78772 152
      vertex 0.964318 -2.84079 153
      vertex 1.03528 -3.8637 152
    endloop
  endfacet
  facet normal 0.249145 -0.661963 0.706918
    outer loop
      vertex 1.53073 -3.69552 152
      vertex 0.964318 -2.84079 153
      vertex 1.28576 -3.78772 152
    endloop
  endfacet
  facet normal 0.160616 -0.68882 0.706916
    outer loop
      vertex 0.776457 -2.89778 153
      vertex 0.585271 -2.94236 153
      vertex 1.03528 -3.8637 152
    endloop
  endfacet
  facet normal 0.995186 0.0980072 0
    outer loop
      vertex 1.49679 0.0981045 13
      vertex 1.48717 0.195788 0.330001
      vertex 1.48717 0.195788 13
    endloop
  endfacet
  facet normal 0.995186 0.0980072 0
    outer loop
      vertex 1.48717 0.195788 0.330001
      vertex 1.49679 0.0981045 13
      vertex 1.49679 0.0981045 0.330001
    endloop
  endfacet
  facet normal 0.999465 0.0327027 0
    outer loop
      vertex 1.5 0 13
      vertex 1.49679 0.0981045 0.330001
      vertex 1.49679 0.0981045 13
    endloop
  endfacet
  facet normal 0.999465 0.0327027 0
    outer loop
      vertex 1.49679 0.0981045 0.330001
      vertex 1.5 0 13
      vertex 1.5 0 0.330001
    endloop
  endfacet
  facet normal 0.986643 0.1629 0
    outer loop
      vertex 1.48717 0.195788 13
      vertex 1.47118 0.292635 0.330001
      vertex 1.47118 0.292635 13
    endloop
  endfacet
  facet normal 0.986643 0.1629 0
    outer loop
      vertex 1.47118 0.292635 0.330001
      vertex 1.48717 0.195788 13
      vertex 1.48717 0.195788 0.330001
    endloop
  endfacet
  facet normal 0.471384 -0.881928 0
    outer loop
      vertex 0.663432 -1.34531 0.330001
      vertex 0.75 -1.29904 13
      vertex 0.663432 -1.34531 13
    endloop
  endfacet
  facet normal 0.471384 -0.881928 0
    outer loop
      vertex 0.75 -1.29904 13
      vertex 0.663432 -1.34531 0.330001
      vertex 0.75 -1.29904 0.330001
    endloop
  endfacet
  facet normal 0.849172 0.528116 0
    outer loop
      vertex 1.29904 0.75 13
      vertex 1.2472 0.833355 0.330001
      vertex 1.2472 0.833355 13
    endloop
  endfacet
  facet normal 0.849172 0.528116 0
    outer loop
      vertex 1.2472 0.833355 0.330001
      vertex 1.29904 0.75 13
      vertex 1.29904 0.75 0.330001
    endloop
  endfacet
  facet normal 0.412705 0.910865 -0
    outer loop
      vertex 0.663432 1.34531 0.330001
      vertex 0.574024 1.38582 13
      vertex 0.663432 1.34531 13
    endloop
  endfacet
  facet normal 0.412705 0.910865 0
    outer loop
      vertex 0.574024 1.38582 13
      vertex 0.663432 1.34531 0.330001
      vertex 0.574024 1.38582 0.330001
    endloop
  endfacet
  facet normal -0.528116 0.849172 0
    outer loop
      vertex -0.75 1.29904 0.330001
      vertex -0.833355 1.2472 13
      vertex -0.75 1.29904 13
    endloop
  endfacet
  facet normal -0.528116 0.849172 0
    outer loop
      vertex -0.833355 1.2472 13
      vertex -0.75 1.29904 0.330001
      vertex -0.833355 1.2472 0.330001
    endloop
  endfacet
  facet normal -0.412705 0.910865 0
    outer loop
      vertex -0.574024 1.38582 0.330001
      vertex -0.663432 1.34531 13
      vertex -0.574024 1.38582 13
    endloop
  endfacet
  facet normal -0.412705 0.910865 0
    outer loop
      vertex -0.663432 1.34531 13
      vertex -0.574024 1.38582 0.330001
      vertex -0.663432 1.34531 0.330001
    endloop
  endfacet
  facet normal 0.935925 0.352201 0
    outer loop
      vertex 1.42039 0.482159 13
      vertex 1.38582 0.574024 0.330001
      vertex 1.38582 0.574024 13
    endloop
  endfacet
  facet normal 0.935925 0.352201 0
    outer loop
      vertex 1.38582 0.574024 0.330001
      vertex 1.42039 0.482159 13
      vertex 1.42039 0.482159 0.330001
    endloop
  endfacet
  facet normal -0.528116 -0.849172 0
    outer loop
      vertex -0.833355 -1.2472 0.330001
      vertex -0.75 -1.29904 13
      vertex -0.833355 -1.2472 13
    endloop
  endfacet
  facet normal -0.528116 -0.849172 -0
    outer loop
      vertex -0.75 -1.29904 13
      vertex -0.833355 -1.2472 0.330001
      vertex -0.75 -1.29904 0.330001
    endloop
  endfacet
  facet normal -0.995186 -0.0980072 0
    outer loop
      vertex -1.48717 -0.195788 0.330001
      vertex -1.49679 -0.0981045 13
      vertex -1.49679 -0.0981045 0.330001
    endloop
  endfacet
  facet normal -0.995186 -0.0980072 0
    outer loop
      vertex -1.49679 -0.0981045 13
      vertex -1.48717 -0.195788 0.330001
      vertex -1.48717 -0.195788 13
    endloop
  endfacet
  facet normal 0.973875 0.227084 0
    outer loop
      vertex 1.47118 0.292635 13
      vertex 1.44889 0.388228 0.330001
      vertex 1.44889 0.388228 13
    endloop
  endfacet
  facet normal 0.973875 0.227084 0
    outer loop
      vertex 1.44889 0.388228 0.330001
      vertex 1.47118 0.292635 13
      vertex 1.47118 0.292635 0.330001
    endloop
  endfacet
  facet normal 0.910865 0.412705 0
    outer loop
      vertex 1.38582 0.574024 13
      vertex 1.34531 0.663432 0.330001
      vertex 1.34531 0.663432 13
    endloop
  endfacet
  facet normal 0.910865 0.412705 0
    outer loop
      vertex 1.34531 0.663432 0.330001
      vertex 1.38582 0.574024 13
      vertex 1.38582 0.574024 0.330001
    endloop
  endfacet
  facet normal 0.986643 -0.1629 0
    outer loop
      vertex 1.47118 -0.292635 13
      vertex 1.48717 -0.195788 0.330001
      vertex 1.48717 -0.195788 13
    endloop
  endfacet
  facet normal 0.986643 -0.1629 0
    outer loop
      vertex 1.48717 -0.195788 0.330001
      vertex 1.47118 -0.292635 13
      vertex 1.47118 -0.292635 0.330001
    endloop
  endfacet
  facet normal 0.729864 0.683592 0
    outer loop
      vertex 1.12776 0.989018 13
      vertex 1.06066 1.06066 0.330001
      vertex 1.06066 1.06066 13
    endloop
  endfacet
  facet normal 0.729864 0.683592 0
    outer loop
      vertex 1.06066 1.06066 0.330001
      vertex 1.12776 0.989018 13
      vertex 1.12776 0.989018 0.330001
    endloop
  endfacet
  facet normal -0.290344 0.956922 0
    outer loop
      vertex -0.388228 1.44889 0.330001
      vertex -0.482159 1.42039 13
      vertex -0.388228 1.44889 13
    endloop
  endfacet
  facet normal -0.290344 0.956922 0
    outer loop
      vertex -0.482159 1.42039 13
      vertex -0.388228 1.44889 0.330001
      vertex -0.482159 1.42039 0.330001
    endloop
  endfacet
  facet normal 0.773014 0.634389 0
    outer loop
      vertex 1.19003 0.913141 13
      vertex 1.12776 0.989018 0.330001
      vertex 1.12776 0.989018 13
    endloop
  endfacet
  facet normal 0.773014 0.634389 0
    outer loop
      vertex 1.12776 0.989018 0.330001
      vertex 1.19003 0.913141 13
      vertex 1.19003 0.913141 0.330001
    endloop
  endfacet
  facet normal -0.881928 -0.471384 0
    outer loop
      vertex -1.29904 -0.75 0.330001
      vertex -1.34531 -0.663432 13
      vertex -1.34531 -0.663432 0.330001
    endloop
  endfacet
  facet normal -0.881928 -0.471384 0
    outer loop
      vertex -1.34531 -0.663432 13
      vertex -1.29904 -0.75 0.330001
      vertex -1.29904 -0.75 13
    endloop
  endfacet
  facet normal 0.290344 -0.956922 0
    outer loop
      vertex 0.388228 -1.44889 0.330001
      vertex 0.482159 -1.42039 13
      vertex 0.388228 -1.44889 13
    endloop
  endfacet
  facet normal 0.290344 -0.956922 0
    outer loop
      vertex 0.482159 -1.42039 13
      vertex 0.388228 -1.44889 0.330001
      vertex 0.482159 -1.42039 0.330001
    endloop
  endfacet
  facet normal -0.935925 -0.352201 0
    outer loop
      vertex -1.38582 -0.574024 0.330001
      vertex -1.42039 -0.482159 13
      vertex -1.42039 -0.482159 0.330001
    endloop
  endfacet
  facet normal -0.935925 -0.352201 0
    outer loop
      vertex -1.42039 -0.482159 13
      vertex -1.38582 -0.574024 0.330001
      vertex -1.38582 -0.574024 13
    endloop
  endfacet
  facet normal -0.683592 0.729864 0
    outer loop
      vertex -0.989018 1.12776 0.330001
      vertex -1.06066 1.06066 13
      vertex -0.989018 1.12776 13
    endloop
  endfacet
  facet normal -0.683592 0.729864 0
    outer loop
      vertex -1.06066 1.06066 13
      vertex -0.989018 1.12776 0.330001
      vertex -1.06066 1.06066 0.330001
    endloop
  endfacet
  facet normal 0.0980072 -0.995186 0
    outer loop
      vertex 0.0981045 -1.49679 0.330001
      vertex 0.195788 -1.48717 13
      vertex 0.0981045 -1.49679 13
    endloop
  endfacet
  facet normal 0.0980072 -0.995186 0
    outer loop
      vertex 0.195788 -1.48717 13
      vertex 0.0981045 -1.49679 0.330001
      vertex 0.195788 -1.48717 0.330001
    endloop
  endfacet
  facet normal 0.0980072 0.995186 -0
    outer loop
      vertex 0.195788 1.48717 0.330001
      vertex 0.0981045 1.49679 13
      vertex 0.195788 1.48717 13
    endloop
  endfacet
  facet normal 0.0980072 0.995186 0
    outer loop
      vertex 0.0981045 1.49679 13
      vertex 0.195788 1.48717 0.330001
      vertex 0.0981045 1.49679 0.330001
    endloop
  endfacet
  facet normal 0.729864 -0.683592 0
    outer loop
      vertex 1.06066 -1.06066 13
      vertex 1.12776 -0.989018 0.330001
      vertex 1.12776 -0.989018 13
    endloop
  endfacet
  facet normal 0.729864 -0.683592 0
    outer loop
      vertex 1.12776 -0.989018 0.330001
      vertex 1.06066 -1.06066 13
      vertex 1.06066 -1.06066 0.330001
    endloop
  endfacet
  facet normal -0.986643 0.1629 0
    outer loop
      vertex -1.48717 0.195788 0.330001
      vertex -1.47118 0.292635 13
      vertex -1.47118 0.292635 0.330001
    endloop
  endfacet
  facet normal -0.986643 0.1629 0
    outer loop
      vertex -1.47118 0.292635 13
      vertex -1.48717 0.195788 0.330001
      vertex -1.48717 0.195788 13
    endloop
  endfacet
  facet normal 0.352201 -0.935925 0
    outer loop
      vertex 0.482159 -1.42039 0.330001
      vertex 0.574024 -1.38582 13
      vertex 0.482159 -1.42039 13
    endloop
  endfacet
  facet normal 0.352201 -0.935925 0
    outer loop
      vertex 0.574024 -1.38582 13
      vertex 0.482159 -1.42039 0.330001
      vertex 0.574024 -1.38582 0.330001
    endloop
  endfacet
  facet normal -0.986643 -0.1629 0
    outer loop
      vertex -1.47118 -0.292635 0.330001
      vertex -1.48717 -0.195788 13
      vertex -1.48717 -0.195788 0.330001
    endloop
  endfacet
  facet normal -0.986643 -0.1629 0
    outer loop
      vertex -1.48717 -0.195788 13
      vertex -1.47118 -0.292635 0.330001
      vertex -1.47118 -0.292635 13
    endloop
  endfacet
  facet normal -0.812865 0.582452 0
    outer loop
      vertex -1.2472 0.833355 0.330001
      vertex -1.19003 0.913141 13
      vertex -1.19003 0.913141 0.330001
    endloop
  endfacet
  facet normal -0.812865 0.582452 0
    outer loop
      vertex -1.19003 0.913141 13
      vertex -1.2472 0.833355 0.330001
      vertex -1.2472 0.833355 13
    endloop
  endfacet
  facet normal -0.0327027 0.999465 0
    outer loop
      vertex 0 1.5 0.330001
      vertex -0.0981045 1.49679 13
      vertex 0 1.5 13
    endloop
  endfacet
  facet normal -0.0327027 0.999465 0
    outer loop
      vertex -0.0981045 1.49679 13
      vertex 0 1.5 0.330001
      vertex -0.0981045 1.49679 0.330001
    endloop
  endfacet
  facet normal -0.352201 0.935925 0
    outer loop
      vertex -0.482159 1.42039 0.330001
      vertex -0.574024 1.38582 13
      vertex -0.482159 1.42039 13
    endloop
  endfacet
  facet normal -0.352201 0.935925 0
    outer loop
      vertex -0.574024 1.38582 13
      vertex -0.482159 1.42039 0.330001
      vertex -0.574024 1.38582 0.330001
    endloop
  endfacet
  facet normal 0.352201 0.935925 -0
    outer loop
      vertex 0.574024 1.38582 0.330001
      vertex 0.482159 1.42039 13
      vertex 0.574024 1.38582 13
    endloop
  endfacet
  facet normal 0.352201 0.935925 0
    outer loop
      vertex 0.482159 1.42039 13
      vertex 0.574024 1.38582 0.330001
      vertex 0.482159 1.42039 0.330001
    endloop
  endfacet
  facet normal -0.881928 0.471384 0
    outer loop
      vertex -1.34531 0.663432 0.330001
      vertex -1.29904 0.75 13
      vertex -1.29904 0.75 0.330001
    endloop
  endfacet
  facet normal -0.881928 0.471384 0
    outer loop
      vertex -1.29904 0.75 13
      vertex -1.34531 0.663432 0.330001
      vertex -1.34531 0.663432 13
    endloop
  endfacet
  facet normal 0.881928 -0.471384 0
    outer loop
      vertex 1.29904 -0.75 13
      vertex 1.34531 -0.663432 0.330001
      vertex 1.34531 -0.663432 13
    endloop
  endfacet
  facet normal 0.881928 -0.471384 0
    outer loop
      vertex 1.34531 -0.663432 0.330001
      vertex 1.29904 -0.75 13
      vertex 1.29904 -0.75 0.330001
    endloop
  endfacet
  facet normal 0.528116 0.849172 -0
    outer loop
      vertex 0.833355 1.2472 0.330001
      vertex 0.75 1.29904 13
      vertex 0.833355 1.2472 13
    endloop
  endfacet
  facet normal 0.528116 0.849172 0
    outer loop
      vertex 0.75 1.29904 13
      vertex 0.833355 1.2472 0.330001
      vertex 0.75 1.29904 0.330001
    endloop
  endfacet
  facet normal 0.290344 0.956922 -0
    outer loop
      vertex 0.482159 1.42039 0.330001
      vertex 0.388228 1.44889 13
      vertex 0.482159 1.42039 13
    endloop
  endfacet
  facet normal 0.290344 0.956922 0
    outer loop
      vertex 0.388228 1.44889 13
      vertex 0.482159 1.42039 0.330001
      vertex 0.388228 1.44889 0.330001
    endloop
  endfacet
  facet normal 0.528116 -0.849172 0
    outer loop
      vertex 0.75 -1.29904 0.330001
      vertex 0.833355 -1.2472 13
      vertex 0.75 -1.29904 13
    endloop
  endfacet
  facet normal 0.528116 -0.849172 0
    outer loop
      vertex 0.833355 -1.2472 13
      vertex 0.75 -1.29904 0.330001
      vertex 0.833355 -1.2472 0.330001
    endloop
  endfacet
  facet normal 0.773014 -0.634389 0
    outer loop
      vertex 1.12776 -0.989018 13
      vertex 1.19003 -0.913141 0.330001
      vertex 1.19003 -0.913141 13
    endloop
  endfacet
  facet normal 0.773014 -0.634389 0
    outer loop
      vertex 1.19003 -0.913141 0.330001
      vertex 1.12776 -0.989018 13
      vertex 1.12776 -0.989018 0.330001
    endloop
  endfacet
  facet normal 0.812865 0.582452 0
    outer loop
      vertex 1.2472 0.833355 13
      vertex 1.19003 0.913141 0.330001
      vertex 1.19003 0.913141 13
    endloop
  endfacet
  facet normal 0.812865 0.582452 0
    outer loop
      vertex 1.19003 0.913141 0.330001
      vertex 1.2472 0.833355 13
      vertex 1.2472 0.833355 0.330001
    endloop
  endfacet
  facet normal 0.849172 -0.528116 0
    outer loop
      vertex 1.2472 -0.833355 13
      vertex 1.29904 -0.75 0.330001
      vertex 1.29904 -0.75 13
    endloop
  endfacet
  facet normal 0.849172 -0.528116 0
    outer loop
      vertex 1.29904 -0.75 0.330001
      vertex 1.2472 -0.833355 13
      vertex 1.2472 -0.833355 0.330001
    endloop
  endfacet
  facet normal -0.849172 0.528116 0
    outer loop
      vertex -1.29904 0.75 0.330001
      vertex -1.2472 0.833355 13
      vertex -1.2472 0.833355 0.330001
    endloop
  endfacet
  facet normal -0.849172 0.528116 0
    outer loop
      vertex -1.2472 0.833355 13
      vertex -1.29904 0.75 0.330001
      vertex -1.29904 0.75 13
    endloop
  endfacet
  facet normal -0.812865 -0.582452 0
    outer loop
      vertex -1.19003 -0.913141 0.330001
      vertex -1.2472 -0.833355 13
      vertex -1.2472 -0.833355 0.330001
    endloop
  endfacet
  facet normal -0.812865 -0.582452 0
    outer loop
      vertex -1.2472 -0.833355 13
      vertex -1.19003 -0.913141 0.330001
      vertex -1.19003 -0.913141 13
    endloop
  endfacet
  facet normal 0.582452 -0.812865 0
    outer loop
      vertex 0.833355 -1.2472 0.330001
      vertex 0.913141 -1.19003 13
      vertex 0.833355 -1.2472 13
    endloop
  endfacet
  facet normal 0.582452 -0.812865 0
    outer loop
      vertex 0.913141 -1.19003 13
      vertex 0.833355 -1.2472 0.330001
      vertex 0.913141 -1.19003 0.330001
    endloop
  endfacet
  facet normal 0.956922 0.290344 0
    outer loop
      vertex 1.44889 0.388228 13
      vertex 1.42039 0.482159 0.330001
      vertex 1.42039 0.482159 13
    endloop
  endfacet
  facet normal 0.956922 0.290344 0
    outer loop
      vertex 1.42039 0.482159 0.330001
      vertex 1.44889 0.388228 13
      vertex 1.44889 0.388228 0.330001
    endloop
  endfacet
  facet normal 0.881928 0.471384 0
    outer loop
      vertex 1.34531 0.663432 13
      vertex 1.29904 0.75 0.330001
      vertex 1.29904 0.75 13
    endloop
  endfacet
  facet normal 0.881928 0.471384 0
    outer loop
      vertex 1.29904 0.75 0.330001
      vertex 1.34531 0.663432 13
      vertex 1.34531 0.663432 0.330001
    endloop
  endfacet
  facet normal -0.471384 -0.881928 0
    outer loop
      vertex -0.75 -1.29904 0.330001
      vertex -0.663432 -1.34531 13
      vertex -0.75 -1.29904 13
    endloop
  endfacet
  facet normal -0.471384 -0.881928 -0
    outer loop
      vertex -0.663432 -1.34531 13
      vertex -0.75 -1.29904 0.330001
      vertex -0.663432 -1.34531 0.330001
    endloop
  endfacet
  facet normal -0.634389 -0.773014 0
    outer loop
      vertex -0.989018 -1.12776 0.330001
      vertex -0.913141 -1.19003 13
      vertex -0.989018 -1.12776 13
    endloop
  endfacet
  facet normal -0.634389 -0.773014 -0
    outer loop
      vertex -0.913141 -1.19003 13
      vertex -0.989018 -1.12776 0.330001
      vertex -0.913141 -1.19003 0.330001
    endloop
  endfacet
  facet normal -0.910865 -0.412705 0
    outer loop
      vertex -1.34531 -0.663432 0.330001
      vertex -1.38582 -0.574024 13
      vertex -1.38582 -0.574024 0.330001
    endloop
  endfacet
  facet normal -0.910865 -0.412705 0
    outer loop
      vertex -1.38582 -0.574024 13
      vertex -1.34531 -0.663432 0.330001
      vertex -1.34531 -0.663432 13
    endloop
  endfacet
  facet normal -0.956922 -0.290344 0
    outer loop
      vertex -1.42039 -0.482159 0.330001
      vertex -1.44889 -0.388228 13
      vertex -1.44889 -0.388228 0.330001
    endloop
  endfacet
  facet normal -0.956922 -0.290344 0
    outer loop
      vertex -1.44889 -0.388228 13
      vertex -1.42039 -0.482159 0.330001
      vertex -1.42039 -0.482159 13
    endloop
  endfacet
  facet normal -0.849172 -0.528116 0
    outer loop
      vertex -1.2472 -0.833355 0.330001
      vertex -1.29904 -0.75 13
      vertex -1.29904 -0.75 0.330001
    endloop
  endfacet
  facet normal -0.849172 -0.528116 0
    outer loop
      vertex -1.29904 -0.75 13
      vertex -1.2472 -0.833355 0.330001
      vertex -1.2472 -0.833355 13
    endloop
  endfacet
  facet normal -0.729864 -0.683592 0
    outer loop
      vertex -1.06066 -1.06066 0.330001
      vertex -1.12776 -0.989018 13
      vertex -1.12776 -0.989018 0.330001
    endloop
  endfacet
  facet normal -0.729864 -0.683592 0
    outer loop
      vertex -1.12776 -0.989018 13
      vertex -1.06066 -1.06066 0.330001
      vertex -1.06066 -1.06066 13
    endloop
  endfacet
  facet normal -0.935925 0.352201 0
    outer loop
      vertex -1.42039 0.482159 0.330001
      vertex -1.38582 0.574024 13
      vertex -1.38582 0.574024 0.330001
    endloop
  endfacet
  facet normal -0.935925 0.352201 0
    outer loop
      vertex -1.38582 0.574024 13
      vertex -1.42039 0.482159 0.330001
      vertex -1.42039 0.482159 13
    endloop
  endfacet
  facet normal 0.412705 -0.910865 0
    outer loop
      vertex 0.574024 -1.38582 0.330001
      vertex 0.663432 -1.34531 13
      vertex 0.574024 -1.38582 13
    endloop
  endfacet
  facet normal 0.412705 -0.910865 0
    outer loop
      vertex 0.663432 -1.34531 13
      vertex 0.574024 -1.38582 0.330001
      vertex 0.663432 -1.34531 0.330001
    endloop
  endfacet
  facet normal 0.683592 -0.729864 0
    outer loop
      vertex 0.989018 -1.12776 0.330001
      vertex 1.06066 -1.06066 13
      vertex 0.989018 -1.12776 13
    endloop
  endfacet
  facet normal 0.683592 -0.729864 0
    outer loop
      vertex 1.06066 -1.06066 13
      vertex 0.989018 -1.12776 0.330001
      vertex 1.06066 -1.06066 0.330001
    endloop
  endfacet
  facet normal -0.999465 -0.0327027 0
    outer loop
      vertex -1.49679 -0.0981045 0.330001
      vertex -1.5 0 13
      vertex -1.5 0 0.330001
    endloop
  endfacet
  facet normal -0.999465 -0.0327027 0
    outer loop
      vertex -1.5 0 13
      vertex -1.49679 -0.0981045 0.330001
      vertex -1.49679 -0.0981045 13
    endloop
  endfacet
  facet normal 0.471384 0.881928 -0
    outer loop
      vertex 0.75 1.29904 0.330001
      vertex 0.663432 1.34531 13
      vertex 0.75 1.29904 13
    endloop
  endfacet
  facet normal 0.471384 0.881928 0
    outer loop
      vertex 0.663432 1.34531 13
      vertex 0.75 1.29904 0.330001
      vertex 0.663432 1.34531 0.330001
    endloop
  endfacet
  facet normal -0.973875 -0.227084 0
    outer loop
      vertex -1.44889 -0.388228 0.330001
      vertex -1.47118 -0.292635 13
      vertex -1.47118 -0.292635 0.330001
    endloop
  endfacet
  facet normal -0.973875 -0.227084 0
    outer loop
      vertex -1.47118 -0.292635 13
      vertex -1.44889 -0.388228 0.330001
      vertex -1.44889 -0.388228 13
    endloop
  endfacet
  facet normal 0.0327027 -0.999465 0
    outer loop
      vertex 0 -1.5 0.330001
      vertex 0.0981045 -1.49679 13
      vertex 0 -1.5 13
    endloop
  endfacet
  facet normal 0.0327027 -0.999465 0
    outer loop
      vertex 0.0981045 -1.49679 13
      vertex 0 -1.5 0.330001
      vertex 0.0981045 -1.49679 0.330001
    endloop
  endfacet
  facet normal 0.995186 -0.0980072 0
    outer loop
      vertex 1.48717 -0.195788 13
      vertex 1.49679 -0.0981045 0.330001
      vertex 1.49679 -0.0981045 13
    endloop
  endfacet
  facet normal 0.995186 -0.0980072 0
    outer loop
      vertex 1.49679 -0.0981045 0.330001
      vertex 1.48717 -0.195788 13
      vertex 1.48717 -0.195788 0.330001
    endloop
  endfacet
  facet normal -0.773014 0.634389 0
    outer loop
      vertex -1.19003 0.913141 0.330001
      vertex -1.12776 0.989018 13
      vertex -1.12776 0.989018 0.330001
    endloop
  endfacet
  facet normal -0.773014 0.634389 0
    outer loop
      vertex -1.12776 0.989018 13
      vertex -1.19003 0.913141 0.330001
      vertex -1.19003 0.913141 13
    endloop
  endfacet
  facet normal 0.812865 -0.582452 0
    outer loop
      vertex 1.19003 -0.913141 13
      vertex 1.2472 -0.833355 0.330001
      vertex 1.2472 -0.833355 13
    endloop
  endfacet
  facet normal 0.812865 -0.582452 0
    outer loop
      vertex 1.2472 -0.833355 0.330001
      vertex 1.19003 -0.913141 13
      vertex 1.19003 -0.913141 0.330001
    endloop
  endfacet
  facet normal 0.634389 0.773014 -0
    outer loop
      vertex 0.989018 1.12776 0.330001
      vertex 0.913141 1.19003 13
      vertex 0.989018 1.12776 13
    endloop
  endfacet
  facet normal 0.634389 0.773014 0
    outer loop
      vertex 0.913141 1.19003 13
      vertex 0.989018 1.12776 0.330001
      vertex 0.913141 1.19003 0.330001
    endloop
  endfacet
  facet normal 0.973875 -0.227084 0
    outer loop
      vertex 1.44889 -0.388228 13
      vertex 1.47118 -0.292635 0.330001
      vertex 1.47118 -0.292635 13
    endloop
  endfacet
  facet normal 0.973875 -0.227084 0
    outer loop
      vertex 1.47118 -0.292635 0.330001
      vertex 1.44889 -0.388228 13
      vertex 1.44889 -0.388228 0.330001
    endloop
  endfacet
  facet normal -0.973875 0.227084 0
    outer loop
      vertex -1.47118 0.292635 0.330001
      vertex -1.44889 0.388228 13
      vertex -1.44889 0.388228 0.330001
    endloop
  endfacet
  facet normal -0.973875 0.227084 0
    outer loop
      vertex -1.44889 0.388228 13
      vertex -1.47118 0.292635 0.330001
      vertex -1.47118 0.292635 13
    endloop
  endfacet
  facet normal -0.1629 0.986643 0
    outer loop
      vertex -0.195788 1.48717 0.330001
      vertex -0.292635 1.47118 13
      vertex -0.195788 1.48717 13
    endloop
  endfacet
  facet normal -0.1629 0.986643 0
    outer loop
      vertex -0.292635 1.47118 13
      vertex -0.195788 1.48717 0.330001
      vertex -0.292635 1.47118 0.330001
    endloop
  endfacet
  facet normal 0.910865 -0.412705 0
    outer loop
      vertex 1.34531 -0.663432 13
      vertex 1.38582 -0.574024 0.330001
      vertex 1.38582 -0.574024 13
    endloop
  endfacet
  facet normal 0.910865 -0.412705 0
    outer loop
      vertex 1.38582 -0.574024 0.330001
      vertex 1.34531 -0.663432 13
      vertex 1.34531 -0.663432 0.330001
    endloop
  endfacet
  facet normal 0.935925 -0.352201 0
    outer loop
      vertex 1.38582 -0.574024 13
      vertex 1.42039 -0.482159 0.330001
      vertex 1.42039 -0.482159 13
    endloop
  endfacet
  facet normal 0.935925 -0.352201 0
    outer loop
      vertex 1.42039 -0.482159 0.330001
      vertex 1.38582 -0.574024 13
      vertex 1.38582 -0.574024 0.330001
    endloop
  endfacet
  facet normal 0.1629 0.986643 -0
    outer loop
      vertex 0.292635 1.47118 0.330001
      vertex 0.195788 1.48717 13
      vertex 0.292635 1.47118 13
    endloop
  endfacet
  facet normal 0.1629 0.986643 0
    outer loop
      vertex 0.195788 1.48717 13
      vertex 0.292635 1.47118 0.330001
      vertex 0.195788 1.48717 0.330001
    endloop
  endfacet
  facet normal 0.582452 0.812865 -0
    outer loop
      vertex 0.913141 1.19003 0.330001
      vertex 0.833355 1.2472 13
      vertex 0.913141 1.19003 13
    endloop
  endfacet
  facet normal 0.582452 0.812865 0
    outer loop
      vertex 0.833355 1.2472 13
      vertex 0.913141 1.19003 0.330001
      vertex 0.833355 1.2472 0.330001
    endloop
  endfacet
  facet normal -0.773014 -0.634389 0
    outer loop
      vertex -1.12776 -0.989018 0.330001
      vertex -1.19003 -0.913141 13
      vertex -1.19003 -0.913141 0.330001
    endloop
  endfacet
  facet normal -0.773014 -0.634389 0
    outer loop
      vertex -1.19003 -0.913141 13
      vertex -1.12776 -0.989018 0.330001
      vertex -1.12776 -0.989018 13
    endloop
  endfacet
  facet normal 0.0327027 0.999465 -0
    outer loop
      vertex 0.0981045 1.49679 0.330001
      vertex 0 1.5 13
      vertex 0.0981045 1.49679 13
    endloop
  endfacet
  facet normal 0.0327027 0.999465 0
    outer loop
      vertex 0 1.5 13
      vertex 0.0981045 1.49679 0.330001
      vertex 0 1.5 0.330001
    endloop
  endfacet
  facet normal -0.0980072 0.995186 0
    outer loop
      vertex -0.0981045 1.49679 0.330001
      vertex -0.195788 1.48717 13
      vertex -0.0981045 1.49679 13
    endloop
  endfacet
  facet normal -0.0980072 0.995186 0
    outer loop
      vertex -0.195788 1.48717 13
      vertex -0.0981045 1.49679 0.330001
      vertex -0.195788 1.48717 0.330001
    endloop
  endfacet
  facet normal -0.729864 0.683592 0
    outer loop
      vertex -1.12776 0.989018 0.330001
      vertex -1.06066 1.06066 13
      vertex -1.06066 1.06066 0.330001
    endloop
  endfacet
  facet normal -0.729864 0.683592 0
    outer loop
      vertex -1.06066 1.06066 13
      vertex -1.12776 0.989018 0.330001
      vertex -1.12776 0.989018 13
    endloop
  endfacet
  facet normal -0.227084 -0.973875 0
    outer loop
      vertex -0.388228 -1.44889 0.330001
      vertex -0.292635 -1.47118 13
      vertex -0.388228 -1.44889 13
    endloop
  endfacet
  facet normal -0.227084 -0.973875 -0
    outer loop
      vertex -0.292635 -1.47118 13
      vertex -0.388228 -1.44889 0.330001
      vertex -0.292635 -1.47118 0.330001
    endloop
  endfacet
  facet normal -0.412705 -0.910865 0
    outer loop
      vertex -0.663432 -1.34531 0.330001
      vertex -0.574024 -1.38582 13
      vertex -0.663432 -1.34531 13
    endloop
  endfacet
  facet normal -0.412705 -0.910865 -0
    outer loop
      vertex -0.574024 -1.38582 13
      vertex -0.663432 -1.34531 0.330001
      vertex -0.574024 -1.38582 0.330001
    endloop
  endfacet
  facet normal 0.683592 0.729864 -0
    outer loop
      vertex 1.06066 1.06066 0.330001
      vertex 0.989018 1.12776 13
      vertex 1.06066 1.06066 13
    endloop
  endfacet
  facet normal 0.683592 0.729864 0
    outer loop
      vertex 0.989018 1.12776 13
      vertex 1.06066 1.06066 0.330001
      vertex 0.989018 1.12776 0.330001
    endloop
  endfacet
  facet normal -0.999465 0.0327027 0
    outer loop
      vertex -1.5 0 0.330001
      vertex -1.49679 0.0981045 13
      vertex -1.49679 0.0981045 0.330001
    endloop
  endfacet
  facet normal -0.999465 0.0327027 0
    outer loop
      vertex -1.49679 0.0981045 13
      vertex -1.5 0 0.330001
      vertex -1.5 0 13
    endloop
  endfacet
  facet normal 0.1629 -0.986643 0
    outer loop
      vertex 0.195788 -1.48717 0.330001
      vertex 0.292635 -1.47118 13
      vertex 0.195788 -1.48717 13
    endloop
  endfacet
  facet normal 0.1629 -0.986643 0
    outer loop
      vertex 0.292635 -1.47118 13
      vertex 0.195788 -1.48717 0.330001
      vertex 0.292635 -1.47118 0.330001
    endloop
  endfacet
  facet normal -0.352201 -0.935925 0
    outer loop
      vertex -0.574024 -1.38582 0.330001
      vertex -0.482159 -1.42039 13
      vertex -0.574024 -1.38582 13
    endloop
  endfacet
  facet normal -0.352201 -0.935925 -0
    outer loop
      vertex -0.482159 -1.42039 13
      vertex -0.574024 -1.38582 0.330001
      vertex -0.482159 -1.42039 0.330001
    endloop
  endfacet
  facet normal 0.227084 -0.973875 0
    outer loop
      vertex 0.292635 -1.47118 0.330001
      vertex 0.388228 -1.44889 13
      vertex 0.292635 -1.47118 13
    endloop
  endfacet
  facet normal 0.227084 -0.973875 0
    outer loop
      vertex 0.388228 -1.44889 13
      vertex 0.292635 -1.47118 0.330001
      vertex 0.388228 -1.44889 0.330001
    endloop
  endfacet
  facet normal -0.0327027 -0.999465 0
    outer loop
      vertex -0.0981045 -1.49679 0.330001
      vertex 0 -1.5 13
      vertex -0.0981045 -1.49679 13
    endloop
  endfacet
  facet normal -0.0327027 -0.999465 -0
    outer loop
      vertex 0 -1.5 13
      vertex -0.0981045 -1.49679 0.330001
      vertex 0 -1.5 0.330001
    endloop
  endfacet
  facet normal 0.634389 -0.773014 0
    outer loop
      vertex 0.913141 -1.19003 0.330001
      vertex 0.989018 -1.12776 13
      vertex 0.913141 -1.19003 13
    endloop
  endfacet
  facet normal 0.634389 -0.773014 0
    outer loop
      vertex 0.989018 -1.12776 13
      vertex 0.913141 -1.19003 0.330001
      vertex 0.989018 -1.12776 0.330001
    endloop
  endfacet
  facet normal 0.999465 -0.0327027 0
    outer loop
      vertex 1.49679 -0.0981045 13
      vertex 1.5 0 0.330001
      vertex 1.5 0 13
    endloop
  endfacet
  facet normal 0.999465 -0.0327027 0
    outer loop
      vertex 1.5 0 0.330001
      vertex 1.49679 -0.0981045 13
      vertex 1.49679 -0.0981045 0.330001
    endloop
  endfacet
  facet normal 0.227084 0.973875 -0
    outer loop
      vertex 0.388228 1.44889 0.330001
      vertex 0.292635 1.47118 13
      vertex 0.388228 1.44889 13
    endloop
  endfacet
  facet normal 0.227084 0.973875 0
    outer loop
      vertex 0.292635 1.47118 13
      vertex 0.388228 1.44889 0.330001
      vertex 0.292635 1.47118 0.330001
    endloop
  endfacet
  facet normal -0.0980072 -0.995186 0
    outer loop
      vertex -0.195788 -1.48717 0.330001
      vertex -0.0981045 -1.49679 13
      vertex -0.195788 -1.48717 13
    endloop
  endfacet
  facet normal -0.0980072 -0.995186 -0
    outer loop
      vertex -0.0981045 -1.49679 13
      vertex -0.195788 -1.48717 0.330001
      vertex -0.0981045 -1.49679 0.330001
    endloop
  endfacet
  facet normal -0.1629 -0.986643 0
    outer loop
      vertex -0.292635 -1.47118 0.330001
      vertex -0.195788 -1.48717 13
      vertex -0.292635 -1.47118 13
    endloop
  endfacet
  facet normal -0.1629 -0.986643 -0
    outer loop
      vertex -0.195788 -1.48717 13
      vertex -0.292635 -1.47118 0.330001
      vertex -0.195788 -1.48717 0.330001
    endloop
  endfacet
  facet normal -0.683592 -0.729864 0
    outer loop
      vertex -1.06066 -1.06066 0.330001
      vertex -0.989018 -1.12776 13
      vertex -1.06066 -1.06066 13
    endloop
  endfacet
  facet normal -0.683592 -0.729864 -0
    outer loop
      vertex -0.989018 -1.12776 13
      vertex -1.06066 -1.06066 0.330001
      vertex -0.989018 -1.12776 0.330001
    endloop
  endfacet
  facet normal 0.956922 -0.290344 0
    outer loop
      vertex 1.42039 -0.482159 13
      vertex 1.44889 -0.388228 0.330001
      vertex 1.44889 -0.388228 13
    endloop
  endfacet
  facet normal 0.956922 -0.290344 0
    outer loop
      vertex 1.44889 -0.388228 0.330001
      vertex 1.42039 -0.482159 13
      vertex 1.42039 -0.482159 0.330001
    endloop
  endfacet
  facet normal -0.582452 0.812865 0
    outer loop
      vertex -0.833355 1.2472 0.330001
      vertex -0.913141 1.19003 13
      vertex -0.833355 1.2472 13
    endloop
  endfacet
  facet normal -0.582452 0.812865 0
    outer loop
      vertex -0.913141 1.19003 13
      vertex -0.833355 1.2472 0.330001
      vertex -0.913141 1.19003 0.330001
    endloop
  endfacet
  facet normal -0.227084 0.973875 0
    outer loop
      vertex -0.292635 1.47118 0.330001
      vertex -0.388228 1.44889 13
      vertex -0.292635 1.47118 13
    endloop
  endfacet
  facet normal -0.227084 0.973875 0
    outer loop
      vertex -0.388228 1.44889 13
      vertex -0.292635 1.47118 0.330001
      vertex -0.388228 1.44889 0.330001
    endloop
  endfacet
  facet normal -0.910865 0.412705 0
    outer loop
      vertex -1.38582 0.574024 0.330001
      vertex -1.34531 0.663432 13
      vertex -1.34531 0.663432 0.330001
    endloop
  endfacet
  facet normal -0.910865 0.412705 0
    outer loop
      vertex -1.34531 0.663432 13
      vertex -1.38582 0.574024 0.330001
      vertex -1.38582 0.574024 13
    endloop
  endfacet
  facet normal -0.634389 0.773014 0
    outer loop
      vertex -0.913141 1.19003 0.330001
      vertex -0.989018 1.12776 13
      vertex -0.913141 1.19003 13
    endloop
  endfacet
  facet normal -0.634389 0.773014 0
    outer loop
      vertex -0.989018 1.12776 13
      vertex -0.913141 1.19003 0.330001
      vertex -0.989018 1.12776 0.330001
    endloop
  endfacet
  facet normal -0.995186 0.0980072 0
    outer loop
      vertex -1.49679 0.0981045 0.330001
      vertex -1.48717 0.195788 13
      vertex -1.48717 0.195788 0.330001
    endloop
  endfacet
  facet normal -0.995186 0.0980072 0
    outer loop
      vertex -1.48717 0.195788 13
      vertex -1.49679 0.0981045 0.330001
      vertex -1.49679 0.0981045 13
    endloop
  endfacet
  facet normal -0.290344 -0.956922 0
    outer loop
      vertex -0.482159 -1.42039 0.330001
      vertex -0.388228 -1.44889 13
      vertex -0.482159 -1.42039 13
    endloop
  endfacet
  facet normal -0.290344 -0.956922 -0
    outer loop
      vertex -0.388228 -1.44889 13
      vertex -0.482159 -1.42039 0.330001
      vertex -0.388228 -1.44889 0.330001
    endloop
  endfacet
  facet normal -0.956922 0.290344 0
    outer loop
      vertex -1.44889 0.388228 0.330001
      vertex -1.42039 0.482159 13
      vertex -1.42039 0.482159 0.330001
    endloop
  endfacet
  facet normal -0.956922 0.290344 0
    outer loop
      vertex -1.42039 0.482159 13
      vertex -1.44889 0.388228 0.330001
      vertex -1.44889 0.388228 13
    endloop
  endfacet
  facet normal -0.471384 0.881928 0
    outer loop
      vertex -0.663432 1.34531 0.330001
      vertex -0.75 1.29904 13
      vertex -0.663432 1.34531 13
    endloop
  endfacet
  facet normal -0.471384 0.881928 0
    outer loop
      vertex -0.75 1.29904 13
      vertex -0.663432 1.34531 0.330001
      vertex -0.75 1.29904 0.330001
    endloop
  endfacet
  facet normal -0.582452 -0.812865 0
    outer loop
      vertex -0.913141 -1.19003 0.330001
      vertex -0.833355 -1.2472 13
      vertex -0.913141 -1.19003 13
    endloop
  endfacet
  facet normal -0.582452 -0.812865 -0
    outer loop
      vertex -0.833355 -1.2472 13
      vertex -0.913141 -1.19003 0.330001
      vertex -0.833355 -1.2472 0.330001
    endloop
  endfacet
  facet normal 0.773014 0.634389 0
    outer loop
      vertex 1.19003 0.913141 165.67
      vertex 1.12776 0.989018 153
      vertex 1.12776 0.989018 165.67
    endloop
  endfacet
  facet normal 0.773014 0.634389 0
    outer loop
      vertex 1.12776 0.989018 153
      vertex 1.19003 0.913141 165.67
      vertex 1.19003 0.913141 153
    endloop
  endfacet
  facet normal 0.986643 0.1629 0
    outer loop
      vertex 1.48717 0.195788 165.67
      vertex 1.47118 0.292635 153
      vertex 1.47118 0.292635 165.67
    endloop
  endfacet
  facet normal 0.986643 0.1629 0
    outer loop
      vertex 1.47118 0.292635 153
      vertex 1.48717 0.195788 165.67
      vertex 1.48717 0.195788 153
    endloop
  endfacet
  facet normal 0.812865 -0.582452 0
    outer loop
      vertex 1.19003 -0.913141 165.67
      vertex 1.2472 -0.833355 153
      vertex 1.2472 -0.833355 165.67
    endloop
  endfacet
  facet normal 0.812865 -0.582452 0
    outer loop
      vertex 1.2472 -0.833355 153
      vertex 1.19003 -0.913141 165.67
      vertex 1.19003 -0.913141 153
    endloop
  endfacet
  facet normal -0.290344 0.956922 0
    outer loop
      vertex -0.388228 1.44889 153
      vertex -0.482159 1.42039 165.67
      vertex -0.388228 1.44889 165.67
    endloop
  endfacet
  facet normal -0.290344 0.956922 0
    outer loop
      vertex -0.482159 1.42039 165.67
      vertex -0.388228 1.44889 153
      vertex -0.482159 1.42039 153
    endloop
  endfacet
  facet normal -0.582452 0.812865 0
    outer loop
      vertex -0.833355 1.2472 153
      vertex -0.913141 1.19003 165.67
      vertex -0.833355 1.2472 165.67
    endloop
  endfacet
  facet normal -0.582452 0.812865 0
    outer loop
      vertex -0.913141 1.19003 165.67
      vertex -0.833355 1.2472 153
      vertex -0.913141 1.19003 153
    endloop
  endfacet
  facet normal -0.995186 0.0980072 0
    outer loop
      vertex -1.49679 0.0981045 153
      vertex -1.48717 0.195788 165.67
      vertex -1.48717 0.195788 153
    endloop
  endfacet
  facet normal -0.995186 0.0980072 0
    outer loop
      vertex -1.48717 0.195788 165.67
      vertex -1.49679 0.0981045 153
      vertex -1.49679 0.0981045 165.67
    endloop
  endfacet
  facet normal 0.471384 0.881928 -0
    outer loop
      vertex 0.75 1.29904 153
      vertex 0.663432 1.34531 165.67
      vertex 0.75 1.29904 165.67
    endloop
  endfacet
  facet normal 0.471384 0.881928 0
    outer loop
      vertex 0.663432 1.34531 165.67
      vertex 0.75 1.29904 153
      vertex 0.663432 1.34531 153
    endloop
  endfacet
  facet normal -0.471384 0.881928 0
    outer loop
      vertex -0.663432 1.34531 153
      vertex -0.75 1.29904 165.67
      vertex -0.663432 1.34531 165.67
    endloop
  endfacet
  facet normal -0.471384 0.881928 0
    outer loop
      vertex -0.75 1.29904 165.67
      vertex -0.663432 1.34531 153
      vertex -0.75 1.29904 153
    endloop
  endfacet
  facet normal -0.528116 -0.849172 0
    outer loop
      vertex -0.833355 -1.2472 153
      vertex -0.75 -1.29904 165.67
      vertex -0.833355 -1.2472 165.67
    endloop
  endfacet
  facet normal -0.528116 -0.849172 -0
    outer loop
      vertex -0.75 -1.29904 165.67
      vertex -0.833355 -1.2472 153
      vertex -0.75 -1.29904 153
    endloop
  endfacet
  facet normal -0.999465 0.0327027 0
    outer loop
      vertex -1.5 0 153
      vertex -1.49679 0.0981045 165.67
      vertex -1.49679 0.0981045 153
    endloop
  endfacet
  facet normal -0.999465 0.0327027 0
    outer loop
      vertex -1.49679 0.0981045 165.67
      vertex -1.5 0 153
      vertex -1.5 0 165.67
    endloop
  endfacet
  facet normal 0.995186 0.0980072 0
    outer loop
      vertex 1.49679 0.0981045 165.67
      vertex 1.48717 0.195788 153
      vertex 1.48717 0.195788 165.67
    endloop
  endfacet
  facet normal 0.995186 0.0980072 0
    outer loop
      vertex 1.48717 0.195788 153
      vertex 1.49679 0.0981045 165.67
      vertex 1.49679 0.0981045 153
    endloop
  endfacet
  facet normal -0.935925 0.352201 0
    outer loop
      vertex -1.42039 0.482159 153
      vertex -1.38582 0.574024 165.67
      vertex -1.38582 0.574024 153
    endloop
  endfacet
  facet normal -0.935925 0.352201 0
    outer loop
      vertex -1.38582 0.574024 165.67
      vertex -1.42039 0.482159 153
      vertex -1.42039 0.482159 165.67
    endloop
  endfacet
  facet normal 0.0327027 -0.999465 0
    outer loop
      vertex 0 -1.5 153
      vertex 0.0981045 -1.49679 165.67
      vertex 0 -1.5 165.67
    endloop
  endfacet
  facet normal 0.0327027 -0.999465 0
    outer loop
      vertex 0.0981045 -1.49679 165.67
      vertex 0 -1.5 153
      vertex 0.0981045 -1.49679 153
    endloop
  endfacet
  facet normal -0.683592 0.729864 0
    outer loop
      vertex -0.989018 1.12776 153
      vertex -1.06066 1.06066 165.67
      vertex -0.989018 1.12776 165.67
    endloop
  endfacet
  facet normal -0.683592 0.729864 0
    outer loop
      vertex -1.06066 1.06066 165.67
      vertex -0.989018 1.12776 153
      vertex -1.06066 1.06066 153
    endloop
  endfacet
  facet normal 0.352201 0.935925 -0
    outer loop
      vertex 0.574024 1.38582 153
      vertex 0.482159 1.42039 165.67
      vertex 0.574024 1.38582 165.67
    endloop
  endfacet
  facet normal 0.352201 0.935925 0
    outer loop
      vertex 0.482159 1.42039 165.67
      vertex 0.574024 1.38582 153
      vertex 0.482159 1.42039 153
    endloop
  endfacet
  facet normal 0.227084 -0.973875 0
    outer loop
      vertex 0.292635 -1.47118 153
      vertex 0.388228 -1.44889 165.67
      vertex 0.292635 -1.47118 165.67
    endloop
  endfacet
  facet normal 0.227084 -0.973875 0
    outer loop
      vertex 0.388228 -1.44889 165.67
      vertex 0.292635 -1.47118 153
      vertex 0.388228 -1.44889 153
    endloop
  endfacet
  facet normal -0.227084 0.973875 0
    outer loop
      vertex -0.292635 1.47118 153
      vertex -0.388228 1.44889 165.67
      vertex -0.292635 1.47118 165.67
    endloop
  endfacet
  facet normal -0.227084 0.973875 0
    outer loop
      vertex -0.388228 1.44889 165.67
      vertex -0.292635 1.47118 153
      vertex -0.388228 1.44889 153
    endloop
  endfacet
  facet normal -0.812865 0.582452 0
    outer loop
      vertex -1.2472 0.833355 153
      vertex -1.19003 0.913141 165.67
      vertex -1.19003 0.913141 153
    endloop
  endfacet
  facet normal -0.812865 0.582452 0
    outer loop
      vertex -1.19003 0.913141 165.67
      vertex -1.2472 0.833355 153
      vertex -1.2472 0.833355 165.67
    endloop
  endfacet
  facet normal -0.935925 -0.352201 0
    outer loop
      vertex -1.38582 -0.574024 153
      vertex -1.42039 -0.482159 165.67
      vertex -1.42039 -0.482159 153
    endloop
  endfacet
  facet normal -0.935925 -0.352201 0
    outer loop
      vertex -1.42039 -0.482159 165.67
      vertex -1.38582 -0.574024 153
      vertex -1.38582 -0.574024 165.67
    endloop
  endfacet
  facet normal 0.973875 0.227084 0
    outer loop
      vertex 1.47118 0.292635 165.67
      vertex 1.44889 0.388228 153
      vertex 1.44889 0.388228 165.67
    endloop
  endfacet
  facet normal 0.973875 0.227084 0
    outer loop
      vertex 1.44889 0.388228 153
      vertex 1.47118 0.292635 165.67
      vertex 1.47118 0.292635 153
    endloop
  endfacet
  facet normal 0.999465 0.0327027 0
    outer loop
      vertex 1.5 0 165.67
      vertex 1.49679 0.0981045 153
      vertex 1.49679 0.0981045 165.67
    endloop
  endfacet
  facet normal 0.999465 0.0327027 0
    outer loop
      vertex 1.49679 0.0981045 153
      vertex 1.5 0 165.67
      vertex 1.5 0 153
    endloop
  endfacet
  facet normal 0.0327027 0.999465 -0
    outer loop
      vertex 0.0981045 1.49679 153
      vertex 0 1.5 165.67
      vertex 0.0981045 1.49679 165.67
    endloop
  endfacet
  facet normal 0.0327027 0.999465 0
    outer loop
      vertex 0 1.5 165.67
      vertex 0.0981045 1.49679 153
      vertex 0 1.5 153
    endloop
  endfacet
  facet normal -0.773014 -0.634389 0
    outer loop
      vertex -1.12776 -0.989018 153
      vertex -1.19003 -0.913141 165.67
      vertex -1.19003 -0.913141 153
    endloop
  endfacet
  facet normal -0.773014 -0.634389 0
    outer loop
      vertex -1.19003 -0.913141 165.67
      vertex -1.12776 -0.989018 153
      vertex -1.12776 -0.989018 165.67
    endloop
  endfacet
  facet normal -0.849172 0.528116 0
    outer loop
      vertex -1.29904 0.75 153
      vertex -1.2472 0.833355 165.67
      vertex -1.2472 0.833355 153
    endloop
  endfacet
  facet normal -0.849172 0.528116 0
    outer loop
      vertex -1.2472 0.833355 165.67
      vertex -1.29904 0.75 153
      vertex -1.29904 0.75 165.67
    endloop
  endfacet
  facet normal -0.986643 0.1629 0
    outer loop
      vertex -1.48717 0.195788 153
      vertex -1.47118 0.292635 165.67
      vertex -1.47118 0.292635 153
    endloop
  endfacet
  facet normal -0.986643 0.1629 0
    outer loop
      vertex -1.47118 0.292635 165.67
      vertex -1.48717 0.195788 153
      vertex -1.48717 0.195788 165.67
    endloop
  endfacet
  facet normal 0.935925 0.352201 0
    outer loop
      vertex 1.42039 0.482159 165.67
      vertex 1.38582 0.574024 153
      vertex 1.38582 0.574024 165.67
    endloop
  endfacet
  facet normal 0.935925 0.352201 0
    outer loop
      vertex 1.38582 0.574024 153
      vertex 1.42039 0.482159 165.67
      vertex 1.42039 0.482159 153
    endloop
  endfacet
  facet normal -0.986643 -0.1629 0
    outer loop
      vertex -1.47118 -0.292635 153
      vertex -1.48717 -0.195788 165.67
      vertex -1.48717 -0.195788 153
    endloop
  endfacet
  facet normal -0.986643 -0.1629 0
    outer loop
      vertex -1.48717 -0.195788 165.67
      vertex -1.47118 -0.292635 153
      vertex -1.47118 -0.292635 165.67
    endloop
  endfacet
  facet normal 0.290344 0.956922 -0
    outer loop
      vertex 0.482159 1.42039 153
      vertex 0.388228 1.44889 165.67
      vertex 0.482159 1.42039 165.67
    endloop
  endfacet
  facet normal 0.290344 0.956922 0
    outer loop
      vertex 0.388228 1.44889 165.67
      vertex 0.482159 1.42039 153
      vertex 0.388228 1.44889 153
    endloop
  endfacet
  facet normal -0.0327027 -0.999465 0
    outer loop
      vertex -0.0981045 -1.49679 153
      vertex 0 -1.5 165.67
      vertex -0.0981045 -1.49679 165.67
    endloop
  endfacet
  facet normal -0.0327027 -0.999465 -0
    outer loop
      vertex 0 -1.5 165.67
      vertex -0.0981045 -1.49679 153
      vertex 0 -1.5 153
    endloop
  endfacet
  facet normal 0.995186 -0.0980072 0
    outer loop
      vertex 1.48717 -0.195788 165.67
      vertex 1.49679 -0.0981045 153
      vertex 1.49679 -0.0981045 165.67
    endloop
  endfacet
  facet normal 0.995186 -0.0980072 0
    outer loop
      vertex 1.49679 -0.0981045 153
      vertex 1.48717 -0.195788 165.67
      vertex 1.48717 -0.195788 153
    endloop
  endfacet
  facet normal -0.0327027 0.999465 0
    outer loop
      vertex 0 1.5 153
      vertex -0.0981045 1.49679 165.67
      vertex 0 1.5 165.67
    endloop
  endfacet
  facet normal -0.0327027 0.999465 0
    outer loop
      vertex -0.0981045 1.49679 165.67
      vertex 0 1.5 153
      vertex -0.0981045 1.49679 153
    endloop
  endfacet
  facet normal 0.412705 0.910865 -0
    outer loop
      vertex 0.663432 1.34531 153
      vertex 0.574024 1.38582 165.67
      vertex 0.663432 1.34531 165.67
    endloop
  endfacet
  facet normal 0.412705 0.910865 0
    outer loop
      vertex 0.574024 1.38582 165.67
      vertex 0.663432 1.34531 153
      vertex 0.574024 1.38582 153
    endloop
  endfacet
  facet normal 0.412705 -0.910865 0
    outer loop
      vertex 0.574024 -1.38582 153
      vertex 0.663432 -1.34531 165.67
      vertex 0.574024 -1.38582 165.67
    endloop
  endfacet
  facet normal 0.412705 -0.910865 0
    outer loop
      vertex 0.663432 -1.34531 165.67
      vertex 0.574024 -1.38582 153
      vertex 0.663432 -1.34531 153
    endloop
  endfacet
  facet normal -0.582452 -0.812865 0
    outer loop
      vertex -0.913141 -1.19003 153
      vertex -0.833355 -1.2472 165.67
      vertex -0.913141 -1.19003 165.67
    endloop
  endfacet
  facet normal -0.582452 -0.812865 -0
    outer loop
      vertex -0.833355 -1.2472 165.67
      vertex -0.913141 -1.19003 153
      vertex -0.833355 -1.2472 153
    endloop
  endfacet
  facet normal 0.582452 0.812865 -0
    outer loop
      vertex 0.913141 1.19003 153
      vertex 0.833355 1.2472 165.67
      vertex 0.913141 1.19003 165.67
    endloop
  endfacet
  facet normal 0.582452 0.812865 0
    outer loop
      vertex 0.833355 1.2472 165.67
      vertex 0.913141 1.19003 153
      vertex 0.833355 1.2472 153
    endloop
  endfacet
  facet normal -0.910865 -0.412705 0
    outer loop
      vertex -1.34531 -0.663432 153
      vertex -1.38582 -0.574024 165.67
      vertex -1.38582 -0.574024 153
    endloop
  endfacet
  facet normal -0.910865 -0.412705 0
    outer loop
      vertex -1.38582 -0.574024 165.67
      vertex -1.34531 -0.663432 153
      vertex -1.34531 -0.663432 165.67
    endloop
  endfacet
  facet normal 0.290344 -0.956922 0
    outer loop
      vertex 0.388228 -1.44889 153
      vertex 0.482159 -1.42039 165.67
      vertex 0.388228 -1.44889 165.67
    endloop
  endfacet
  facet normal 0.290344 -0.956922 0
    outer loop
      vertex 0.482159 -1.42039 165.67
      vertex 0.388228 -1.44889 153
      vertex 0.482159 -1.42039 153
    endloop
  endfacet
  facet normal 0.729864 0.683592 0
    outer loop
      vertex 1.12776 0.989018 165.67
      vertex 1.06066 1.06066 153
      vertex 1.06066 1.06066 165.67
    endloop
  endfacet
  facet normal 0.729864 0.683592 0
    outer loop
      vertex 1.06066 1.06066 153
      vertex 1.12776 0.989018 165.67
      vertex 1.12776 0.989018 153
    endloop
  endfacet
  facet normal 0.812865 0.582452 0
    outer loop
      vertex 1.2472 0.833355 165.67
      vertex 1.19003 0.913141 153
      vertex 1.19003 0.913141 165.67
    endloop
  endfacet
  facet normal 0.812865 0.582452 0
    outer loop
      vertex 1.19003 0.913141 153
      vertex 1.2472 0.833355 165.67
      vertex 1.2472 0.833355 153
    endloop
  endfacet
  facet normal 0.849172 0.528116 0
    outer loop
      vertex 1.29904 0.75 165.67
      vertex 1.2472 0.833355 153
      vertex 1.2472 0.833355 165.67
    endloop
  endfacet
  facet normal 0.849172 0.528116 0
    outer loop
      vertex 1.2472 0.833355 153
      vertex 1.29904 0.75 165.67
      vertex 1.29904 0.75 153
    endloop
  endfacet
  facet normal -0.773014 0.634389 0
    outer loop
      vertex -1.19003 0.913141 153
      vertex -1.12776 0.989018 165.67
      vertex -1.12776 0.989018 153
    endloop
  endfacet
  facet normal -0.773014 0.634389 0
    outer loop
      vertex -1.12776 0.989018 165.67
      vertex -1.19003 0.913141 153
      vertex -1.19003 0.913141 165.67
    endloop
  endfacet
  facet normal -0.729864 0.683592 0
    outer loop
      vertex -1.12776 0.989018 153
      vertex -1.06066 1.06066 165.67
      vertex -1.06066 1.06066 153
    endloop
  endfacet
  facet normal -0.729864 0.683592 0
    outer loop
      vertex -1.06066 1.06066 165.67
      vertex -1.12776 0.989018 153
      vertex -1.12776 0.989018 165.67
    endloop
  endfacet
  facet normal 0.729864 -0.683592 0
    outer loop
      vertex 1.06066 -1.06066 165.67
      vertex 1.12776 -0.989018 153
      vertex 1.12776 -0.989018 165.67
    endloop
  endfacet
  facet normal 0.729864 -0.683592 0
    outer loop
      vertex 1.12776 -0.989018 153
      vertex 1.06066 -1.06066 165.67
      vertex 1.06066 -1.06066 153
    endloop
  endfacet
  facet normal -0.999465 -0.0327027 0
    outer loop
      vertex -1.49679 -0.0981045 153
      vertex -1.5 0 165.67
      vertex -1.5 0 153
    endloop
  endfacet
  facet normal -0.999465 -0.0327027 0
    outer loop
      vertex -1.5 0 165.67
      vertex -1.49679 -0.0981045 153
      vertex -1.49679 -0.0981045 165.67
    endloop
  endfacet
  facet normal 0.956922 0.290344 0
    outer loop
      vertex 1.44889 0.388228 165.67
      vertex 1.42039 0.482159 153
      vertex 1.42039 0.482159 165.67
    endloop
  endfacet
  facet normal 0.956922 0.290344 0
    outer loop
      vertex 1.42039 0.482159 153
      vertex 1.44889 0.388228 165.67
      vertex 1.44889 0.388228 153
    endloop
  endfacet
  facet normal -0.0980072 0.995186 0
    outer loop
      vertex -0.0981045 1.49679 153
      vertex -0.195788 1.48717 165.67
      vertex -0.0981045 1.49679 165.67
    endloop
  endfacet
  facet normal -0.0980072 0.995186 0
    outer loop
      vertex -0.195788 1.48717 165.67
      vertex -0.0981045 1.49679 153
      vertex -0.195788 1.48717 153
    endloop
  endfacet
  facet normal -0.352201 -0.935925 0
    outer loop
      vertex -0.574024 -1.38582 153
      vertex -0.482159 -1.42039 165.67
      vertex -0.574024 -1.38582 165.67
    endloop
  endfacet
  facet normal -0.352201 -0.935925 -0
    outer loop
      vertex -0.482159 -1.42039 165.67
      vertex -0.574024 -1.38582 153
      vertex -0.482159 -1.42039 153
    endloop
  endfacet
  facet normal 0.0980072 -0.995186 0
    outer loop
      vertex 0.0981045 -1.49679 153
      vertex 0.195788 -1.48717 165.67
      vertex 0.0981045 -1.49679 165.67
    endloop
  endfacet
  facet normal 0.0980072 -0.995186 0
    outer loop
      vertex 0.195788 -1.48717 165.67
      vertex 0.0981045 -1.49679 153
      vertex 0.195788 -1.48717 153
    endloop
  endfacet
  facet normal 0.935925 -0.352201 0
    outer loop
      vertex 1.38582 -0.574024 165.67
      vertex 1.42039 -0.482159 153
      vertex 1.42039 -0.482159 165.67
    endloop
  endfacet
  facet normal 0.935925 -0.352201 0
    outer loop
      vertex 1.42039 -0.482159 153
      vertex 1.38582 -0.574024 165.67
      vertex 1.38582 -0.574024 153
    endloop
  endfacet
  facet normal 0.881928 0.471384 0
    outer loop
      vertex 1.34531 0.663432 165.67
      vertex 1.29904 0.75 153
      vertex 1.29904 0.75 165.67
    endloop
  endfacet
  facet normal 0.881928 0.471384 0
    outer loop
      vertex 1.29904 0.75 153
      vertex 1.34531 0.663432 165.67
      vertex 1.34531 0.663432 153
    endloop
  endfacet
  facet normal 0.849172 -0.528116 0
    outer loop
      vertex 1.2472 -0.833355 165.67
      vertex 1.29904 -0.75 153
      vertex 1.29904 -0.75 165.67
    endloop
  endfacet
  facet normal 0.849172 -0.528116 0
    outer loop
      vertex 1.29904 -0.75 153
      vertex 1.2472 -0.833355 165.67
      vertex 1.2472 -0.833355 153
    endloop
  endfacet
  facet normal 0.634389 0.773014 -0
    outer loop
      vertex 0.989018 1.12776 153
      vertex 0.913141 1.19003 165.67
      vertex 0.989018 1.12776 165.67
    endloop
  endfacet
  facet normal 0.634389 0.773014 0
    outer loop
      vertex 0.913141 1.19003 165.67
      vertex 0.989018 1.12776 153
      vertex 0.913141 1.19003 153
    endloop
  endfacet
  facet normal -0.1629 -0.986643 0
    outer loop
      vertex -0.292635 -1.47118 153
      vertex -0.195788 -1.48717 165.67
      vertex -0.292635 -1.47118 165.67
    endloop
  endfacet
  facet normal -0.1629 -0.986643 -0
    outer loop
      vertex -0.195788 -1.48717 165.67
      vertex -0.292635 -1.47118 153
      vertex -0.195788 -1.48717 153
    endloop
  endfacet
  facet normal 0.528116 0.849172 -0
    outer loop
      vertex 0.833355 1.2472 153
      vertex 0.75 1.29904 165.67
      vertex 0.833355 1.2472 165.67
    endloop
  endfacet
  facet normal 0.528116 0.849172 0
    outer loop
      vertex 0.75 1.29904 165.67
      vertex 0.833355 1.2472 153
      vertex 0.75 1.29904 153
    endloop
  endfacet
  facet normal -0.227084 -0.973875 0
    outer loop
      vertex -0.388228 -1.44889 153
      vertex -0.292635 -1.47118 165.67
      vertex -0.388228 -1.44889 165.67
    endloop
  endfacet
  facet normal -0.227084 -0.973875 -0
    outer loop
      vertex -0.292635 -1.47118 165.67
      vertex -0.388228 -1.44889 153
      vertex -0.292635 -1.47118 153
    endloop
  endfacet
  facet normal -0.352201 0.935925 0
    outer loop
      vertex -0.482159 1.42039 153
      vertex -0.574024 1.38582 165.67
      vertex -0.482159 1.42039 165.67
    endloop
  endfacet
  facet normal -0.352201 0.935925 0
    outer loop
      vertex -0.574024 1.38582 165.67
      vertex -0.482159 1.42039 153
      vertex -0.574024 1.38582 153
    endloop
  endfacet
  facet normal -0.729864 -0.683592 0
    outer loop
      vertex -1.06066 -1.06066 153
      vertex -1.12776 -0.989018 165.67
      vertex -1.12776 -0.989018 153
    endloop
  endfacet
  facet normal -0.729864 -0.683592 0
    outer loop
      vertex -1.12776 -0.989018 165.67
      vertex -1.06066 -1.06066 153
      vertex -1.06066 -1.06066 165.67
    endloop
  endfacet
  facet normal -0.881928 -0.471384 0
    outer loop
      vertex -1.29904 -0.75 153
      vertex -1.34531 -0.663432 165.67
      vertex -1.34531 -0.663432 153
    endloop
  endfacet
  facet normal -0.881928 -0.471384 0
    outer loop
      vertex -1.34531 -0.663432 165.67
      vertex -1.29904 -0.75 153
      vertex -1.29904 -0.75 165.67
    endloop
  endfacet
  facet normal 0.973875 -0.227084 0
    outer loop
      vertex 1.44889 -0.388228 165.67
      vertex 1.47118 -0.292635 153
      vertex 1.47118 -0.292635 165.67
    endloop
  endfacet
  facet normal 0.973875 -0.227084 0
    outer loop
      vertex 1.47118 -0.292635 153
      vertex 1.44889 -0.388228 165.67
      vertex 1.44889 -0.388228 153
    endloop
  endfacet
  facet normal 0.986643 -0.1629 0
    outer loop
      vertex 1.47118 -0.292635 165.67
      vertex 1.48717 -0.195788 153
      vertex 1.48717 -0.195788 165.67
    endloop
  endfacet
  facet normal 0.986643 -0.1629 0
    outer loop
      vertex 1.48717 -0.195788 153
      vertex 1.47118 -0.292635 165.67
      vertex 1.47118 -0.292635 153
    endloop
  endfacet
  facet normal -0.1629 0.986643 0
    outer loop
      vertex -0.195788 1.48717 153
      vertex -0.292635 1.47118 165.67
      vertex -0.195788 1.48717 165.67
    endloop
  endfacet
  facet normal -0.1629 0.986643 0
    outer loop
      vertex -0.292635 1.47118 165.67
      vertex -0.195788 1.48717 153
      vertex -0.292635 1.47118 153
    endloop
  endfacet
  facet normal 0.773014 -0.634389 0
    outer loop
      vertex 1.12776 -0.989018 165.67
      vertex 1.19003 -0.913141 153
      vertex 1.19003 -0.913141 165.67
    endloop
  endfacet
  facet normal 0.773014 -0.634389 0
    outer loop
      vertex 1.19003 -0.913141 153
      vertex 1.12776 -0.989018 165.67
      vertex 1.12776 -0.989018 153
    endloop
  endfacet
  facet normal -0.0980072 -0.995186 0
    outer loop
      vertex -0.195788 -1.48717 153
      vertex -0.0981045 -1.49679 165.67
      vertex -0.195788 -1.48717 165.67
    endloop
  endfacet
  facet normal -0.0980072 -0.995186 -0
    outer loop
      vertex -0.0981045 -1.49679 165.67
      vertex -0.195788 -1.48717 153
      vertex -0.0981045 -1.49679 153
    endloop
  endfacet
  facet normal 0.528116 -0.849172 0
    outer loop
      vertex 0.75 -1.29904 153
      vertex 0.833355 -1.2472 165.67
      vertex 0.75 -1.29904 165.67
    endloop
  endfacet
  facet normal 0.528116 -0.849172 0
    outer loop
      vertex 0.833355 -1.2472 165.67
      vertex 0.75 -1.29904 153
      vertex 0.833355 -1.2472 153
    endloop
  endfacet
  facet normal -0.683592 -0.729864 0
    outer loop
      vertex -1.06066 -1.06066 153
      vertex -0.989018 -1.12776 165.67
      vertex -1.06066 -1.06066 165.67
    endloop
  endfacet
  facet normal -0.683592 -0.729864 -0
    outer loop
      vertex -0.989018 -1.12776 165.67
      vertex -1.06066 -1.06066 153
      vertex -0.989018 -1.12776 153
    endloop
  endfacet
  facet normal 0.471384 -0.881928 0
    outer loop
      vertex 0.663432 -1.34531 153
      vertex 0.75 -1.29904 165.67
      vertex 0.663432 -1.34531 165.67
    endloop
  endfacet
  facet normal 0.471384 -0.881928 0
    outer loop
      vertex 0.75 -1.29904 165.67
      vertex 0.663432 -1.34531 153
      vertex 0.75 -1.29904 153
    endloop
  endfacet
  facet normal -0.849172 -0.528116 0
    outer loop
      vertex -1.2472 -0.833355 153
      vertex -1.29904 -0.75 165.67
      vertex -1.29904 -0.75 153
    endloop
  endfacet
  facet normal -0.849172 -0.528116 0
    outer loop
      vertex -1.29904 -0.75 165.67
      vertex -1.2472 -0.833355 153
      vertex -1.2472 -0.833355 165.67
    endloop
  endfacet
  facet normal -0.881928 0.471384 0
    outer loop
      vertex -1.34531 0.663432 153
      vertex -1.29904 0.75 165.67
      vertex -1.29904 0.75 153
    endloop
  endfacet
  facet normal -0.881928 0.471384 0
    outer loop
      vertex -1.29904 0.75 165.67
      vertex -1.34531 0.663432 153
      vertex -1.34531 0.663432 165.67
    endloop
  endfacet
  facet normal -0.528116 0.849172 0
    outer loop
      vertex -0.75 1.29904 153
      vertex -0.833355 1.2472 165.67
      vertex -0.75 1.29904 165.67
    endloop
  endfacet
  facet normal -0.528116 0.849172 0
    outer loop
      vertex -0.833355 1.2472 165.67
      vertex -0.75 1.29904 153
      vertex -0.833355 1.2472 153
    endloop
  endfacet
  facet normal -0.812865 -0.582452 0
    outer loop
      vertex -1.19003 -0.913141 153
      vertex -1.2472 -0.833355 165.67
      vertex -1.2472 -0.833355 153
    endloop
  endfacet
  facet normal -0.812865 -0.582452 0
    outer loop
      vertex -1.2472 -0.833355 165.67
      vertex -1.19003 -0.913141 153
      vertex -1.19003 -0.913141 165.67
    endloop
  endfacet
  facet normal 0.683592 0.729864 -0
    outer loop
      vertex 1.06066 1.06066 153
      vertex 0.989018 1.12776 165.67
      vertex 1.06066 1.06066 165.67
    endloop
  endfacet
  facet normal 0.683592 0.729864 0
    outer loop
      vertex 0.989018 1.12776 165.67
      vertex 1.06066 1.06066 153
      vertex 0.989018 1.12776 153
    endloop
  endfacet
  facet normal -0.995186 -0.0980072 0
    outer loop
      vertex -1.48717 -0.195788 153
      vertex -1.49679 -0.0981045 165.67
      vertex -1.49679 -0.0981045 153
    endloop
  endfacet
  facet normal -0.995186 -0.0980072 0
    outer loop
      vertex -1.49679 -0.0981045 165.67
      vertex -1.48717 -0.195788 153
      vertex -1.48717 -0.195788 165.67
    endloop
  endfacet
  facet normal 0.910865 0.412705 0
    outer loop
      vertex 1.38582 0.574024 165.67
      vertex 1.34531 0.663432 153
      vertex 1.34531 0.663432 165.67
    endloop
  endfacet
  facet normal 0.910865 0.412705 0
    outer loop
      vertex 1.34531 0.663432 153
      vertex 1.38582 0.574024 165.67
      vertex 1.38582 0.574024 153
    endloop
  endfacet
  facet normal -0.910865 0.412705 0
    outer loop
      vertex -1.38582 0.574024 153
      vertex -1.34531 0.663432 165.67
      vertex -1.34531 0.663432 153
    endloop
  endfacet
  facet normal -0.910865 0.412705 0
    outer loop
      vertex -1.34531 0.663432 165.67
      vertex -1.38582 0.574024 153
      vertex -1.38582 0.574024 165.67
    endloop
  endfacet
  facet normal 0.1629 -0.986643 0
    outer loop
      vertex 0.195788 -1.48717 153
      vertex 0.292635 -1.47118 165.67
      vertex 0.195788 -1.48717 165.67
    endloop
  endfacet
  facet normal 0.1629 -0.986643 0
    outer loop
      vertex 0.292635 -1.47118 165.67
      vertex 0.195788 -1.48717 153
      vertex 0.292635 -1.47118 153
    endloop
  endfacet
  facet normal 0.999465 -0.0327027 0
    outer loop
      vertex 1.49679 -0.0981045 165.67
      vertex 1.5 0 153
      vertex 1.5 0 165.67
    endloop
  endfacet
  facet normal 0.999465 -0.0327027 0
    outer loop
      vertex 1.5 0 153
      vertex 1.49679 -0.0981045 165.67
      vertex 1.49679 -0.0981045 153
    endloop
  endfacet
  facet normal 0.1629 0.986643 -0
    outer loop
      vertex 0.292635 1.47118 153
      vertex 0.195788 1.48717 165.67
      vertex 0.292635 1.47118 165.67
    endloop
  endfacet
  facet normal 0.1629 0.986643 0
    outer loop
      vertex 0.195788 1.48717 165.67
      vertex 0.292635 1.47118 153
      vertex 0.195788 1.48717 153
    endloop
  endfacet
  facet normal 0.227084 0.973875 -0
    outer loop
      vertex 0.388228 1.44889 153
      vertex 0.292635 1.47118 165.67
      vertex 0.388228 1.44889 165.67
    endloop
  endfacet
  facet normal 0.227084 0.973875 0
    outer loop
      vertex 0.292635 1.47118 165.67
      vertex 0.388228 1.44889 153
      vertex 0.292635 1.47118 153
    endloop
  endfacet
  facet normal -0.471384 -0.881928 0
    outer loop
      vertex -0.75 -1.29904 153
      vertex -0.663432 -1.34531 165.67
      vertex -0.75 -1.29904 165.67
    endloop
  endfacet
  facet normal -0.471384 -0.881928 -0
    outer loop
      vertex -0.663432 -1.34531 165.67
      vertex -0.75 -1.29904 153
      vertex -0.663432 -1.34531 153
    endloop
  endfacet
  facet normal -0.290344 -0.956922 0
    outer loop
      vertex -0.482159 -1.42039 153
      vertex -0.388228 -1.44889 165.67
      vertex -0.482159 -1.42039 165.67
    endloop
  endfacet
  facet normal -0.290344 -0.956922 -0
    outer loop
      vertex -0.388228 -1.44889 165.67
      vertex -0.482159 -1.42039 153
      vertex -0.388228 -1.44889 153
    endloop
  endfacet
  facet normal 0.956922 -0.290344 0
    outer loop
      vertex 1.42039 -0.482159 165.67
      vertex 1.44889 -0.388228 153
      vertex 1.44889 -0.388228 165.67
    endloop
  endfacet
  facet normal 0.956922 -0.290344 0
    outer loop
      vertex 1.44889 -0.388228 153
      vertex 1.42039 -0.482159 165.67
      vertex 1.42039 -0.482159 153
    endloop
  endfacet
  facet normal 0.582452 -0.812865 0
    outer loop
      vertex 0.833355 -1.2472 153
      vertex 0.913141 -1.19003 165.67
      vertex 0.833355 -1.2472 165.67
    endloop
  endfacet
  facet normal 0.582452 -0.812865 0
    outer loop
      vertex 0.913141 -1.19003 165.67
      vertex 0.833355 -1.2472 153
      vertex 0.913141 -1.19003 153
    endloop
  endfacet
  facet normal 0.634389 -0.773014 0
    outer loop
      vertex 0.913141 -1.19003 153
      vertex 0.989018 -1.12776 165.67
      vertex 0.913141 -1.19003 165.67
    endloop
  endfacet
  facet normal 0.634389 -0.773014 0
    outer loop
      vertex 0.989018 -1.12776 165.67
      vertex 0.913141 -1.19003 153
      vertex 0.989018 -1.12776 153
    endloop
  endfacet
  facet normal -0.412705 0.910865 0
    outer loop
      vertex -0.574024 1.38582 153
      vertex -0.663432 1.34531 165.67
      vertex -0.574024 1.38582 165.67
    endloop
  endfacet
  facet normal -0.412705 0.910865 0
    outer loop
      vertex -0.663432 1.34531 165.67
      vertex -0.574024 1.38582 153
      vertex -0.663432 1.34531 153
    endloop
  endfacet
  facet normal 0.0980072 0.995186 -0
    outer loop
      vertex 0.195788 1.48717 153
      vertex 0.0981045 1.49679 165.67
      vertex 0.195788 1.48717 165.67
    endloop
  endfacet
  facet normal 0.0980072 0.995186 0
    outer loop
      vertex 0.0981045 1.49679 165.67
      vertex 0.195788 1.48717 153
      vertex 0.0981045 1.49679 153
    endloop
  endfacet
  facet normal -0.634389 0.773014 0
    outer loop
      vertex -0.913141 1.19003 153
      vertex -0.989018 1.12776 165.67
      vertex -0.913141 1.19003 165.67
    endloop
  endfacet
  facet normal -0.634389 0.773014 0
    outer loop
      vertex -0.989018 1.12776 165.67
      vertex -0.913141 1.19003 153
      vertex -0.989018 1.12776 153
    endloop
  endfacet
  facet normal -0.973875 0.227084 0
    outer loop
      vertex -1.47118 0.292635 153
      vertex -1.44889 0.388228 165.67
      vertex -1.44889 0.388228 153
    endloop
  endfacet
  facet normal -0.973875 0.227084 0
    outer loop
      vertex -1.44889 0.388228 165.67
      vertex -1.47118 0.292635 153
      vertex -1.47118 0.292635 165.67
    endloop
  endfacet
  facet normal -0.956922 0.290344 0
    outer loop
      vertex -1.44889 0.388228 153
      vertex -1.42039 0.482159 165.67
      vertex -1.42039 0.482159 153
    endloop
  endfacet
  facet normal -0.956922 0.290344 0
    outer loop
      vertex -1.42039 0.482159 165.67
      vertex -1.44889 0.388228 153
      vertex -1.44889 0.388228 165.67
    endloop
  endfacet
  facet normal 0.881928 -0.471384 0
    outer loop
      vertex 1.29904 -0.75 165.67
      vertex 1.34531 -0.663432 153
      vertex 1.34531 -0.663432 165.67
    endloop
  endfacet
  facet normal 0.881928 -0.471384 0
    outer loop
      vertex 1.34531 -0.663432 153
      vertex 1.29904 -0.75 165.67
      vertex 1.29904 -0.75 153
    endloop
  endfacet
  facet normal -0.412705 -0.910865 0
    outer loop
      vertex -0.663432 -1.34531 153
      vertex -0.574024 -1.38582 165.67
      vertex -0.663432 -1.34531 165.67
    endloop
  endfacet
  facet normal -0.412705 -0.910865 -0
    outer loop
      vertex -0.574024 -1.38582 165.67
      vertex -0.663432 -1.34531 153
      vertex -0.574024 -1.38582 153
    endloop
  endfacet
  facet normal 0.910865 -0.412705 0
    outer loop
      vertex 1.34531 -0.663432 165.67
      vertex 1.38582 -0.574024 153
      vertex 1.38582 -0.574024 165.67
    endloop
  endfacet
  facet normal 0.910865 -0.412705 0
    outer loop
      vertex 1.38582 -0.574024 153
      vertex 1.34531 -0.663432 165.67
      vertex 1.34531 -0.663432 153
    endloop
  endfacet
  facet normal -0.956922 -0.290344 0
    outer loop
      vertex -1.42039 -0.482159 153
      vertex -1.44889 -0.388228 165.67
      vertex -1.44889 -0.388228 153
    endloop
  endfacet
  facet normal -0.956922 -0.290344 0
    outer loop
      vertex -1.44889 -0.388228 165.67
      vertex -1.42039 -0.482159 153
      vertex -1.42039 -0.482159 165.67
    endloop
  endfacet
  facet normal -0.973875 -0.227084 0
    outer loop
      vertex -1.44889 -0.388228 153
      vertex -1.47118 -0.292635 165.67
      vertex -1.47118 -0.292635 153
    endloop
  endfacet
  facet normal -0.973875 -0.227084 0
    outer loop
      vertex -1.47118 -0.292635 165.67
      vertex -1.44889 -0.388228 153
      vertex -1.44889 -0.388228 165.67
    endloop
  endfacet
  facet normal 0.352201 -0.935925 0
    outer loop
      vertex 0.482159 -1.42039 153
      vertex 0.574024 -1.38582 165.67
      vertex 0.482159 -1.42039 165.67
    endloop
  endfacet
  facet normal 0.352201 -0.935925 0
    outer loop
      vertex 0.574024 -1.38582 165.67
      vertex 0.482159 -1.42039 153
      vertex 0.574024 -1.38582 153
    endloop
  endfacet
  facet normal 0.683592 -0.729864 0
    outer loop
      vertex 0.989018 -1.12776 153
      vertex 1.06066 -1.06066 165.67
      vertex 0.989018 -1.12776 165.67
    endloop
  endfacet
  facet normal 0.683592 -0.729864 0
    outer loop
      vertex 1.06066 -1.06066 165.67
      vertex 0.989018 -1.12776 153
      vertex 1.06066 -1.06066 153
    endloop
  endfacet
  facet normal -0.634389 -0.773014 0
    outer loop
      vertex -0.989018 -1.12776 153
      vertex -0.913141 -1.19003 165.67
      vertex -0.989018 -1.12776 165.67
    endloop
  endfacet
  facet normal -0.634389 -0.773014 -0
    outer loop
      vertex -0.913141 -1.19003 165.67
      vertex -0.989018 -1.12776 153
      vertex -0.913141 -1.19003 153
    endloop
  endfacet
  facet normal 0.516227 -0.483505 0.706918
    outer loop
      vertex 0.879652 -0.771434 166
      vertex 0.827314 -0.827314 166
      vertex 1.12776 -0.989018 165.67
    endloop
  endfacet
  facet normal 0.1152 0.697851 0.706918
    outer loop
      vertex 0.292635 1.47118 165.67
      vertex 0.152715 1.15999 166
      vertex 0.228255 1.14752 166
    endloop
  endfacet
  facet normal 0.706917 0.0231879 0.706917
    outer loop
      vertex 1.5 0 165.67
      vertex 1.16749 0.0765209 166
      vertex 1.17 0 166
    endloop
  endfacet
  facet normal 0.706911 0.0231303 0.706924
    outer loop
      vertex 1.49679 0.0981045 165.67
      vertex 1.16749 0.0765209 166
      vertex 1.5 0 165.67
    endloop
  endfacet
  facet normal 0.291925 -0.644239 0.70692
    outer loop
      vertex 0.517477 -1.04934 166
      vertex 0.44774 -1.08094 166
      vertex 0.663432 -1.34531 165.67
    endloop
  endfacet
  facet normal -0.249149 0.661968 0.706911
    outer loop
      vertex -0.376083 1.10791 166
      vertex -0.482159 1.42039 165.67
      vertex -0.44774 1.08094 166
    endloop
  endfacet
  facet normal -0.373536 -0.600619 0.706914
    outer loop
      vertex -0.650017 -0.972819 166
      vertex -0.833355 -1.2472 165.67
      vertex -0.75 -1.29904 165.67
    endloop
  endfacet
  facet normal 0.160649 0.688805 0.706923
    outer loop
      vertex 0.388228 1.44889 165.67
      vertex 0.228255 1.14752 166
      vertex 0.302817 1.13013 166
    endloop
  endfacet
  facet normal 0.623783 0.333407 0.706919
    outer loop
      vertex 1.29904 0.75 165.67
      vertex 1.01325 0.584999 166
      vertex 1.04934 0.517477 166
    endloop
  endfacet
  facet normal -0.546743 0.448708 0.706918
    outer loop
      vertex -0.879652 0.771434 166
      vertex -1.12776 0.989018 165.67
      vertex -0.928223 0.712251 166
    endloop
  endfacet
  facet normal 0.0693198 -0.703888 0.706921
    outer loop
      vertex 0.152715 -1.15999 166
      vertex 0.0981045 -1.49679 165.67
      vertex 0.195788 -1.48717 165.67
    endloop
  endfacet
  facet normal 0.703888 0.0693198 0.706921
    outer loop
      vertex 1.48717 0.195788 165.67
      vertex 1.15999 0.152715 166
      vertex 1.49679 0.0981045 165.67
    endloop
  endfacet
  facet normal 0.160616 -0.688817 0.706918
    outer loop
      vertex 0.388228 -1.44889 165.67
      vertex 0.228255 -1.14752 166
      vertex 0.292635 -1.47118 165.67
    endloop
  endfacet
  facet normal 0.688805 0.160649 0.706923
    outer loop
      vertex 1.44889 0.388228 165.67
      vertex 1.13013 0.302817 166
      vertex 1.14752 0.228255 166
    endloop
  endfacet
  facet normal -0.623783 0.333407 0.706919
    outer loop
      vertex -1.01325 0.584999 166
      vertex -1.29904 0.75 165.67
      vertex -1.04934 0.517477 166
    endloop
  endfacet
  facet normal 0.644239 -0.291925 0.70692
    outer loop
      vertex 1.08094 -0.44774 166
      vertex 1.04934 -0.517477 166
      vertex 1.34531 -0.663432 165.67
    endloop
  endfacet
  facet normal 0.697845 0.115218 0.706921
    outer loop
      vertex 1.47118 0.292635 165.67
      vertex 1.15999 0.152715 166
      vertex 1.48717 0.195788 165.67
    endloop
  endfacet
  facet normal 0.623782 -0.333407 0.706919
    outer loop
      vertex 1.34531 -0.663432 165.67
      vertex 1.04934 -0.517477 166
      vertex 1.29904 -0.75 165.67
    endloop
  endfacet
  facet normal -0.54675 0.448701 0.706917
    outer loop
      vertex -1.12776 0.989018 165.67
      vertex -1.19003 0.913141 165.67
      vertex -0.928223 0.712251 166
    endloop
  endfacet
  facet normal -0.333407 0.623783 0.706919
    outer loop
      vertex -0.517477 1.04934 166
      vertex -0.75 1.29904 165.67
      vertex -0.584999 1.01325 166
    endloop
  endfacet
  facet normal 0.546743 -0.448708 0.706918
    outer loop
      vertex 0.928223 -0.712251 166
      vertex 0.879652 -0.771434 166
      vertex 1.12776 -0.989018 165.67
    endloop
  endfacet
  facet normal -0.706911 -0.0231303 0.706924
    outer loop
      vertex -1.16749 -0.0765209 166
      vertex -1.5 0 165.67
      vertex -1.49679 -0.0981045 165.67
    endloop
  endfacet
  facet normal 0.697851 0.1152 0.706918
    outer loop
      vertex 1.47118 0.292635 165.67
      vertex 1.14752 0.228255 166
      vertex 1.15999 0.152715 166
    endloop
  endfacet
  facet normal -0.676833 -0.205361 0.706911
    outer loop
      vertex -1.10791 -0.376083 166
      vertex -1.44889 -0.388228 165.67
      vertex -1.42039 -0.482159 165.67
    endloop
  endfacet
  facet normal -0.688805 -0.160649 0.706923
    outer loop
      vertex -1.14752 -0.228255 166
      vertex -1.44889 -0.388228 165.67
      vertex -1.13013 -0.302817 166
    endloop
  endfacet
  facet normal -0.600619 -0.373536 0.706914
    outer loop
      vertex -0.972819 -0.650017 166
      vertex -1.29904 -0.75 165.67
      vertex -1.2472 -0.833355 165.67
    endloop
  endfacet
  facet normal 0.661977 -0.249111 0.706916
    outer loop
      vertex 1.42039 -0.482159 165.67
      vertex 1.08094 -0.44774 166
      vertex 1.38582 -0.574024 165.67
    endloop
  endfacet
  facet normal -0.676848 0.205273 0.706923
    outer loop
      vertex -1.10791 0.376083 166
      vertex -1.44889 0.388228 165.67
      vertex -1.13013 0.302817 166
    endloop
  endfacet
  facet normal -0.0231303 0.706911 0.706924
    outer loop
      vertex 0 1.5 165.67
      vertex -0.0981045 1.49679 165.67
      vertex -0.0765209 1.16749 166
    endloop
  endfacet
  facet normal 0.600619 -0.373536 0.706914
    outer loop
      vertex 1.29904 -0.75 165.67
      vertex 0.972819 -0.650017 166
      vertex 1.2472 -0.833355 165.67
    endloop
  endfacet
  facet normal -0.115218 0.697845 0.706921
    outer loop
      vertex -0.195788 1.48717 165.67
      vertex -0.292635 1.47118 165.67
      vertex -0.152715 1.15999 166
    endloop
  endfacet
  facet normal 0.249111 -0.661977 0.706916
    outer loop
      vertex 0.574024 -1.38582 165.67
      vertex 0.44774 -1.08094 166
      vertex 0.482159 -1.42039 165.67
    endloop
  endfacet
  facet normal -0.676848 -0.205273 0.706923
    outer loop
      vertex -1.13013 -0.302817 166
      vertex -1.44889 -0.388228 165.67
      vertex -1.10791 -0.376083 166
    endloop
  endfacet
  facet normal 0.373501 0.600635 0.706919
    outer loop
      vertex 0.75 1.29904 165.67
      vertex 0.584999 1.01325 166
      vertex 0.650017 0.972819 166
    endloop
  endfacet
  facet normal -0.661977 0.249111 0.706916
    outer loop
      vertex -1.38582 0.574024 165.67
      vertex -1.42039 0.482159 165.67
      vertex -1.08094 0.44774 166
    endloop
  endfacet
  facet normal 0.205361 0.676833 0.706911
    outer loop
      vertex 0.388228 1.44889 165.67
      vertex 0.376083 1.10791 166
      vertex 0.482159 1.42039 165.67
    endloop
  endfacet
  facet normal 0.483505 -0.516227 0.706918
    outer loop
      vertex 0.827314 -0.827314 166
      vertex 0.771434 -0.879652 166
      vertex 0.989018 -1.12776 165.67
    endloop
  endfacet
  facet normal -0.697845 -0.115218 0.706921
    outer loop
      vertex -1.15999 -0.152715 166
      vertex -1.48717 -0.195788 165.67
      vertex -1.47118 -0.292635 165.67
    endloop
  endfacet
  facet normal 0.688817 0.160616 0.706918
    outer loop
      vertex 1.44889 0.388228 165.67
      vertex 1.14752 0.228255 166
      vertex 1.47118 0.292635 165.67
    endloop
  endfacet
  facet normal 0.115218 -0.697845 0.706921
    outer loop
      vertex 0.292635 -1.47118 165.67
      vertex 0.152715 -1.15999 166
      vertex 0.195788 -1.48717 165.67
    endloop
  endfacet
  facet normal 0.676848 -0.205273 0.706923
    outer loop
      vertex 1.13013 -0.302817 166
      vertex 1.10791 -0.376083 166
      vertex 1.44889 -0.388228 165.67
    endloop
  endfacet
  facet normal -0.483505 -0.516227 0.706918
    outer loop
      vertex -0.827314 -0.827314 166
      vertex -0.989018 -1.12776 165.67
      vertex -0.771434 -0.879652 166
    endloop
  endfacet
  facet normal -0.661977 -0.249111 0.706916
    outer loop
      vertex -1.08094 -0.44774 166
      vertex -1.42039 -0.482159 165.67
      vertex -1.38582 -0.574024 165.67
    endloop
  endfacet
  facet normal 0.516227 0.483505 0.706918
    outer loop
      vertex 1.12776 0.989018 165.67
      vertex 0.827314 0.827314 166
      vertex 0.879652 0.771434 166
    endloop
  endfacet
  facet normal -0.703887 -0.0692855 0.706925
    outer loop
      vertex -1.16749 -0.0765209 166
      vertex -1.49679 -0.0981045 165.67
      vertex -1.15999 -0.152715 166
    endloop
  endfacet
  facet normal -0.516229 -0.483501 0.706919
    outer loop
      vertex -0.827314 -0.827314 166
      vertex -1.12776 -0.989018 165.67
      vertex -1.06066 -1.06066 165.67
    endloop
  endfacet
  facet normal -0.574937 -0.411966 0.706917
    outer loop
      vertex -0.928223 -0.712251 166
      vertex -1.2472 -0.833355 165.67
      vertex -1.19003 -0.913141 165.67
    endloop
  endfacet
  facet normal 0.600635 0.373501 0.706919
    outer loop
      vertex 1.29904 0.75 165.67
      vertex 0.972819 0.650017 166
      vertex 1.01325 0.584999 166
    endloop
  endfacet
  facet normal -0.333407 -0.623782 0.706919
    outer loop
      vertex -0.517477 -1.04934 166
      vertex -0.75 -1.29904 165.67
      vertex -0.663432 -1.34531 165.67
    endloop
  endfacet
  facet normal 0.205361 -0.676833 0.706911
    outer loop
      vertex 0.482159 -1.42039 165.67
      vertex 0.376083 -1.10791 166
      vertex 0.388228 -1.44889 165.67
    endloop
  endfacet
  facet normal 0.676833 -0.205361 0.706911
    outer loop
      vertex 1.44889 -0.388228 165.67
      vertex 1.10791 -0.376083 166
      vertex 1.42039 -0.482159 165.67
    endloop
  endfacet
  facet normal 0.516229 0.483501 0.706919
    outer loop
      vertex 1.06066 1.06066 165.67
      vertex 0.827314 0.827314 166
      vertex 1.12776 0.989018 165.67
    endloop
  endfacet
  facet normal 0.600635 -0.373501 0.706919
    outer loop
      vertex 1.01325 -0.584999 166
      vertex 0.972819 -0.650017 166
      vertex 1.29904 -0.75 165.67
    endloop
  endfacet
  facet normal 0.333407 -0.623783 0.706919
    outer loop
      vertex 0.584999 -1.01325 166
      vertex 0.517477 -1.04934 166
      vertex 0.75 -1.29904 165.67
    endloop
  endfacet
  facet normal -0.661968 0.249149 0.706911
    outer loop
      vertex -1.08094 0.44774 166
      vertex -1.42039 0.482159 165.67
      vertex -1.10791 0.376083 166
    endloop
  endfacet
  facet normal 0.574927 -0.411985 0.706914
    outer loop
      vertex 0.972819 -0.650017 166
      vertex 0.928223 -0.712251 166
      vertex 1.2472 -0.833355 165.67
    endloop
  endfacet
  facet normal 0.516229 -0.483501 0.706919
    outer loop
      vertex 1.12776 -0.989018 165.67
      vertex 0.827314 -0.827314 166
      vertex 1.06066 -1.06066 165.67
    endloop
  endfacet
  facet normal -0.249149 -0.661968 0.706911
    outer loop
      vertex -0.44774 -1.08094 166
      vertex -0.482159 -1.42039 165.67
      vertex -0.376083 -1.10791 166
    endloop
  endfacet
  facet normal -0.706917 -0.0231879 0.706917
    outer loop
      vertex -1.17 0 166
      vertex -1.5 0 165.67
      vertex -1.16749 -0.0765209 166
    endloop
  endfacet
  facet normal -0.546743 -0.448708 0.706918
    outer loop
      vertex -0.928223 -0.712251 166
      vertex -1.12776 -0.989018 165.67
      vertex -0.879652 -0.771434 166
    endloop
  endfacet
  facet normal 0.574937 -0.411966 0.706917
    outer loop
      vertex 1.2472 -0.833355 165.67
      vertex 0.928223 -0.712251 166
      vertex 1.19003 -0.913141 165.67
    endloop
  endfacet
  facet normal 0.483501 -0.516229 0.706919
    outer loop
      vertex 1.06066 -1.06066 165.67
      vertex 0.827314 -0.827314 166
      vertex 0.989018 -1.12776 165.67
    endloop
  endfacet
  facet normal -0.249111 -0.661977 0.706916
    outer loop
      vertex -0.44774 -1.08094 166
      vertex -0.574024 -1.38582 165.67
      vertex -0.482159 -1.42039 165.67
    endloop
  endfacet
  facet normal 0.706911 -0.0231303 0.706924
    outer loop
      vertex 1.5 0 165.67
      vertex 1.16749 -0.0765209 166
      vertex 1.49679 -0.0981045 165.67
    endloop
  endfacet
  facet normal 0.706917 -0.0231879 0.706917
    outer loop
      vertex 1.17 0 166
      vertex 1.16749 -0.0765209 166
      vertex 1.5 0 165.67
    endloop
  endfacet
  facet normal -0.1152 -0.697851 0.706918
    outer loop
      vertex -0.228255 -1.14752 166
      vertex -0.292635 -1.47118 165.67
      vertex -0.152715 -1.15999 166
    endloop
  endfacet
  facet normal 0.411985 -0.574927 0.706914
    outer loop
      vertex 0.712251 -0.928223 166
      vertex 0.650017 -0.972819 166
      vertex 0.833355 -1.2472 165.67
    endloop
  endfacet
  facet normal -0.697845 0.115218 0.706921
    outer loop
      vertex -1.47118 0.292635 165.67
      vertex -1.48717 0.195788 165.67
      vertex -1.15999 0.152715 166
    endloop
  endfacet
  facet normal -0.0231879 0.706917 0.706917
    outer loop
      vertex 0 1.5 165.67
      vertex -0.0765209 1.16749 166
      vertex 0 1.17 166
    endloop
  endfacet
  facet normal -0.697851 0.1152 0.706918
    outer loop
      vertex -1.14752 0.228255 166
      vertex -1.47118 0.292635 165.67
      vertex -1.15999 0.152715 166
    endloop
  endfacet
  facet normal 0.697845 -0.115218 0.706921
    outer loop
      vertex 1.48717 -0.195788 165.67
      vertex 1.15999 -0.152715 166
      vertex 1.47118 -0.292635 165.67
    endloop
  endfacet
  facet normal 0.703887 0.0692855 0.706925
    outer loop
      vertex 1.49679 0.0981045 165.67
      vertex 1.15999 0.152715 166
      vertex 1.16749 0.0765209 166
    endloop
  endfacet
  facet normal -0.574937 0.411966 0.706917
    outer loop
      vertex -1.19003 0.913141 165.67
      vertex -1.2472 0.833355 165.67
      vertex -0.928223 0.712251 166
    endloop
  endfacet
  facet normal -0.1152 0.697851 0.706918
    outer loop
      vertex -0.152715 1.15999 166
      vertex -0.292635 1.47118 165.67
      vertex -0.228255 1.14752 166
    endloop
  endfacet
  facet normal 0.291925 0.644239 0.70692
    outer loop
      vertex 0.663432 1.34531 165.67
      vertex 0.44774 1.08094 166
      vertex 0.517477 1.04934 166
    endloop
  endfacet
  facet normal 0.291905 0.644252 0.706917
    outer loop
      vertex 0.574024 1.38582 165.67
      vertex 0.44774 1.08094 166
      vertex 0.663432 1.34531 165.67
    endloop
  endfacet
  facet normal 0.697851 -0.1152 0.706918
    outer loop
      vertex 1.15999 -0.152715 166
      vertex 1.14752 -0.228255 166
      vertex 1.47118 -0.292635 165.67
    endloop
  endfacet
  facet normal 0.688817 -0.160616 0.706918
    outer loop
      vertex 1.47118 -0.292635 165.67
      vertex 1.14752 -0.228255 166
      vertex 1.44889 -0.388228 165.67
    endloop
  endfacet
  facet normal -0.333407 -0.623783 0.706919
    outer loop
      vertex -0.584999 -1.01325 166
      vertex -0.75 -1.29904 165.67
      vertex -0.517477 -1.04934 166
    endloop
  endfacet
  facet normal 0.703888 -0.0693198 0.706921
    outer loop
      vertex 1.49679 -0.0981045 165.67
      vertex 1.15999 -0.152715 166
      vertex 1.48717 -0.195788 165.67
    endloop
  endfacet
  facet normal 0.249111 0.661977 0.706916
    outer loop
      vertex 0.482159 1.42039 165.67
      vertex 0.44774 1.08094 166
      vertex 0.574024 1.38582 165.67
    endloop
  endfacet
  facet normal -0.160616 -0.688817 0.706918
    outer loop
      vertex -0.228255 -1.14752 166
      vertex -0.388228 -1.44889 165.67
      vertex -0.292635 -1.47118 165.67
    endloop
  endfacet
  facet normal -0.703888 -0.0693198 0.706921
    outer loop
      vertex -1.15999 -0.152715 166
      vertex -1.49679 -0.0981045 165.67
      vertex -1.48717 -0.195788 165.67
    endloop
  endfacet
  facet normal 0.1152 -0.697851 0.706918
    outer loop
      vertex 0.228255 -1.14752 166
      vertex 0.152715 -1.15999 166
      vertex 0.292635 -1.47118 165.67
    endloop
  endfacet
  facet normal 0.676848 0.205273 0.706923
    outer loop
      vertex 1.44889 0.388228 165.67
      vertex 1.10791 0.376083 166
      vertex 1.13013 0.302817 166
    endloop
  endfacet
  facet normal -0.373501 0.600635 0.706919
    outer loop
      vertex -0.584999 1.01325 166
      vertex -0.75 1.29904 165.67
      vertex -0.650017 0.972819 166
    endloop
  endfacet
  facet normal -0.411966 -0.574937 0.706917
    outer loop
      vertex -0.712251 -0.928223 166
      vertex -0.913141 -1.19003 165.67
      vertex -0.833355 -1.2472 165.67
    endloop
  endfacet
  facet normal -0.644239 -0.291925 0.70692
    outer loop
      vertex -1.08094 -0.44774 166
      vertex -1.34531 -0.663432 165.67
      vertex -1.04934 -0.517477 166
    endloop
  endfacet
  facet normal -0.574927 -0.411985 0.706914
    outer loop
      vertex -0.972819 -0.650017 166
      vertex -1.2472 -0.833355 165.67
      vertex -0.928223 -0.712251 166
    endloop
  endfacet
  facet normal -0.574927 0.411985 0.706914
    outer loop
      vertex -0.928223 0.712251 166
      vertex -1.2472 0.833355 165.67
      vertex -0.972819 0.650017 166
    endloop
  endfacet
  facet normal -0.448708 -0.546743 0.706918
    outer loop
      vertex -0.771434 -0.879652 166
      vertex -0.989018 -1.12776 165.67
      vertex -0.712251 -0.928223 166
    endloop
  endfacet
  facet normal 0.574927 0.411985 0.706914
    outer loop
      vertex 1.2472 0.833355 165.67
      vertex 0.928223 0.712251 166
      vertex 0.972819 0.650017 166
    endloop
  endfacet
  facet normal 0.644252 -0.291905 0.706917
    outer loop
      vertex 1.38582 -0.574024 165.67
      vertex 1.08094 -0.44774 166
      vertex 1.34531 -0.663432 165.67
    endloop
  endfacet
  facet normal 0.0231879 0.706917 0.706917
    outer loop
      vertex 0 1.5 165.67
      vertex 0 1.17 166
      vertex 0.0765209 1.16749 166
    endloop
  endfacet
  facet normal -0.688805 0.160649 0.706923
    outer loop
      vertex -1.13013 0.302817 166
      vertex -1.44889 0.388228 165.67
      vertex -1.14752 0.228255 166
    endloop
  endfacet
  facet normal -0.706911 0.0231303 0.706924
    outer loop
      vertex -1.49679 0.0981045 165.67
      vertex -1.5 0 165.67
      vertex -1.16749 0.0765209 166
    endloop
  endfacet
  facet normal -0.483501 0.516229 0.706919
    outer loop
      vertex -0.989018 1.12776 165.67
      vertex -1.06066 1.06066 165.67
      vertex -0.827314 0.827314 166
    endloop
  endfacet
  facet normal 0 0 1
    outer loop
      vertex 1.16749 0.0765209 166
      vertex 1.16749 -0.0765209 166
      vertex 1.17 0 166
    endloop
  endfacet
  facet normal 0 0 1
    outer loop
      vertex 1.15999 0.152715 166
      vertex 1.16749 -0.0765209 166
      vertex 1.16749 0.0765209 166
    endloop
  endfacet
  facet normal 0 0 1
    outer loop
      vertex 1.15999 0.152715 166
      vertex 1.15999 -0.152715 166
      vertex 1.16749 -0.0765209 166
    endloop
  endfacet
  facet normal 0 0 1
    outer loop
      vertex 1.14752 0.228255 166
      vertex 1.15999 -0.152715 166
      vertex 1.15999 0.152715 166
    endloop
  endfacet
  facet normal 0 0 1
    outer loop
      vertex 1.14752 0.228255 166
      vertex 1.14752 -0.228255 166
      vertex 1.15999 -0.152715 166
    endloop
  endfacet
  facet normal 0 0 1
    outer loop
      vertex 1.13013 0.302817 166
      vertex 1.14752 -0.228255 166
      vertex 1.14752 0.228255 166
    endloop
  endfacet
  facet normal 0 0 1
    outer loop
      vertex 1.13013 0.302817 166
      vertex 1.13013 -0.302817 166
      vertex 1.14752 -0.228255 166
    endloop
  endfacet
  facet normal 0 0 1
    outer loop
      vertex 1.10791 0.376083 166
      vertex 1.13013 -0.302817 166
      vertex 1.13013 0.302817 166
    endloop
  endfacet
  facet normal 0 0 1
    outer loop
      vertex 1.10791 0.376083 166
      vertex 1.10791 -0.376083 166
      vertex 1.13013 -0.302817 166
    endloop
  endfacet
  facet normal 0 0 1
    outer loop
      vertex 1.08094 0.44774 166
      vertex 1.10791 -0.376083 166
      vertex 1.10791 0.376083 166
    endloop
  endfacet
  facet normal 0 0 1
    outer loop
      vertex 1.08094 0.44774 166
      vertex 1.08094 -0.44774 166
      vertex 1.10791 -0.376083 166
    endloop
  endfacet
  facet normal 0 0 1
    outer loop
      vertex 1.04934 0.517477 166
      vertex 1.08094 -0.44774 166
      vertex 1.08094 0.44774 166
    endloop
  endfacet
  facet normal 0 0 1
    outer loop
      vertex 1.04934 0.517477 166
      vertex 1.04934 -0.517477 166
      vertex 1.08094 -0.44774 166
    endloop
  endfacet
  facet normal 0 0 1
    outer loop
      vertex 1.01325 0.584999 166
      vertex 1.04934 -0.517477 166
      vertex 1.04934 0.517477 166
    endloop
  endfacet
  facet normal 0 0 1
    outer loop
      vertex 1.01325 0.584999 166
      vertex 1.01325 -0.584999 166
      vertex 1.04934 -0.517477 166
    endloop
  endfacet
  facet normal 0 0 1
    outer loop
      vertex 0.972819 0.650017 166
      vertex 1.01325 -0.584999 166
      vertex 1.01325 0.584999 166
    endloop
  endfacet
  facet normal 0 0 1
    outer loop
      vertex 0.972819 0.650017 166
      vertex 0.972819 -0.650017 166
      vertex 1.01325 -0.584999 166
    endloop
  endfacet
  facet normal 0 0 1
    outer loop
      vertex 0.928223 0.712251 166
      vertex 0.972819 -0.650017 166
      vertex 0.972819 0.650017 166
    endloop
  endfacet
  facet normal 0 0 1
    outer loop
      vertex 0.928223 0.712251 166
      vertex 0.928223 -0.712251 166
      vertex 0.972819 -0.650017 166
    endloop
  endfacet
  facet normal 0 0 1
    outer loop
      vertex 0.879652 0.771434 166
      vertex 0.928223 -0.712251 166
      vertex 0.928223 0.712251 166
    endloop
  endfacet
  facet normal 0 0 1
    outer loop
      vertex 0.879652 0.771434 166
      vertex 0.879652 -0.771434 166
      vertex 0.928223 -0.712251 166
    endloop
  endfacet
  facet normal 0 0 1
    outer loop
      vertex 0.827314 0.827314 166
      vertex 0.879652 -0.771434 166
      vertex 0.879652 0.771434 166
    endloop
  endfacet
  facet normal 0 0 1
    outer loop
      vertex 0.827314 0.827314 166
      vertex 0.827314 -0.827314 166
      vertex 0.879652 -0.771434 166
    endloop
  endfacet
  facet normal 0 0 1
    outer loop
      vertex 0.771434 0.879652 166
      vertex 0.827314 -0.827314 166
      vertex 0.827314 0.827314 166
    endloop
  endfacet
  facet normal 0 0 1
    outer loop
      vertex 0.771434 0.879652 166
      vertex 0.771434 -0.879652 166
      vertex 0.827314 -0.827314 166
    endloop
  endfacet
  facet normal 0 0 1
    outer loop
      vertex 0.712251 0.928223 166
      vertex 0.771434 -0.879652 166
      vertex 0.771434 0.879652 166
    endloop
  endfacet
  facet normal 0 0 1
    outer loop
      vertex 0.712251 0.928223 166
      vertex 0.712251 -0.928223 166
      vertex 0.771434 -0.879652 166
    endloop
  endfacet
  facet normal 0 0 1
    outer loop
      vertex 0.650017 0.972819 166
      vertex 0.712251 -0.928223 166
      vertex 0.712251 0.928223 166
    endloop
  endfacet
  facet normal 0 0 1
    outer loop
      vertex 0.650017 0.972819 166
      vertex 0.650017 -0.972819 166
      vertex 0.712251 -0.928223 166
    endloop
  endfacet
  facet normal 0 0 1
    outer loop
      vertex 0.584999 1.01325 166
      vertex 0.650017 -0.972819 166
      vertex 0.650017 0.972819 166
    endloop
  endfacet
  facet normal 0 0 1
    outer loop
      vertex 0.584999 1.01325 166
      vertex 0.584999 -1.01325 166
      vertex 0.650017 -0.972819 166
    endloop
  endfacet
  facet normal 0 0 1
    outer loop
      vertex 0.517477 1.04934 166
      vertex 0.584999 -1.01325 166
      vertex 0.584999 1.01325 166
    endloop
  endfacet
  facet normal 0 0 1
    outer loop
      vertex 0.517477 1.04934 166
      vertex 0.517477 -1.04934 166
      vertex 0.584999 -1.01325 166
    endloop
  endfacet
  facet normal 0 0 1
    outer loop
      vertex 0.44774 1.08094 166
      vertex 0.517477 -1.04934 166
      vertex 0.517477 1.04934 166
    endloop
  endfacet
  facet normal 0 0 1
    outer loop
      vertex 0.44774 1.08094 166
      vertex 0.44774 -1.08094 166
      vertex 0.517477 -1.04934 166
    endloop
  endfacet
  facet normal 0 0 1
    outer loop
      vertex 0.376083 1.10791 166
      vertex 0.44774 -1.08094 166
      vertex 0.44774 1.08094 166
    endloop
  endfacet
  facet normal 0 0 1
    outer loop
      vertex 0.376083 1.10791 166
      vertex 0.376083 -1.10791 166
      vertex 0.44774 -1.08094 166
    endloop
  endfacet
  facet normal 0 0 1
    outer loop
      vertex 0.302817 1.13013 166
      vertex 0.376083 -1.10791 166
      vertex 0.376083 1.10791 166
    endloop
  endfacet
  facet normal 0 0 1
    outer loop
      vertex 0.302817 1.13013 166
      vertex 0.302817 -1.13013 166
      vertex 0.376083 -1.10791 166
    endloop
  endfacet
  facet normal 0 0 1
    outer loop
      vertex 0.228255 1.14752 166
      vertex 0.302817 -1.13013 166
      vertex 0.302817 1.13013 166
    endloop
  endfacet
  facet normal 0 0 1
    outer loop
      vertex 0.228255 1.14752 166
      vertex 0.228255 -1.14752 166
      vertex 0.302817 -1.13013 166
    endloop
  endfacet
  facet normal 0 0 1
    outer loop
      vertex 0.152715 1.15999 166
      vertex 0.228255 -1.14752 166
      vertex 0.228255 1.14752 166
    endloop
  endfacet
  facet normal 0 0 1
    outer loop
      vertex 0.152715 1.15999 166
      vertex 0.152715 -1.15999 166
      vertex 0.228255 -1.14752 166
    endloop
  endfacet
  facet normal 0 0 1
    outer loop
      vertex 0.0765209 1.16749 166
      vertex 0.152715 -1.15999 166
      vertex 0.152715 1.15999 166
    endloop
  endfacet
  facet normal 0 0 1
    outer loop
      vertex 0.0765209 1.16749 166
      vertex 0.0765209 -1.16749 166
      vertex 0.152715 -1.15999 166
    endloop
  endfacet
  facet normal 0 0 1
    outer loop
      vertex 0 1.17 166
      vertex 0.0765209 -1.16749 166
      vertex 0.0765209 1.16749 166
    endloop
  endfacet
  facet normal 0 0 1
    outer loop
      vertex 0 1.17 166
      vertex 0 -1.17 166
      vertex 0.0765209 -1.16749 166
    endloop
  endfacet
  facet normal -0 0 1
    outer loop
      vertex -0.0765209 1.16749 166
      vertex 0 -1.17 166
      vertex 0 1.17 166
    endloop
  endfacet
  facet normal 0 0 1
    outer loop
      vertex -0.0765209 1.16749 166
      vertex -0.0765209 -1.16749 166
      vertex 0 -1.17 166
    endloop
  endfacet
  facet normal -0 0 1
    outer loop
      vertex -0.152715 1.15999 166
      vertex -0.0765209 -1.16749 166
      vertex -0.0765209 1.16749 166
    endloop
  endfacet
  facet normal 0 0 1
    outer loop
      vertex -0.152715 1.15999 166
      vertex -0.152715 -1.15999 166
      vertex -0.0765209 -1.16749 166
    endloop
  endfacet
  facet normal -0 0 1
    outer loop
      vertex -0.228255 1.14752 166
      vertex -0.152715 -1.15999 166
      vertex -0.152715 1.15999 166
    endloop
  endfacet
  facet normal 0 0 1
    outer loop
      vertex -0.228255 1.14752 166
      vertex -0.228255 -1.14752 166
      vertex -0.152715 -1.15999 166
    endloop
  endfacet
  facet normal -0 0 1
    outer loop
      vertex -0.302817 1.13013 166
      vertex -0.228255 -1.14752 166
      vertex -0.228255 1.14752 166
    endloop
  endfacet
  facet normal 0 0 1
    outer loop
      vertex -0.302817 1.13013 166
      vertex -0.302817 -1.13013 166
      vertex -0.228255 -1.14752 166
    endloop
  endfacet
  facet normal -0 0 1
    outer loop
      vertex -0.376083 1.10791 166
      vertex -0.302817 -1.13013 166
      vertex -0.302817 1.13013 166
    endloop
  endfacet
  facet normal 0 0 1
    outer loop
      vertex -0.376083 1.10791 166
      vertex -0.376083 -1.10791 166
      vertex -0.302817 -1.13013 166
    endloop
  endfacet
  facet normal -0 0 1
    outer loop
      vertex -0.44774 1.08094 166
      vertex -0.376083 -1.10791 166
      vertex -0.376083 1.10791 166
    endloop
  endfacet
  facet normal 0 0 1
    outer loop
      vertex -0.44774 1.08094 166
      vertex -0.44774 -1.08094 166
      vertex -0.376083 -1.10791 166
    endloop
  endfacet
  facet normal -0 0 1
    outer loop
      vertex -0.517477 1.04934 166
      vertex -0.44774 -1.08094 166
      vertex -0.44774 1.08094 166
    endloop
  endfacet
  facet normal 0 0 1
    outer loop
      vertex -0.517477 1.04934 166
      vertex -0.517477 -1.04934 166
      vertex -0.44774 -1.08094 166
    endloop
  endfacet
  facet normal -0 0 1
    outer loop
      vertex -0.584999 1.01325 166
      vertex -0.517477 -1.04934 166
      vertex -0.517477 1.04934 166
    endloop
  endfacet
  facet normal 0 0 1
    outer loop
      vertex -0.584999 1.01325 166
      vertex -0.584999 -1.01325 166
      vertex -0.517477 -1.04934 166
    endloop
  endfacet
  facet normal -0 0 1
    outer loop
      vertex -0.650017 0.972819 166
      vertex -0.584999 -1.01325 166
      vertex -0.584999 1.01325 166
    endloop
  endfacet
  facet normal 0 0 1
    outer loop
      vertex -0.650017 0.972819 166
      vertex -0.650017 -0.972819 166
      vertex -0.584999 -1.01325 166
    endloop
  endfacet
  facet normal -0 0 1
    outer loop
      vertex -0.712251 0.928223 166
      vertex -0.650017 -0.972819 166
      vertex -0.650017 0.972819 166
    endloop
  endfacet
  facet normal 0 0 1
    outer loop
      vertex -0.712251 0.928223 166
      vertex -0.712251 -0.928223 166
      vertex -0.650017 -0.972819 166
    endloop
  endfacet
  facet normal -0 0 1
    outer loop
      vertex -0.771434 0.879652 166
      vertex -0.712251 -0.928223 166
      vertex -0.712251 0.928223 166
    endloop
  endfacet
  facet normal 0 0 1
    outer loop
      vertex -0.771434 0.879652 166
      vertex -0.771434 -0.879652 166
      vertex -0.712251 -0.928223 166
    endloop
  endfacet
  facet normal -0 0 1
    outer loop
      vertex -0.827314 0.827314 166
      vertex -0.771434 -0.879652 166
      vertex -0.771434 0.879652 166
    endloop
  endfacet
  facet normal 0 0 1
    outer loop
      vertex -0.827314 0.827314 166
      vertex -0.827314 -0.827314 166
      vertex -0.771434 -0.879652 166
    endloop
  endfacet
  facet normal -0 0 1
    outer loop
      vertex -0.879652 0.771434 166
      vertex -0.827314 -0.827314 166
      vertex -0.827314 0.827314 166
    endloop
  endfacet
  facet normal 0 0 1
    outer loop
      vertex -0.879652 0.771434 166
      vertex -0.879652 -0.771434 166
      vertex -0.827314 -0.827314 166
    endloop
  endfacet
  facet normal -0 0 1
    outer loop
      vertex -0.928223 0.712251 166
      vertex -0.879652 -0.771434 166
      vertex -0.879652 0.771434 166
    endloop
  endfacet
  facet normal 0 0 1
    outer loop
      vertex -0.928223 0.712251 166
      vertex -0.928223 -0.712251 166
      vertex -0.879652 -0.771434 166
    endloop
  endfacet
  facet normal -0 0 1
    outer loop
      vertex -0.972819 0.650017 166
      vertex -0.928223 -0.712251 166
      vertex -0.928223 0.712251 166
    endloop
  endfacet
  facet normal 0 0 1
    outer loop
      vertex -0.972819 0.650017 166
      vertex -0.972819 -0.650017 166
      vertex -0.928223 -0.712251 166
    endloop
  endfacet
  facet normal -0 0 1
    outer loop
      vertex -1.01325 0.584999 166
      vertex -0.972819 -0.650017 166
      vertex -0.972819 0.650017 166
    endloop
  endfacet
  facet normal 0 0 1
    outer loop
      vertex -1.01325 0.584999 166
      vertex -1.01325 -0.584999 166
      vertex -0.972819 -0.650017 166
    endloop
  endfacet
  facet normal -0 0 1
    outer loop
      vertex -1.04934 0.517477 166
      vertex -1.01325 -0.584999 166
      vertex -1.01325 0.584999 166
    endloop
  endfacet
  facet normal 0 0 1
    outer loop
      vertex -1.04934 0.517477 166
      vertex -1.04934 -0.517477 166
      vertex -1.01325 -0.584999 166
    endloop
  endfacet
  facet normal -0 0 1
    outer loop
      vertex -1.08094 0.44774 166
      vertex -1.04934 -0.517477 166
      vertex -1.04934 0.517477 166
    endloop
  endfacet
  facet normal 0 0 1
    outer loop
      vertex -1.08094 0.44774 166
      vertex -1.08094 -0.44774 166
      vertex -1.04934 -0.517477 166
    endloop
  endfacet
  facet normal -0 0 1
    outer loop
      vertex -1.10791 0.376083 166
      vertex -1.08094 -0.44774 166
      vertex -1.08094 0.44774 166
    endloop
  endfacet
  facet normal 0 0 1
    outer loop
      vertex -1.10791 0.376083 166
      vertex -1.10791 -0.376083 166
      vertex -1.08094 -0.44774 166
    endloop
  endfacet
  facet normal -0 0 1
    outer loop
      vertex -1.13013 0.302817 166
      vertex -1.10791 -0.376083 166
      vertex -1.10791 0.376083 166
    endloop
  endfacet
  facet normal 0 0 1
    outer loop
      vertex -1.13013 0.302817 166
      vertex -1.13013 -0.302817 166
      vertex -1.10791 -0.376083 166
    endloop
  endfacet
  facet normal -0 0 1
    outer loop
      vertex -1.14752 0.228255 166
      vertex -1.13013 -0.302817 166
      vertex -1.13013 0.302817 166
    endloop
  endfacet
  facet normal 0 0 1
    outer loop
      vertex -1.14752 0.228255 166
      vertex -1.14752 -0.228255 166
      vertex -1.13013 -0.302817 166
    endloop
  endfacet
  facet normal -0 0 1
    outer loop
      vertex -1.15999 0.152715 166
      vertex -1.14752 -0.228255 166
      vertex -1.14752 0.228255 166
    endloop
  endfacet
  facet normal 0 0 1
    outer loop
      vertex -1.15999 0.152715 166
      vertex -1.15999 -0.152715 166
      vertex -1.14752 -0.228255 166
    endloop
  endfacet
  facet normal -0 0 1
    outer loop
      vertex -1.16749 0.0765209 166
      vertex -1.15999 -0.152715 166
      vertex -1.15999 0.152715 166
    endloop
  endfacet
  facet normal 0 0 1
    outer loop
      vertex -1.16749 0.0765209 166
      vertex -1.16749 -0.0765209 166
      vertex -1.15999 -0.152715 166
    endloop
  endfacet
  facet normal 0 -0 1
    outer loop
      vertex -1.16749 -0.0765209 166
      vertex -1.16749 0.0765209 166
      vertex -1.17 0 166
    endloop
  endfacet
  facet normal -0.516227 0.483505 0.706918
    outer loop
      vertex -0.827314 0.827314 166
      vertex -1.12776 0.989018 165.67
      vertex -0.879652 0.771434 166
    endloop
  endfacet
  facet normal 0.483505 0.516227 0.706918
    outer loop
      vertex 0.989018 1.12776 165.67
      vertex 0.771434 0.879652 166
      vertex 0.827314 0.827314 166
    endloop
  endfacet
  facet normal -0.600635 0.373501 0.706919
    outer loop
      vertex -0.972819 0.650017 166
      vertex -1.29904 0.75 165.67
      vertex -1.01325 0.584999 166
    endloop
  endfacet
  facet normal -0.676833 0.205361 0.706911
    outer loop
      vertex -1.42039 0.482159 165.67
      vertex -1.44889 0.388228 165.67
      vertex -1.10791 0.376083 166
    endloop
  endfacet
  facet normal 0.373536 0.600619 0.706914
    outer loop
      vertex 0.75 1.29904 165.67
      vertex 0.650017 0.972819 166
      vertex 0.833355 1.2472 165.67
    endloop
  endfacet
  facet normal 0.333407 -0.623782 0.706919
    outer loop
      vertex 0.75 -1.29904 165.67
      vertex 0.517477 -1.04934 166
      vertex 0.663432 -1.34531 165.67
    endloop
  endfacet
  facet normal 0.54675 0.448701 0.706917
    outer loop
      vertex 1.12776 0.989018 165.67
      vertex 0.928223 0.712251 166
      vertex 1.19003 0.913141 165.67
    endloop
  endfacet
  facet normal 0.205273 -0.676848 0.706923
    outer loop
      vertex 0.376083 -1.10791 166
      vertex 0.302817 -1.13013 166
      vertex 0.388228 -1.44889 165.67
    endloop
  endfacet
  facet normal 0.623782 0.333407 0.706919
    outer loop
      vertex 1.29904 0.75 165.67
      vertex 1.04934 0.517477 166
      vertex 1.34531 0.663432 165.67
    endloop
  endfacet
  facet normal -0.249111 0.661977 0.706916
    outer loop
      vertex -0.482159 1.42039 165.67
      vertex -0.574024 1.38582 165.67
      vertex -0.44774 1.08094 166
    endloop
  endfacet
  facet normal 0.448708 0.546743 0.706918
    outer loop
      vertex 0.989018 1.12776 165.67
      vertex 0.712251 0.928223 166
      vertex 0.771434 0.879652 166
    endloop
  endfacet
  facet normal -0.54675 -0.448701 0.706917
    outer loop
      vertex -0.928223 -0.712251 166
      vertex -1.19003 -0.913141 165.67
      vertex -1.12776 -0.989018 165.67
    endloop
  endfacet
  facet normal 0.0692855 0.703887 0.706925
    outer loop
      vertex 0.0981045 1.49679 165.67
      vertex 0.0765209 1.16749 166
      vertex 0.152715 1.15999 166
    endloop
  endfacet
  facet normal 0.0231303 0.706911 0.706924
    outer loop
      vertex 0.0981045 1.49679 165.67
      vertex 0 1.5 165.67
      vertex 0.0765209 1.16749 166
    endloop
  endfacet
  facet normal -0.291925 -0.644239 0.70692
    outer loop
      vertex -0.517477 -1.04934 166
      vertex -0.663432 -1.34531 165.67
      vertex -0.44774 -1.08094 166
    endloop
  endfacet
  facet normal 0.623783 -0.333407 0.706919
    outer loop
      vertex 1.04934 -0.517477 166
      vertex 1.01325 -0.584999 166
      vertex 1.29904 -0.75 165.67
    endloop
  endfacet
  facet normal 0.291905 -0.644252 0.706917
    outer loop
      vertex 0.663432 -1.34531 165.67
      vertex 0.44774 -1.08094 166
      vertex 0.574024 -1.38582 165.67
    endloop
  endfacet
  facet normal 0.373536 -0.600619 0.706914
    outer loop
      vertex 0.833355 -1.2472 165.67
      vertex 0.650017 -0.972819 166
      vertex 0.75 -1.29904 165.67
    endloop
  endfacet
  facet normal -0.688817 -0.160616 0.706918
    outer loop
      vertex -1.14752 -0.228255 166
      vertex -1.47118 -0.292635 165.67
      vertex -1.44889 -0.388228 165.67
    endloop
  endfacet
  facet normal 0.249149 -0.661968 0.706911
    outer loop
      vertex 0.44774 -1.08094 166
      vertex 0.376083 -1.10791 166
      vertex 0.482159 -1.42039 165.67
    endloop
  endfacet
  facet normal 0.160616 0.688817 0.706918
    outer loop
      vertex 0.292635 1.47118 165.67
      vertex 0.228255 1.14752 166
      vertex 0.388228 1.44889 165.67
    endloop
  endfacet
  facet normal -0.448701 -0.54675 0.706917
    outer loop
      vertex -0.712251 -0.928223 166
      vertex -0.989018 -1.12776 165.67
      vertex -0.913141 -1.19003 165.67
    endloop
  endfacet
  facet normal -0.160616 0.688817 0.706918
    outer loop
      vertex -0.292635 1.47118 165.67
      vertex -0.388228 1.44889 165.67
      vertex -0.228255 1.14752 166
    endloop
  endfacet
  facet normal -0.483501 -0.516229 0.706919
    outer loop
      vertex -0.827314 -0.827314 166
      vertex -1.06066 -1.06066 165.67
      vertex -0.989018 -1.12776 165.67
    endloop
  endfacet
  facet normal -0.661968 -0.249149 0.706911
    outer loop
      vertex -1.10791 -0.376083 166
      vertex -1.42039 -0.482159 165.67
      vertex -1.08094 -0.44774 166
    endloop
  endfacet
  facet normal -0.411985 0.574927 0.706914
    outer loop
      vertex -0.650017 0.972819 166
      vertex -0.833355 1.2472 165.67
      vertex -0.712251 0.928223 166
    endloop
  endfacet
  facet normal -0.411966 0.574937 0.706917
    outer loop
      vertex -0.833355 1.2472 165.67
      vertex -0.913141 1.19003 165.67
      vertex -0.712251 0.928223 166
    endloop
  endfacet
  facet normal -0.697851 -0.1152 0.706918
    outer loop
      vertex -1.15999 -0.152715 166
      vertex -1.47118 -0.292635 165.67
      vertex -1.14752 -0.228255 166
    endloop
  endfacet
  facet normal -0.703887 0.0692855 0.706925
    outer loop
      vertex -1.15999 0.152715 166
      vertex -1.49679 0.0981045 165.67
      vertex -1.16749 0.0765209 166
    endloop
  endfacet
  facet normal -0.644252 0.291905 0.706917
    outer loop
      vertex -1.34531 0.663432 165.67
      vertex -1.38582 0.574024 165.67
      vertex -1.08094 0.44774 166
    endloop
  endfacet
  facet normal -0.644239 0.291925 0.70692
    outer loop
      vertex -1.04934 0.517477 166
      vertex -1.34531 0.663432 165.67
      vertex -1.08094 0.44774 166
    endloop
  endfacet
  facet normal -0.373536 0.600619 0.706914
    outer loop
      vertex -0.75 1.29904 165.67
      vertex -0.833355 1.2472 165.67
      vertex -0.650017 0.972819 166
    endloop
  endfacet
  facet normal -0.706917 0.0231879 0.706917
    outer loop
      vertex -1.16749 0.0765209 166
      vertex -1.5 0 165.67
      vertex -1.17 0 166
    endloop
  endfacet
  facet normal -0.644252 -0.291905 0.706917
    outer loop
      vertex -1.08094 -0.44774 166
      vertex -1.38582 -0.574024 165.67
      vertex -1.34531 -0.663432 165.67
    endloop
  endfacet
  facet normal 0.160649 -0.688805 0.706923
    outer loop
      vertex 0.302817 -1.13013 166
      vertex 0.228255 -1.14752 166
      vertex 0.388228 -1.44889 165.67
    endloop
  endfacet
  facet normal 0.373501 -0.600635 0.706919
    outer loop
      vertex 0.650017 -0.972819 166
      vertex 0.584999 -1.01325 166
      vertex 0.75 -1.29904 165.67
    endloop
  endfacet
  facet normal 0.54675 -0.448701 0.706917
    outer loop
      vertex 1.19003 -0.913141 165.67
      vertex 0.928223 -0.712251 166
      vertex 1.12776 -0.989018 165.67
    endloop
  endfacet
  facet normal -0.600619 0.373536 0.706914
    outer loop
      vertex -1.2472 0.833355 165.67
      vertex -1.29904 0.75 165.67
      vertex -0.972819 0.650017 166
    endloop
  endfacet
  facet normal 0.0231303 -0.706911 0.706924
    outer loop
      vertex 0.0765209 -1.16749 166
      vertex 0 -1.5 165.67
      vertex 0.0981045 -1.49679 165.67
    endloop
  endfacet
  facet normal -0.0231303 -0.706911 0.706924
    outer loop
      vertex -0.0765209 -1.16749 166
      vertex -0.0981045 -1.49679 165.67
      vertex 0 -1.5 165.67
    endloop
  endfacet
  facet normal -0.0231879 -0.706917 0.706917
    outer loop
      vertex 0 -1.17 166
      vertex -0.0765209 -1.16749 166
      vertex 0 -1.5 165.67
    endloop
  endfacet
  facet normal 0.0693198 0.703888 0.706921
    outer loop
      vertex 0.195788 1.48717 165.67
      vertex 0.0981045 1.49679 165.67
      vertex 0.152715 1.15999 166
    endloop
  endfacet
  facet normal -0.205361 0.676833 0.706911
    outer loop
      vertex -0.388228 1.44889 165.67
      vertex -0.482159 1.42039 165.67
      vertex -0.376083 1.10791 166
    endloop
  endfacet
  facet normal -0.291905 -0.644252 0.706917
    outer loop
      vertex -0.44774 -1.08094 166
      vertex -0.663432 -1.34531 165.67
      vertex -0.574024 -1.38582 165.67
    endloop
  endfacet
  facet normal 0.0231879 -0.706917 0.706917
    outer loop
      vertex 0 -1.17 166
      vertex 0 -1.5 165.67
      vertex 0.0765209 -1.16749 166
    endloop
  endfacet
  facet normal 0.0692855 -0.703887 0.706925
    outer loop
      vertex 0.152715 -1.15999 166
      vertex 0.0765209 -1.16749 166
      vertex 0.0981045 -1.49679 165.67
    endloop
  endfacet
  facet normal 0.448701 -0.54675 0.706917
    outer loop
      vertex 0.989018 -1.12776 165.67
      vertex 0.712251 -0.928223 166
      vertex 0.913141 -1.19003 165.67
    endloop
  endfacet
  facet normal -0.516227 -0.483505 0.706918
    outer loop
      vertex -0.879652 -0.771434 166
      vertex -1.12776 -0.989018 165.67
      vertex -0.827314 -0.827314 166
    endloop
  endfacet
  facet normal -0.0692855 0.703887 0.706925
    outer loop
      vertex -0.0981045 1.49679 165.67
      vertex -0.152715 1.15999 166
      vertex -0.0765209 1.16749 166
    endloop
  endfacet
  facet normal -0.205361 -0.676833 0.706911
    outer loop
      vertex -0.376083 -1.10791 166
      vertex -0.482159 -1.42039 165.67
      vertex -0.388228 -1.44889 165.67
    endloop
  endfacet
  facet normal 0.703887 -0.0692855 0.706925
    outer loop
      vertex 1.16749 -0.0765209 166
      vertex 1.15999 -0.152715 166
      vertex 1.49679 -0.0981045 165.67
    endloop
  endfacet
  facet normal 0.661968 -0.249149 0.706911
    outer loop
      vertex 1.10791 -0.376083 166
      vertex 1.08094 -0.44774 166
      vertex 1.42039 -0.482159 165.67
    endloop
  endfacet
  facet normal 0.644239 0.291925 0.70692
    outer loop
      vertex 1.34531 0.663432 165.67
      vertex 1.04934 0.517477 166
      vertex 1.08094 0.44774 166
    endloop
  endfacet
  facet normal -0.291925 0.644239 0.70692
    outer loop
      vertex -0.44774 1.08094 166
      vertex -0.663432 1.34531 165.67
      vertex -0.517477 1.04934 166
    endloop
  endfacet
  facet normal -0.291905 0.644252 0.706917
    outer loop
      vertex -0.574024 1.38582 165.67
      vertex -0.663432 1.34531 165.67
      vertex -0.44774 1.08094 166
    endloop
  endfacet
  facet normal 0.574937 0.411966 0.706917
    outer loop
      vertex 1.19003 0.913141 165.67
      vertex 0.928223 0.712251 166
      vertex 1.2472 0.833355 165.67
    endloop
  endfacet
  facet normal -0.623783 -0.333407 0.706919
    outer loop
      vertex -1.04934 -0.517477 166
      vertex -1.29904 -0.75 165.67
      vertex -1.01325 -0.584999 166
    endloop
  endfacet
  facet normal -0.623782 -0.333407 0.706919
    outer loop
      vertex -1.04934 -0.517477 166
      vertex -1.34531 -0.663432 165.67
      vertex -1.29904 -0.75 165.67
    endloop
  endfacet
  facet normal 0.115218 0.697845 0.706921
    outer loop
      vertex 0.195788 1.48717 165.67
      vertex 0.152715 1.15999 166
      vertex 0.292635 1.47118 165.67
    endloop
  endfacet
  facet normal 0.411985 0.574927 0.706914
    outer loop
      vertex 0.833355 1.2472 165.67
      vertex 0.650017 0.972819 166
      vertex 0.712251 0.928223 166
    endloop
  endfacet
  facet normal 0.600619 0.373536 0.706914
    outer loop
      vertex 1.2472 0.833355 165.67
      vertex 0.972819 0.650017 166
      vertex 1.29904 0.75 165.67
    endloop
  endfacet
  facet normal -0.448708 0.546743 0.706918
    outer loop
      vertex -0.712251 0.928223 166
      vertex -0.989018 1.12776 165.67
      vertex -0.771434 0.879652 166
    endloop
  endfacet
  facet normal 0.688805 -0.160649 0.706923
    outer loop
      vertex 1.14752 -0.228255 166
      vertex 1.13013 -0.302817 166
      vertex 1.44889 -0.388228 165.67
    endloop
  endfacet
  facet normal 0.661977 0.249111 0.706916
    outer loop
      vertex 1.38582 0.574024 165.67
      vertex 1.08094 0.44774 166
      vertex 1.42039 0.482159 165.67
    endloop
  endfacet
  facet normal 0.644252 0.291905 0.706917
    outer loop
      vertex 1.34531 0.663432 165.67
      vertex 1.08094 0.44774 166
      vertex 1.38582 0.574024 165.67
    endloop
  endfacet
  facet normal 0.483501 0.516229 0.706919
    outer loop
      vertex 0.989018 1.12776 165.67
      vertex 0.827314 0.827314 166
      vertex 1.06066 1.06066 165.67
    endloop
  endfacet
  facet normal -0.483505 0.516227 0.706918
    outer loop
      vertex -0.771434 0.879652 166
      vertex -0.989018 1.12776 165.67
      vertex -0.827314 0.827314 166
    endloop
  endfacet
  facet normal -0.160649 0.688805 0.706923
    outer loop
      vertex -0.228255 1.14752 166
      vertex -0.388228 1.44889 165.67
      vertex -0.302817 1.13013 166
    endloop
  endfacet
  facet normal -0.516229 0.483501 0.706919
    outer loop
      vertex -1.06066 1.06066 165.67
      vertex -1.12776 0.989018 165.67
      vertex -0.827314 0.827314 166
    endloop
  endfacet
  facet normal -0.373501 -0.600635 0.706919
    outer loop
      vertex -0.650017 -0.972819 166
      vertex -0.75 -1.29904 165.67
      vertex -0.584999 -1.01325 166
    endloop
  endfacet
  facet normal -0.0693198 0.703888 0.706921
    outer loop
      vertex -0.0981045 1.49679 165.67
      vertex -0.195788 1.48717 165.67
      vertex -0.152715 1.15999 166
    endloop
  endfacet
  facet normal -0.600635 -0.373501 0.706919
    outer loop
      vertex -1.01325 -0.584999 166
      vertex -1.29904 -0.75 165.67
      vertex -0.972819 -0.650017 166
    endloop
  endfacet
  facet normal -0.205273 0.676848 0.706923
    outer loop
      vertex -0.302817 1.13013 166
      vertex -0.388228 1.44889 165.67
      vertex -0.376083 1.10791 166
    endloop
  endfacet
  facet normal 0.249149 0.661968 0.706911
    outer loop
      vertex 0.482159 1.42039 165.67
      vertex 0.376083 1.10791 166
      vertex 0.44774 1.08094 166
    endloop
  endfacet
  facet normal -0.0692855 -0.703887 0.706925
    outer loop
      vertex -0.0765209 -1.16749 166
      vertex -0.152715 -1.15999 166
      vertex -0.0981045 -1.49679 165.67
    endloop
  endfacet
  facet normal -0.703888 0.0693198 0.706921
    outer loop
      vertex -1.48717 0.195788 165.67
      vertex -1.49679 0.0981045 165.67
      vertex -1.15999 0.152715 166
    endloop
  endfacet
  facet normal -0.448701 0.54675 0.706917
    outer loop
      vertex -0.913141 1.19003 165.67
      vertex -0.989018 1.12776 165.67
      vertex -0.712251 0.928223 166
    endloop
  endfacet
  facet normal 0.546743 0.448708 0.706918
    outer loop
      vertex 1.12776 0.989018 165.67
      vertex 0.879652 0.771434 166
      vertex 0.928223 0.712251 166
    endloop
  endfacet
  facet normal 0.676833 0.205361 0.706911
    outer loop
      vertex 1.42039 0.482159 165.67
      vertex 1.10791 0.376083 166
      vertex 1.44889 0.388228 165.67
    endloop
  endfacet
  facet normal 0.661968 0.249149 0.706911
    outer loop
      vertex 1.42039 0.482159 165.67
      vertex 1.08094 0.44774 166
      vertex 1.10791 0.376083 166
    endloop
  endfacet
  facet normal -0.333407 0.623782 0.706919
    outer loop
      vertex -0.663432 1.34531 165.67
      vertex -0.75 1.29904 165.67
      vertex -0.517477 1.04934 166
    endloop
  endfacet
  facet normal 0.448708 -0.546743 0.706918
    outer loop
      vertex 0.771434 -0.879652 166
      vertex 0.712251 -0.928223 166
      vertex 0.989018 -1.12776 165.67
    endloop
  endfacet
  facet normal -0.411985 -0.574927 0.706914
    outer loop
      vertex -0.712251 -0.928223 166
      vertex -0.833355 -1.2472 165.67
      vertex -0.650017 -0.972819 166
    endloop
  endfacet
  facet normal 0.411966 -0.574937 0.706917
    outer loop
      vertex 0.913141 -1.19003 165.67
      vertex 0.712251 -0.928223 166
      vertex 0.833355 -1.2472 165.67
    endloop
  endfacet
  facet normal -0.688817 0.160616 0.706918
    outer loop
      vertex -1.44889 0.388228 165.67
      vertex -1.47118 0.292635 165.67
      vertex -1.14752 0.228255 166
    endloop
  endfacet
  facet normal 0.448701 0.54675 0.706917
    outer loop
      vertex 0.913141 1.19003 165.67
      vertex 0.712251 0.928223 166
      vertex 0.989018 1.12776 165.67
    endloop
  endfacet
  facet normal 0.411966 0.574937 0.706917
    outer loop
      vertex 0.833355 1.2472 165.67
      vertex 0.712251 0.928223 166
      vertex 0.913141 1.19003 165.67
    endloop
  endfacet
  facet normal -0.160649 -0.688805 0.706923
    outer loop
      vertex -0.302817 -1.13013 166
      vertex -0.388228 -1.44889 165.67
      vertex -0.228255 -1.14752 166
    endloop
  endfacet
  facet normal 0.333407 0.623782 0.706919
    outer loop
      vertex 0.663432 1.34531 165.67
      vertex 0.517477 1.04934 166
      vertex 0.75 1.29904 165.67
    endloop
  endfacet
  facet normal 0.333407 0.623783 0.706919
    outer loop
      vertex 0.75 1.29904 165.67
      vertex 0.517477 1.04934 166
      vertex 0.584999 1.01325 166
    endloop
  endfacet
  facet normal -0.205273 -0.676848 0.706923
    outer loop
      vertex -0.376083 -1.10791 166
      vertex -0.388228 -1.44889 165.67
      vertex -0.302817 -1.13013 166
    endloop
  endfacet
  facet normal -0.0693198 -0.703888 0.706921
    outer loop
      vertex -0.152715 -1.15999 166
      vertex -0.195788 -1.48717 165.67
      vertex -0.0981045 -1.49679 165.67
    endloop
  endfacet
  facet normal -0.115218 -0.697845 0.706921
    outer loop
      vertex -0.152715 -1.15999 166
      vertex -0.292635 -1.47118 165.67
      vertex -0.195788 -1.48717 165.67
    endloop
  endfacet
  facet normal 0.205273 0.676848 0.706923
    outer loop
      vertex 0.388228 1.44889 165.67
      vertex 0.302817 1.13013 166
      vertex 0.376083 1.10791 166
    endloop
  endfacet
  facet normal -0.623782 0.333407 0.706919
    outer loop
      vertex -1.29904 0.75 165.67
      vertex -1.34531 0.663432 165.67
      vertex -1.04934 0.517477 166
    endloop
  endfacet
  facet normal 0.516227 -0.483506 -0.706917
    outer loop
      vertex 0.879652 -0.771434 0
      vertex 1.12776 -0.989018 0.330001
      vertex 0.827314 -0.827314 0
    endloop
  endfacet
  facet normal 0.1152 0.697852 -0.706917
    outer loop
      vertex 0.292635 1.47118 0.330001
      vertex 0.228255 1.14752 0
      vertex 0.152715 1.15999 0
    endloop
  endfacet
  facet normal 0.706918 0.023188 -0.706916
    outer loop
      vertex 1.5 0 0.330001
      vertex 1.17 0 0
      vertex 1.16749 0.0765209 0
    endloop
  endfacet
  facet normal 0.706912 0.0231303 -0.706923
    outer loop
      vertex 1.49679 0.0981045 0.330001
      vertex 1.5 0 0.330001
      vertex 1.16749 0.0765209 0
    endloop
  endfacet
  facet normal 0.291925 -0.64424 -0.706919
    outer loop
      vertex 0.517477 -1.04934 0
      vertex 0.663432 -1.34531 0.330001
      vertex 0.44774 -1.08094 0
    endloop
  endfacet
  facet normal -0.24915 0.661969 -0.70691
    outer loop
      vertex -0.376083 1.10791 0
      vertex -0.44774 1.08094 0
      vertex -0.482159 1.42039 0.330001
    endloop
  endfacet
  facet normal -0.373536 -0.60062 -0.706913
    outer loop
      vertex -0.650017 -0.972819 0
      vertex -0.75 -1.29904 0.330001
      vertex -0.833355 -1.2472 0.330001
    endloop
  endfacet
  facet normal 0.160649 0.688806 -0.706922
    outer loop
      vertex 0.388228 1.44889 0.330001
      vertex 0.302817 1.13013 0
      vertex 0.228255 1.14752 0
    endloop
  endfacet
  facet normal 0.623784 0.333408 -0.706918
    outer loop
      vertex 1.29904 0.75 0.330001
      vertex 1.04934 0.517477 0
      vertex 1.01325 0.584999 0
    endloop
  endfacet
  facet normal -0.546744 0.448708 -0.706917
    outer loop
      vertex -0.879652 0.771434 0
      vertex -0.928223 0.712251 0
      vertex -1.12776 0.989018 0.330001
    endloop
  endfacet
  facet normal 0.0693199 -0.703889 -0.70692
    outer loop
      vertex 0.152715 -1.15999 0
      vertex 0.195788 -1.48717 0.330001
      vertex 0.0981045 -1.49679 0.330001
    endloop
  endfacet
  facet normal 0.703889 0.0693199 -0.70692
    outer loop
      vertex 1.48717 0.195788 0.330001
      vertex 1.49679 0.0981045 0.330001
      vertex 1.15999 0.152715 0
    endloop
  endfacet
  facet normal 0.160616 -0.688818 -0.706917
    outer loop
      vertex 0.388228 -1.44889 0.330001
      vertex 0.292635 -1.47118 0.330001
      vertex 0.228255 -1.14752 0
    endloop
  endfacet
  facet normal 0.688806 0.160649 -0.706922
    outer loop
      vertex 1.44889 0.388228 0.330001
      vertex 1.14752 0.228255 0
      vertex 1.13013 0.302817 0
    endloop
  endfacet
  facet normal -0.623784 0.333408 -0.706918
    outer loop
      vertex -1.01325 0.584999 0
      vertex -1.04934 0.517477 0
      vertex -1.29904 0.75 0.330001
    endloop
  endfacet
  facet normal 0.64424 -0.291925 -0.706919
    outer loop
      vertex 1.08094 -0.44774 0
      vertex 1.34531 -0.663432 0.330001
      vertex 1.04934 -0.517477 0
    endloop
  endfacet
  facet normal 0.697846 0.115218 -0.70692
    outer loop
      vertex 1.47118 0.292635 0.330001
      vertex 1.48717 0.195788 0.330001
      vertex 1.15999 0.152715 0
    endloop
  endfacet
  facet normal 0.623783 -0.333408 -0.706918
    outer loop
      vertex 1.34531 -0.663432 0.330001
      vertex 1.29904 -0.75 0.330001
      vertex 1.04934 -0.517477 0
    endloop
  endfacet
  facet normal -0.546751 0.448702 -0.706916
    outer loop
      vertex -1.12776 0.989018 0.330001
      vertex -0.928223 0.712251 0
      vertex -1.19003 0.913141 0.330001
    endloop
  endfacet
  facet normal -0.333408 0.623784 -0.706918
    outer loop
      vertex -0.517477 1.04934 0
      vertex -0.584999 1.01325 0
      vertex -0.75 1.29904 0.330001
    endloop
  endfacet
  facet normal 0.546744 -0.448708 -0.706917
    outer loop
      vertex 0.928223 -0.712251 0
      vertex 1.12776 -0.989018 0.330001
      vertex 0.879652 -0.771434 0
    endloop
  endfacet
  facet normal -0.706912 -0.0231303 -0.706923
    outer loop
      vertex -1.16749 -0.0765209 0
      vertex -1.49679 -0.0981045 0.330001
      vertex -1.5 0 0.330001
    endloop
  endfacet
  facet normal 0.697852 0.1152 -0.706917
    outer loop
      vertex 1.47118 0.292635 0.330001
      vertex 1.15999 0.152715 0
      vertex 1.14752 0.228255 0
    endloop
  endfacet
  facet normal -0.676834 -0.205361 -0.70691
    outer loop
      vertex -1.10791 -0.376083 0
      vertex -1.42039 -0.482159 0.330001
      vertex -1.44889 -0.388228 0.330001
    endloop
  endfacet
  facet normal -0.688806 -0.160649 -0.706922
    outer loop
      vertex -1.14752 -0.228255 0
      vertex -1.13013 -0.302817 0
      vertex -1.44889 -0.388228 0.330001
    endloop
  endfacet
  facet normal -0.60062 -0.373536 -0.706913
    outer loop
      vertex -0.972819 -0.650017 0
      vertex -1.2472 -0.833355 0.330001
      vertex -1.29904 -0.75 0.330001
    endloop
  endfacet
  facet normal 0.661978 -0.249111 -0.706915
    outer loop
      vertex 1.42039 -0.482159 0.330001
      vertex 1.38582 -0.574024 0.330001
      vertex 1.08094 -0.44774 0
    endloop
  endfacet
  facet normal -0.676849 0.205274 -0.706922
    outer loop
      vertex -1.10791 0.376083 0
      vertex -1.13013 0.302817 0
      vertex -1.44889 0.388228 0.330001
    endloop
  endfacet
  facet normal -0.0231303 0.706912 -0.706923
    outer loop
      vertex 0 1.5 0.330001
      vertex -0.0765209 1.16749 0
      vertex -0.0981045 1.49679 0.330001
    endloop
  endfacet
  facet normal 0.60062 -0.373536 -0.706913
    outer loop
      vertex 1.29904 -0.75 0.330001
      vertex 1.2472 -0.833355 0.330001
      vertex 0.972819 -0.650017 0
    endloop
  endfacet
  facet normal -0.115218 0.697846 -0.70692
    outer loop
      vertex -0.195788 1.48717 0.330001
      vertex -0.152715 1.15999 0
      vertex -0.292635 1.47118 0.330001
    endloop
  endfacet
  facet normal 0.249111 -0.661978 -0.706915
    outer loop
      vertex 0.574024 -1.38582 0.330001
      vertex 0.482159 -1.42039 0.330001
      vertex 0.44774 -1.08094 0
    endloop
  endfacet
  facet normal -0.676849 -0.205274 -0.706922
    outer loop
      vertex -1.13013 -0.302817 0
      vertex -1.10791 -0.376083 0
      vertex -1.44889 -0.388228 0.330001
    endloop
  endfacet
  facet normal 0.373501 0.600636 -0.706918
    outer loop
      vertex 0.75 1.29904 0.330001
      vertex 0.650017 0.972819 0
      vertex 0.584999 1.01325 0
    endloop
  endfacet
  facet normal -0.661978 0.249111 -0.706915
    outer loop
      vertex -1.38582 0.574024 0.330001
      vertex -1.08094 0.44774 0
      vertex -1.42039 0.482159 0.330001
    endloop
  endfacet
  facet normal 0.205361 0.676834 -0.70691
    outer loop
      vertex 0.388228 1.44889 0.330001
      vertex 0.482159 1.42039 0.330001
      vertex 0.376083 1.10791 0
    endloop
  endfacet
  facet normal 0.483506 -0.516227 -0.706917
    outer loop
      vertex 0.827314 -0.827314 0
      vertex 0.989018 -1.12776 0.330001
      vertex 0.771434 -0.879652 0
    endloop
  endfacet
  facet normal -0.697846 -0.115218 -0.70692
    outer loop
      vertex -1.15999 -0.152715 0
      vertex -1.47118 -0.292635 0.330001
      vertex -1.48717 -0.195788 0.330001
    endloop
  endfacet
  facet normal 0.688818 0.160616 -0.706917
    outer loop
      vertex 1.44889 0.388228 0.330001
      vertex 1.47118 0.292635 0.330001
      vertex 1.14752 0.228255 0
    endloop
  endfacet
  facet normal 0.115218 -0.697846 -0.70692
    outer loop
      vertex 0.292635 -1.47118 0.330001
      vertex 0.195788 -1.48717 0.330001
      vertex 0.152715 -1.15999 0
    endloop
  endfacet
  facet normal 0.676849 -0.205274 -0.706922
    outer loop
      vertex 1.13013 -0.302817 0
      vertex 1.44889 -0.388228 0.330001
      vertex 1.10791 -0.376083 0
    endloop
  endfacet
  facet normal -0.483506 -0.516227 -0.706917
    outer loop
      vertex -0.827314 -0.827314 0
      vertex -0.771434 -0.879652 0
      vertex -0.989018 -1.12776 0.330001
    endloop
  endfacet
  facet normal -0.661978 -0.249111 -0.706915
    outer loop
      vertex -1.08094 -0.44774 0
      vertex -1.38582 -0.574024 0.330001
      vertex -1.42039 -0.482159 0.330001
    endloop
  endfacet
  facet normal 0.516227 0.483506 -0.706917
    outer loop
      vertex 1.12776 0.989018 0.330001
      vertex 0.879652 0.771434 0
      vertex 0.827314 0.827314 0
    endloop
  endfacet
  facet normal -0.703888 -0.0692856 -0.706924
    outer loop
      vertex -1.16749 -0.0765209 0
      vertex -1.15999 -0.152715 0
      vertex -1.49679 -0.0981045 0.330001
    endloop
  endfacet
  facet normal -0.51623 -0.483502 -0.706917
    outer loop
      vertex -0.827314 -0.827314 0
      vertex -1.06066 -1.06066 0.330001
      vertex -1.12776 -0.989018 0.330001
    endloop
  endfacet
  facet normal -0.574938 -0.411967 -0.706916
    outer loop
      vertex -0.928223 -0.712251 0
      vertex -1.19003 -0.913141 0.330001
      vertex -1.2472 -0.833355 0.330001
    endloop
  endfacet
  facet normal 0.600636 0.373501 -0.706918
    outer loop
      vertex 1.29904 0.75 0.330001
      vertex 1.01325 0.584999 0
      vertex 0.972819 0.650017 0
    endloop
  endfacet
  facet normal -0.333408 -0.623783 -0.706918
    outer loop
      vertex -0.517477 -1.04934 0
      vertex -0.663432 -1.34531 0.330001
      vertex -0.75 -1.29904 0.330001
    endloop
  endfacet
  facet normal 0.205361 -0.676834 -0.70691
    outer loop
      vertex 0.482159 -1.42039 0.330001
      vertex 0.388228 -1.44889 0.330001
      vertex 0.376083 -1.10791 0
    endloop
  endfacet
  facet normal 0.676834 -0.205361 -0.70691
    outer loop
      vertex 1.44889 -0.388228 0.330001
      vertex 1.42039 -0.482159 0.330001
      vertex 1.10791 -0.376083 0
    endloop
  endfacet
  facet normal 0.51623 0.483502 -0.706917
    outer loop
      vertex 1.06066 1.06066 0.330001
      vertex 1.12776 0.989018 0.330001
      vertex 0.827314 0.827314 0
    endloop
  endfacet
  facet normal 0.600636 -0.373501 -0.706918
    outer loop
      vertex 1.01325 -0.584999 0
      vertex 1.29904 -0.75 0.330001
      vertex 0.972819 -0.650017 0
    endloop
  endfacet
  facet normal 0.333408 -0.623784 -0.706918
    outer loop
      vertex 0.584999 -1.01325 0
      vertex 0.75 -1.29904 0.330001
      vertex 0.517477 -1.04934 0
    endloop
  endfacet
  facet normal -0.661969 0.24915 -0.70691
    outer loop
      vertex -1.08094 0.44774 0
      vertex -1.10791 0.376083 0
      vertex -1.42039 0.482159 0.330001
    endloop
  endfacet
  facet normal 0.574928 -0.411985 -0.706913
    outer loop
      vertex 0.972819 -0.650017 0
      vertex 1.2472 -0.833355 0.330001
      vertex 0.928223 -0.712251 0
    endloop
  endfacet
  facet normal 0.51623 -0.483502 -0.706917
    outer loop
      vertex 1.12776 -0.989018 0.330001
      vertex 1.06066 -1.06066 0.330001
      vertex 0.827314 -0.827314 0
    endloop
  endfacet
  facet normal -0.24915 -0.661969 -0.70691
    outer loop
      vertex -0.44774 -1.08094 0
      vertex -0.376083 -1.10791 0
      vertex -0.482159 -1.42039 0.330001
    endloop
  endfacet
  facet normal -0.706918 -0.023188 -0.706916
    outer loop
      vertex -1.17 0 0
      vertex -1.16749 -0.0765209 0
      vertex -1.5 0 0.330001
    endloop
  endfacet
  facet normal -0.546744 -0.448708 -0.706917
    outer loop
      vertex -0.928223 -0.712251 0
      vertex -0.879652 -0.771434 0
      vertex -1.12776 -0.989018 0.330001
    endloop
  endfacet
  facet normal 0.574938 -0.411967 -0.706916
    outer loop
      vertex 1.2472 -0.833355 0.330001
      vertex 1.19003 -0.913141 0.330001
      vertex 0.928223 -0.712251 0
    endloop
  endfacet
  facet normal 0.483502 -0.51623 -0.706917
    outer loop
      vertex 1.06066 -1.06066 0.330001
      vertex 0.989018 -1.12776 0.330001
      vertex 0.827314 -0.827314 0
    endloop
  endfacet
  facet normal -0.249111 -0.661978 -0.706915
    outer loop
      vertex -0.44774 -1.08094 0
      vertex -0.482159 -1.42039 0.330001
      vertex -0.574024 -1.38582 0.330001
    endloop
  endfacet
  facet normal 0.706912 -0.0231303 -0.706923
    outer loop
      vertex 1.5 0 0.330001
      vertex 1.49679 -0.0981045 0.330001
      vertex 1.16749 -0.0765209 0
    endloop
  endfacet
  facet normal 0.706918 -0.023188 -0.706916
    outer loop
      vertex 1.17 0 0
      vertex 1.5 0 0.330001
      vertex 1.16749 -0.0765209 0
    endloop
  endfacet
  facet normal -0.1152 -0.697852 -0.706917
    outer loop
      vertex -0.228255 -1.14752 0
      vertex -0.152715 -1.15999 0
      vertex -0.292635 -1.47118 0.330001
    endloop
  endfacet
  facet normal 0.411985 -0.574928 -0.706913
    outer loop
      vertex 0.712251 -0.928223 0
      vertex 0.833355 -1.2472 0.330001
      vertex 0.650017 -0.972819 0
    endloop
  endfacet
  facet normal -0.697846 0.115218 -0.70692
    outer loop
      vertex -1.47118 0.292635 0.330001
      vertex -1.15999 0.152715 0
      vertex -1.48717 0.195788 0.330001
    endloop
  endfacet
  facet normal -0.023188 0.706918 -0.706916
    outer loop
      vertex 0 1.5 0.330001
      vertex 0 1.17 0
      vertex -0.0765209 1.16749 0
    endloop
  endfacet
  facet normal -0.697852 0.1152 -0.706917
    outer loop
      vertex -1.14752 0.228255 0
      vertex -1.15999 0.152715 0
      vertex -1.47118 0.292635 0.330001
    endloop
  endfacet
  facet normal 0.697846 -0.115218 -0.70692
    outer loop
      vertex 1.48717 -0.195788 0.330001
      vertex 1.47118 -0.292635 0.330001
      vertex 1.15999 -0.152715 0
    endloop
  endfacet
  facet normal 0.703888 0.0692856 -0.706924
    outer loop
      vertex 1.49679 0.0981045 0.330001
      vertex 1.16749 0.0765209 0
      vertex 1.15999 0.152715 0
    endloop
  endfacet
  facet normal -0.574938 0.411967 -0.706916
    outer loop
      vertex -1.19003 0.913141 0.330001
      vertex -0.928223 0.712251 0
      vertex -1.2472 0.833355 0.330001
    endloop
  endfacet
  facet normal -0.1152 0.697852 -0.706917
    outer loop
      vertex -0.152715 1.15999 0
      vertex -0.228255 1.14752 0
      vertex -0.292635 1.47118 0.330001
    endloop
  endfacet
  facet normal 0.291925 0.64424 -0.706919
    outer loop
      vertex 0.663432 1.34531 0.330001
      vertex 0.517477 1.04934 0
      vertex 0.44774 1.08094 0
    endloop
  endfacet
  facet normal 0.291905 0.644253 -0.706915
    outer loop
      vertex 0.574024 1.38582 0.330001
      vertex 0.663432 1.34531 0.330001
      vertex 0.44774 1.08094 0
    endloop
  endfacet
  facet normal 0.697852 -0.1152 -0.706917
    outer loop
      vertex 1.15999 -0.152715 0
      vertex 1.47118 -0.292635 0.330001
      vertex 1.14752 -0.228255 0
    endloop
  endfacet
  facet normal 0.688818 -0.160616 -0.706917
    outer loop
      vertex 1.47118 -0.292635 0.330001
      vertex 1.44889 -0.388228 0.330001
      vertex 1.14752 -0.228255 0
    endloop
  endfacet
  facet normal -0.333408 -0.623784 -0.706918
    outer loop
      vertex -0.584999 -1.01325 0
      vertex -0.517477 -1.04934 0
      vertex -0.75 -1.29904 0.330001
    endloop
  endfacet
  facet normal 0.703889 -0.0693199 -0.70692
    outer loop
      vertex 1.49679 -0.0981045 0.330001
      vertex 1.48717 -0.195788 0.330001
      vertex 1.15999 -0.152715 0
    endloop
  endfacet
  facet normal 0.249111 0.661978 -0.706915
    outer loop
      vertex 0.482159 1.42039 0.330001
      vertex 0.574024 1.38582 0.330001
      vertex 0.44774 1.08094 0
    endloop
  endfacet
  facet normal -0.160616 -0.688818 -0.706917
    outer loop
      vertex -0.228255 -1.14752 0
      vertex -0.292635 -1.47118 0.330001
      vertex -0.388228 -1.44889 0.330001
    endloop
  endfacet
  facet normal -0.703889 -0.0693199 -0.70692
    outer loop
      vertex -1.15999 -0.152715 0
      vertex -1.48717 -0.195788 0.330001
      vertex -1.49679 -0.0981045 0.330001
    endloop
  endfacet
  facet normal 0.1152 -0.697852 -0.706917
    outer loop
      vertex 0.228255 -1.14752 0
      vertex 0.292635 -1.47118 0.330001
      vertex 0.152715 -1.15999 0
    endloop
  endfacet
  facet normal 0.676849 0.205274 -0.706922
    outer loop
      vertex 1.44889 0.388228 0.330001
      vertex 1.13013 0.302817 0
      vertex 1.10791 0.376083 0
    endloop
  endfacet
  facet normal -0.373501 0.600636 -0.706918
    outer loop
      vertex -0.584999 1.01325 0
      vertex -0.650017 0.972819 0
      vertex -0.75 1.29904 0.330001
    endloop
  endfacet
  facet normal -0.411967 -0.574938 -0.706916
    outer loop
      vertex -0.712251 -0.928223 0
      vertex -0.833355 -1.2472 0.330001
      vertex -0.913141 -1.19003 0.330001
    endloop
  endfacet
  facet normal -0.64424 -0.291925 -0.706919
    outer loop
      vertex -1.08094 -0.44774 0
      vertex -1.04934 -0.517477 0
      vertex -1.34531 -0.663432 0.330001
    endloop
  endfacet
  facet normal -0.574928 -0.411985 -0.706913
    outer loop
      vertex -0.972819 -0.650017 0
      vertex -0.928223 -0.712251 0
      vertex -1.2472 -0.833355 0.330001
    endloop
  endfacet
  facet normal -0.574928 0.411985 -0.706913
    outer loop
      vertex -0.928223 0.712251 0
      vertex -0.972819 0.650017 0
      vertex -1.2472 0.833355 0.330001
    endloop
  endfacet
  facet normal -0.448708 -0.546744 -0.706917
    outer loop
      vertex -0.771434 -0.879652 0
      vertex -0.712251 -0.928223 0
      vertex -0.989018 -1.12776 0.330001
    endloop
  endfacet
  facet normal 0.574928 0.411985 -0.706913
    outer loop
      vertex 1.2472 0.833355 0.330001
      vertex 0.972819 0.650017 0
      vertex 0.928223 0.712251 0
    endloop
  endfacet
  facet normal 0.644253 -0.291905 -0.706915
    outer loop
      vertex 1.38582 -0.574024 0.330001
      vertex 1.34531 -0.663432 0.330001
      vertex 1.08094 -0.44774 0
    endloop
  endfacet
  facet normal 0.023188 0.706918 -0.706916
    outer loop
      vertex 0 1.5 0.330001
      vertex 0.0765209 1.16749 0
      vertex 0 1.17 0
    endloop
  endfacet
  facet normal -0.688806 0.160649 -0.706922
    outer loop
      vertex -1.13013 0.302817 0
      vertex -1.14752 0.228255 0
      vertex -1.44889 0.388228 0.330001
    endloop
  endfacet
  facet normal -0.706912 0.0231303 -0.706923
    outer loop
      vertex -1.49679 0.0981045 0.330001
      vertex -1.16749 0.0765209 0
      vertex -1.5 0 0.330001
    endloop
  endfacet
  facet normal -0.483502 0.51623 -0.706917
    outer loop
      vertex -0.989018 1.12776 0.330001
      vertex -0.827314 0.827314 0
      vertex -1.06066 1.06066 0.330001
    endloop
  endfacet
  facet normal 0 0 -1
    outer loop
      vertex 1.16749 -0.0765209 0
      vertex 1.16749 0.0765209 0
      vertex 1.17 0 0
    endloop
  endfacet
  facet normal 0 0 -1
    outer loop
      vertex 1.15999 -0.152715 0
      vertex 1.16749 0.0765209 0
      vertex 1.16749 -0.0765209 0
    endloop
  endfacet
  facet normal 0 0 -1
    outer loop
      vertex 1.15999 -0.152715 0
      vertex 1.15999 0.152715 0
      vertex 1.16749 0.0765209 0
    endloop
  endfacet
  facet normal 0 0 -1
    outer loop
      vertex 1.14752 -0.228255 0
      vertex 1.15999 0.152715 0
      vertex 1.15999 -0.152715 0
    endloop
  endfacet
  facet normal 0 0 -1
    outer loop
      vertex 1.14752 -0.228255 0
      vertex 1.14752 0.228255 0
      vertex 1.15999 0.152715 0
    endloop
  endfacet
  facet normal 0 0 -1
    outer loop
      vertex 1.13013 -0.302817 0
      vertex 1.14752 0.228255 0
      vertex 1.14752 -0.228255 0
    endloop
  endfacet
  facet normal 0 0 -1
    outer loop
      vertex 1.13013 -0.302817 0
      vertex 1.13013 0.302817 0
      vertex 1.14752 0.228255 0
    endloop
  endfacet
  facet normal 0 0 -1
    outer loop
      vertex 1.10791 -0.376083 0
      vertex 1.13013 0.302817 0
      vertex 1.13013 -0.302817 0
    endloop
  endfacet
  facet normal 0 0 -1
    outer loop
      vertex 1.10791 -0.376083 0
      vertex 1.10791 0.376083 0
      vertex 1.13013 0.302817 0
    endloop
  endfacet
  facet normal 0 0 -1
    outer loop
      vertex 1.08094 -0.44774 0
      vertex 1.10791 0.376083 0
      vertex 1.10791 -0.376083 0
    endloop
  endfacet
  facet normal 0 0 -1
    outer loop
      vertex 1.08094 -0.44774 0
      vertex 1.08094 0.44774 0
      vertex 1.10791 0.376083 0
    endloop
  endfacet
  facet normal 0 0 -1
    outer loop
      vertex 1.04934 -0.517477 0
      vertex 1.08094 0.44774 0
      vertex 1.08094 -0.44774 0
    endloop
  endfacet
  facet normal 0 0 -1
    outer loop
      vertex 1.04934 -0.517477 0
      vertex 1.04934 0.517477 0
      vertex 1.08094 0.44774 0
    endloop
  endfacet
  facet normal 0 0 -1
    outer loop
      vertex 1.01325 -0.584999 0
      vertex 1.04934 0.517477 0
      vertex 1.04934 -0.517477 0
    endloop
  endfacet
  facet normal 0 0 -1
    outer loop
      vertex 1.01325 -0.584999 0
      vertex 1.01325 0.584999 0
      vertex 1.04934 0.517477 0
    endloop
  endfacet
  facet normal 0 0 -1
    outer loop
      vertex 0.972819 -0.650017 0
      vertex 1.01325 0.584999 0
      vertex 1.01325 -0.584999 0
    endloop
  endfacet
  facet normal 0 0 -1
    outer loop
      vertex 0.972819 -0.650017 0
      vertex 0.972819 0.650017 0
      vertex 1.01325 0.584999 0
    endloop
  endfacet
  facet normal 0 0 -1
    outer loop
      vertex 0.928223 -0.712251 0
      vertex 0.972819 0.650017 0
      vertex 0.972819 -0.650017 0
    endloop
  endfacet
  facet normal 0 0 -1
    outer loop
      vertex 0.928223 -0.712251 0
      vertex 0.928223 0.712251 0
      vertex 0.972819 0.650017 0
    endloop
  endfacet
  facet normal 0 0 -1
    outer loop
      vertex 0.879652 -0.771434 0
      vertex 0.928223 0.712251 0
      vertex 0.928223 -0.712251 0
    endloop
  endfacet
  facet normal 0 0 -1
    outer loop
      vertex 0.879652 -0.771434 0
      vertex 0.879652 0.771434 0
      vertex 0.928223 0.712251 0
    endloop
  endfacet
  facet normal 0 0 -1
    outer loop
      vertex 0.827314 -0.827314 0
      vertex 0.879652 0.771434 0
      vertex 0.879652 -0.771434 0
    endloop
  endfacet
  facet normal 0 0 -1
    outer loop
      vertex 0.827314 -0.827314 0
      vertex 0.827314 0.827314 0
      vertex 0.879652 0.771434 0
    endloop
  endfacet
  facet normal 0 0 -1
    outer loop
      vertex 0.771434 -0.879652 0
      vertex 0.827314 0.827314 0
      vertex 0.827314 -0.827314 0
    endloop
  endfacet
  facet normal 0 0 -1
    outer loop
      vertex 0.771434 -0.879652 0
      vertex 0.771434 0.879652 0
      vertex 0.827314 0.827314 0
    endloop
  endfacet
  facet normal 0 0 -1
    outer loop
      vertex 0.712251 -0.928223 0
      vertex 0.771434 0.879652 0
      vertex 0.771434 -0.879652 0
    endloop
  endfacet
  facet normal 0 0 -1
    outer loop
      vertex 0.712251 -0.928223 0
      vertex 0.712251 0.928223 0
      vertex 0.771434 0.879652 0
    endloop
  endfacet
  facet normal 0 0 -1
    outer loop
      vertex 0.650017 -0.972819 0
      vertex 0.712251 0.928223 0
      vertex 0.712251 -0.928223 0
    endloop
  endfacet
  facet normal 0 0 -1
    outer loop
      vertex 0.650017 -0.972819 0
      vertex 0.650017 0.972819 0
      vertex 0.712251 0.928223 0
    endloop
  endfacet
  facet normal 0 0 -1
    outer loop
      vertex 0.584999 -1.01325 0
      vertex 0.650017 0.972819 0
      vertex 0.650017 -0.972819 0
    endloop
  endfacet
  facet normal 0 0 -1
    outer loop
      vertex 0.584999 -1.01325 0
      vertex 0.584999 1.01325 0
      vertex 0.650017 0.972819 0
    endloop
  endfacet
  facet normal 0 0 -1
    outer loop
      vertex 0.517477 -1.04934 0
      vertex 0.584999 1.01325 0
      vertex 0.584999 -1.01325 0
    endloop
  endfacet
  facet normal 0 0 -1
    outer loop
      vertex 0.517477 -1.04934 0
      vertex 0.517477 1.04934 0
      vertex 0.584999 1.01325 0
    endloop
  endfacet
  facet normal 0 0 -1
    outer loop
      vertex 0.44774 -1.08094 0
      vertex 0.517477 1.04934 0
      vertex 0.517477 -1.04934 0
    endloop
  endfacet
  facet normal 0 0 -1
    outer loop
      vertex 0.44774 -1.08094 0
      vertex 0.44774 1.08094 0
      vertex 0.517477 1.04934 0
    endloop
  endfacet
  facet normal 0 0 -1
    outer loop
      vertex 0.376083 -1.10791 0
      vertex 0.44774 1.08094 0
      vertex 0.44774 -1.08094 0
    endloop
  endfacet
  facet normal 0 0 -1
    outer loop
      vertex 0.376083 -1.10791 0
      vertex 0.376083 1.10791 0
      vertex 0.44774 1.08094 0
    endloop
  endfacet
  facet normal 0 0 -1
    outer loop
      vertex 0.302817 -1.13013 0
      vertex 0.376083 1.10791 0
      vertex 0.376083 -1.10791 0
    endloop
  endfacet
  facet normal 0 0 -1
    outer loop
      vertex 0.302817 -1.13013 0
      vertex 0.302817 1.13013 0
      vertex 0.376083 1.10791 0
    endloop
  endfacet
  facet normal 0 0 -1
    outer loop
      vertex 0.228255 -1.14752 0
      vertex 0.302817 1.13013 0
      vertex 0.302817 -1.13013 0
    endloop
  endfacet
  facet normal 0 0 -1
    outer loop
      vertex 0.228255 -1.14752 0
      vertex 0.228255 1.14752 0
      vertex 0.302817 1.13013 0
    endloop
  endfacet
  facet normal 0 0 -1
    outer loop
      vertex 0.152715 -1.15999 0
      vertex 0.228255 1.14752 0
      vertex 0.228255 -1.14752 0
    endloop
  endfacet
  facet normal 0 0 -1
    outer loop
      vertex 0.152715 -1.15999 0
      vertex 0.152715 1.15999 0
      vertex 0.228255 1.14752 0
    endloop
  endfacet
  facet normal 0 0 -1
    outer loop
      vertex 0.0765209 -1.16749 0
      vertex 0.152715 1.15999 0
      vertex 0.152715 -1.15999 0
    endloop
  endfacet
  facet normal 0 0 -1
    outer loop
      vertex 0.0765209 -1.16749 0
      vertex 0.0765209 1.16749 0
      vertex 0.152715 1.15999 0
    endloop
  endfacet
  facet normal 0 0 -1
    outer loop
      vertex 0 -1.17 0
      vertex 0.0765209 1.16749 0
      vertex 0.0765209 -1.16749 0
    endloop
  endfacet
  facet normal 0 0 -1
    outer loop
      vertex 0 -1.17 0
      vertex 0 1.17 0
      vertex 0.0765209 1.16749 0
    endloop
  endfacet
  facet normal 0 0 -1
    outer loop
      vertex -0.0765209 -1.16749 0
      vertex 0 1.17 0
      vertex 0 -1.17 0
    endloop
  endfacet
  facet normal 0 0 -1
    outer loop
      vertex -0.0765209 -1.16749 0
      vertex -0.0765209 1.16749 0
      vertex 0 1.17 0
    endloop
  endfacet
  facet normal 0 0 -1
    outer loop
      vertex -0.152715 -1.15999 0
      vertex -0.0765209 1.16749 0
      vertex -0.0765209 -1.16749 0
    endloop
  endfacet
  facet normal 0 0 -1
    outer loop
      vertex -0.152715 -1.15999 0
      vertex -0.152715 1.15999 0
      vertex -0.0765209 1.16749 0
    endloop
  endfacet
  facet normal 0 0 -1
    outer loop
      vertex -0.228255 -1.14752 0
      vertex -0.152715 1.15999 0
      vertex -0.152715 -1.15999 0
    endloop
  endfacet
  facet normal 0 0 -1
    outer loop
      vertex -0.228255 -1.14752 0
      vertex -0.228255 1.14752 0
      vertex -0.152715 1.15999 0
    endloop
  endfacet
  facet normal 0 0 -1
    outer loop
      vertex -0.302817 -1.13013 0
      vertex -0.228255 1.14752 0
      vertex -0.228255 -1.14752 0
    endloop
  endfacet
  facet normal 0 0 -1
    outer loop
      vertex -0.302817 -1.13013 0
      vertex -0.302817 1.13013 0
      vertex -0.228255 1.14752 0
    endloop
  endfacet
  facet normal 0 0 -1
    outer loop
      vertex -0.376083 -1.10791 0
      vertex -0.302817 1.13013 0
      vertex -0.302817 -1.13013 0
    endloop
  endfacet
  facet normal 0 0 -1
    outer loop
      vertex -0.376083 -1.10791 0
      vertex -0.376083 1.10791 0
      vertex -0.302817 1.13013 0
    endloop
  endfacet
  facet normal 0 0 -1
    outer loop
      vertex -0.44774 -1.08094 0
      vertex -0.376083 1.10791 0
      vertex -0.376083 -1.10791 0
    endloop
  endfacet
  facet normal 0 0 -1
    outer loop
      vertex -0.44774 -1.08094 0
      vertex -0.44774 1.08094 0
      vertex -0.376083 1.10791 0
    endloop
  endfacet
  facet normal 0 0 -1
    outer loop
      vertex -0.517477 -1.04934 0
      vertex -0.44774 1.08094 0
      vertex -0.44774 -1.08094 0
    endloop
  endfacet
  facet normal 0 0 -1
    outer loop
      vertex -0.517477 -1.04934 0
      vertex -0.517477 1.04934 0
      vertex -0.44774 1.08094 0
    endloop
  endfacet
  facet normal 0 0 -1
    outer loop
      vertex -0.584999 -1.01325 0
      vertex -0.517477 1.04934 0
      vertex -0.517477 -1.04934 0
    endloop
  endfacet
  facet normal 0 0 -1
    outer loop
      vertex -0.584999 -1.01325 0
      vertex -0.584999 1.01325 0
      vertex -0.517477 1.04934 0
    endloop
  endfacet
  facet normal 0 0 -1
    outer loop
      vertex -0.650017 -0.972819 0
      vertex -0.584999 1.01325 0
      vertex -0.584999 -1.01325 0
    endloop
  endfacet
  facet normal 0 0 -1
    outer loop
      vertex -0.650017 -0.972819 0
      vertex -0.650017 0.972819 0
      vertex -0.584999 1.01325 0
    endloop
  endfacet
  facet normal 0 0 -1
    outer loop
      vertex -0.712251 -0.928223 0
      vertex -0.650017 0.972819 0
      vertex -0.650017 -0.972819 0
    endloop
  endfacet
  facet normal 0 0 -1
    outer loop
      vertex -0.712251 -0.928223 0
      vertex -0.712251 0.928223 0
      vertex -0.650017 0.972819 0
    endloop
  endfacet
  facet normal 0 0 -1
    outer loop
      vertex -0.771434 -0.879652 0
      vertex -0.712251 0.928223 0
      vertex -0.712251 -0.928223 0
    endloop
  endfacet
  facet normal 0 0 -1
    outer loop
      vertex -0.771434 -0.879652 0
      vertex -0.771434 0.879652 0
      vertex -0.712251 0.928223 0
    endloop
  endfacet
  facet normal 0 0 -1
    outer loop
      vertex -0.827314 -0.827314 0
      vertex -0.771434 0.879652 0
      vertex -0.771434 -0.879652 0
    endloop
  endfacet
  facet normal 0 0 -1
    outer loop
      vertex -0.827314 -0.827314 0
      vertex -0.827314 0.827314 0
      vertex -0.771434 0.879652 0
    endloop
  endfacet
  facet normal 0 0 -1
    outer loop
      vertex -0.879652 -0.771434 0
      vertex -0.827314 0.827314 0
      vertex -0.827314 -0.827314 0
    endloop
  endfacet
  facet normal 0 0 -1
    outer loop
      vertex -0.879652 -0.771434 0
      vertex -0.879652 0.771434 0
      vertex -0.827314 0.827314 0
    endloop
  endfacet
  facet normal 0 0 -1
    outer loop
      vertex -0.928223 -0.712251 0
      vertex -0.879652 0.771434 0
      vertex -0.879652 -0.771434 0
    endloop
  endfacet
  facet normal 0 0 -1
    outer loop
      vertex -0.928223 -0.712251 0
      vertex -0.928223 0.712251 0
      vertex -0.879652 0.771434 0
    endloop
  endfacet
  facet normal 0 0 -1
    outer loop
      vertex -0.972819 -0.650017 0
      vertex -0.928223 0.712251 0
      vertex -0.928223 -0.712251 0
    endloop
  endfacet
  facet normal 0 0 -1
    outer loop
      vertex -0.972819 -0.650017 0
      vertex -0.972819 0.650017 0
      vertex -0.928223 0.712251 0
    endloop
  endfacet
  facet normal 0 0 -1
    outer loop
      vertex -1.01325 -0.584999 0
      vertex -0.972819 0.650017 0
      vertex -0.972819 -0.650017 0
    endloop
  endfacet
  facet normal 0 0 -1
    outer loop
      vertex -1.01325 -0.584999 0
      vertex -1.01325 0.584999 0
      vertex -0.972819 0.650017 0
    endloop
  endfacet
  facet normal 0 0 -1
    outer loop
      vertex -1.04934 -0.517477 0
      vertex -1.01325 0.584999 0
      vertex -1.01325 -0.584999 0
    endloop
  endfacet
  facet normal 0 0 -1
    outer loop
      vertex -1.04934 -0.517477 0
      vertex -1.04934 0.517477 0
      vertex -1.01325 0.584999 0
    endloop
  endfacet
  facet normal 0 0 -1
    outer loop
      vertex -1.08094 -0.44774 0
      vertex -1.04934 0.517477 0
      vertex -1.04934 -0.517477 0
    endloop
  endfacet
  facet normal 0 0 -1
    outer loop
      vertex -1.08094 -0.44774 0
      vertex -1.08094 0.44774 0
      vertex -1.04934 0.517477 0
    endloop
  endfacet
  facet normal 0 0 -1
    outer loop
      vertex -1.10791 -0.376083 0
      vertex -1.08094 0.44774 0
      vertex -1.08094 -0.44774 0
    endloop
  endfacet
  facet normal 0 0 -1
    outer loop
      vertex -1.10791 -0.376083 0
      vertex -1.10791 0.376083 0
      vertex -1.08094 0.44774 0
    endloop
  endfacet
  facet normal 0 0 -1
    outer loop
      vertex -1.13013 -0.302817 0
      vertex -1.10791 0.376083 0
      vertex -1.10791 -0.376083 0
    endloop
  endfacet
  facet normal 0 0 -1
    outer loop
      vertex -1.13013 -0.302817 0
      vertex -1.13013 0.302817 0
      vertex -1.10791 0.376083 0
    endloop
  endfacet
  facet normal 0 0 -1
    outer loop
      vertex -1.14752 -0.228255 0
      vertex -1.13013 0.302817 0
      vertex -1.13013 -0.302817 0
    endloop
  endfacet
  facet normal 0 0 -1
    outer loop
      vertex -1.14752 -0.228255 0
      vertex -1.14752 0.228255 0
      vertex -1.13013 0.302817 0
    endloop
  endfacet
  facet normal 0 0 -1
    outer loop
      vertex -1.15999 -0.152715 0
      vertex -1.14752 0.228255 0
      vertex -1.14752 -0.228255 0
    endloop
  endfacet
  facet normal 0 0 -1
    outer loop
      vertex -1.15999 -0.152715 0
      vertex -1.15999 0.152715 0
      vertex -1.14752 0.228255 0
    endloop
  endfacet
  facet normal 0 0 -1
    outer loop
      vertex -1.16749 -0.0765209 0
      vertex -1.15999 0.152715 0
      vertex -1.15999 -0.152715 0
    endloop
  endfacet
  facet normal 0 0 -1
    outer loop
      vertex -1.16749 -0.0765209 0
      vertex -1.16749 0.0765209 0
      vertex -1.15999 0.152715 0
    endloop
  endfacet
  facet normal 0 -0 -1
    outer loop
      vertex -1.16749 0.0765209 0
      vertex -1.16749 -0.0765209 0
      vertex -1.17 0 0
    endloop
  endfacet
  facet normal -0.516227 0.483506 -0.706917
    outer loop
      vertex -0.827314 0.827314 0
      vertex -0.879652 0.771434 0
      vertex -1.12776 0.989018 0.330001
    endloop
  endfacet
  facet normal 0.483506 0.516227 -0.706917
    outer loop
      vertex 0.989018 1.12776 0.330001
      vertex 0.827314 0.827314 0
      vertex 0.771434 0.879652 0
    endloop
  endfacet
  facet normal -0.600636 0.373501 -0.706918
    outer loop
      vertex -0.972819 0.650017 0
      vertex -1.01325 0.584999 0
      vertex -1.29904 0.75 0.330001
    endloop
  endfacet
  facet normal -0.676834 0.205361 -0.70691
    outer loop
      vertex -1.42039 0.482159 0.330001
      vertex -1.10791 0.376083 0
      vertex -1.44889 0.388228 0.330001
    endloop
  endfacet
  facet normal 0.373536 0.60062 -0.706913
    outer loop
      vertex 0.75 1.29904 0.330001
      vertex 0.833355 1.2472 0.330001
      vertex 0.650017 0.972819 0
    endloop
  endfacet
  facet normal 0.333408 -0.623783 -0.706918
    outer loop
      vertex 0.75 -1.29904 0.330001
      vertex 0.663432 -1.34531 0.330001
      vertex 0.517477 -1.04934 0
    endloop
  endfacet
  facet normal 0.546751 0.448702 -0.706916
    outer loop
      vertex 1.12776 0.989018 0.330001
      vertex 1.19003 0.913141 0.330001
      vertex 0.928223 0.712251 0
    endloop
  endfacet
  facet normal 0.205274 -0.676849 -0.706922
    outer loop
      vertex 0.376083 -1.10791 0
      vertex 0.388228 -1.44889 0.330001
      vertex 0.302817 -1.13013 0
    endloop
  endfacet
  facet normal 0.623783 0.333408 -0.706918
    outer loop
      vertex 1.29904 0.75 0.330001
      vertex 1.34531 0.663432 0.330001
      vertex 1.04934 0.517477 0
    endloop
  endfacet
  facet normal -0.249111 0.661978 -0.706915
    outer loop
      vertex -0.482159 1.42039 0.330001
      vertex -0.44774 1.08094 0
      vertex -0.574024 1.38582 0.330001
    endloop
  endfacet
  facet normal 0.448708 0.546744 -0.706917
    outer loop
      vertex 0.989018 1.12776 0.330001
      vertex 0.771434 0.879652 0
      vertex 0.712251 0.928223 0
    endloop
  endfacet
  facet normal -0.546751 -0.448702 -0.706916
    outer loop
      vertex -0.928223 -0.712251 0
      vertex -1.12776 -0.989018 0.330001
      vertex -1.19003 -0.913141 0.330001
    endloop
  endfacet
  facet normal 0.0692856 0.703888 -0.706924
    outer loop
      vertex 0.0981045 1.49679 0.330001
      vertex 0.152715 1.15999 0
      vertex 0.0765209 1.16749 0
    endloop
  endfacet
  facet normal 0.0231303 0.706912 -0.706923
    outer loop
      vertex 0.0981045 1.49679 0.330001
      vertex 0.0765209 1.16749 0
      vertex 0 1.5 0.330001
    endloop
  endfacet
  facet normal -0.291925 -0.64424 -0.706919
    outer loop
      vertex -0.517477 -1.04934 0
      vertex -0.44774 -1.08094 0
      vertex -0.663432 -1.34531 0.330001
    endloop
  endfacet
  facet normal 0.623784 -0.333408 -0.706918
    outer loop
      vertex 1.04934 -0.517477 0
      vertex 1.29904 -0.75 0.330001
      vertex 1.01325 -0.584999 0
    endloop
  endfacet
  facet normal 0.291905 -0.644253 -0.706915
    outer loop
      vertex 0.663432 -1.34531 0.330001
      vertex 0.574024 -1.38582 0.330001
      vertex 0.44774 -1.08094 0
    endloop
  endfacet
  facet normal 0.373536 -0.60062 -0.706913
    outer loop
      vertex 0.833355 -1.2472 0.330001
      vertex 0.75 -1.29904 0.330001
      vertex 0.650017 -0.972819 0
    endloop
  endfacet
  facet normal -0.688818 -0.160616 -0.706917
    outer loop
      vertex -1.14752 -0.228255 0
      vertex -1.44889 -0.388228 0.330001
      vertex -1.47118 -0.292635 0.330001
    endloop
  endfacet
  facet normal 0.24915 -0.661969 -0.70691
    outer loop
      vertex 0.44774 -1.08094 0
      vertex 0.482159 -1.42039 0.330001
      vertex 0.376083 -1.10791 0
    endloop
  endfacet
  facet normal 0.160616 0.688818 -0.706917
    outer loop
      vertex 0.292635 1.47118 0.330001
      vertex 0.388228 1.44889 0.330001
      vertex 0.228255 1.14752 0
    endloop
  endfacet
  facet normal -0.448702 -0.546751 -0.706916
    outer loop
      vertex -0.712251 -0.928223 0
      vertex -0.913141 -1.19003 0.330001
      vertex -0.989018 -1.12776 0.330001
    endloop
  endfacet
  facet normal -0.160616 0.688818 -0.706917
    outer loop
      vertex -0.292635 1.47118 0.330001
      vertex -0.228255 1.14752 0
      vertex -0.388228 1.44889 0.330001
    endloop
  endfacet
  facet normal -0.483502 -0.51623 -0.706917
    outer loop
      vertex -0.827314 -0.827314 0
      vertex -0.989018 -1.12776 0.330001
      vertex -1.06066 -1.06066 0.330001
    endloop
  endfacet
  facet normal -0.661969 -0.24915 -0.70691
    outer loop
      vertex -1.10791 -0.376083 0
      vertex -1.08094 -0.44774 0
      vertex -1.42039 -0.482159 0.330001
    endloop
  endfacet
  facet normal -0.411985 0.574928 -0.706913
    outer loop
      vertex -0.650017 0.972819 0
      vertex -0.712251 0.928223 0
      vertex -0.833355 1.2472 0.330001
    endloop
  endfacet
  facet normal -0.411967 0.574938 -0.706916
    outer loop
      vertex -0.833355 1.2472 0.330001
      vertex -0.712251 0.928223 0
      vertex -0.913141 1.19003 0.330001
    endloop
  endfacet
  facet normal -0.697852 -0.1152 -0.706917
    outer loop
      vertex -1.15999 -0.152715 0
      vertex -1.14752 -0.228255 0
      vertex -1.47118 -0.292635 0.330001
    endloop
  endfacet
  facet normal -0.703888 0.0692856 -0.706924
    outer loop
      vertex -1.15999 0.152715 0
      vertex -1.16749 0.0765209 0
      vertex -1.49679 0.0981045 0.330001
    endloop
  endfacet
  facet normal -0.644253 0.291905 -0.706915
    outer loop
      vertex -1.34531 0.663432 0.330001
      vertex -1.08094 0.44774 0
      vertex -1.38582 0.574024 0.330001
    endloop
  endfacet
  facet normal -0.64424 0.291925 -0.706919
    outer loop
      vertex -1.04934 0.517477 0
      vertex -1.08094 0.44774 0
      vertex -1.34531 0.663432 0.330001
    endloop
  endfacet
  facet normal -0.373536 0.60062 -0.706913
    outer loop
      vertex -0.75 1.29904 0.330001
      vertex -0.650017 0.972819 0
      vertex -0.833355 1.2472 0.330001
    endloop
  endfacet
  facet normal -0.706918 0.023188 -0.706916
    outer loop
      vertex -1.16749 0.0765209 0
      vertex -1.17 0 0
      vertex -1.5 0 0.330001
    endloop
  endfacet
  facet normal -0.644253 -0.291905 -0.706915
    outer loop
      vertex -1.08094 -0.44774 0
      vertex -1.34531 -0.663432 0.330001
      vertex -1.38582 -0.574024 0.330001
    endloop
  endfacet
  facet normal 0.160649 -0.688806 -0.706922
    outer loop
      vertex 0.302817 -1.13013 0
      vertex 0.388228 -1.44889 0.330001
      vertex 0.228255 -1.14752 0
    endloop
  endfacet
  facet normal 0.373501 -0.600636 -0.706918
    outer loop
      vertex 0.650017 -0.972819 0
      vertex 0.75 -1.29904 0.330001
      vertex 0.584999 -1.01325 0
    endloop
  endfacet
  facet normal 0.546751 -0.448702 -0.706916
    outer loop
      vertex 1.19003 -0.913141 0.330001
      vertex 1.12776 -0.989018 0.330001
      vertex 0.928223 -0.712251 0
    endloop
  endfacet
  facet normal -0.60062 0.373536 -0.706913
    outer loop
      vertex -1.2472 0.833355 0.330001
      vertex -0.972819 0.650017 0
      vertex -1.29904 0.75 0.330001
    endloop
  endfacet
  facet normal 0.0231303 -0.706912 -0.706923
    outer loop
      vertex 0.0765209 -1.16749 0
      vertex 0.0981045 -1.49679 0.330001
      vertex 0 -1.5 0.330001
    endloop
  endfacet
  facet normal -0.0231303 -0.706912 -0.706923
    outer loop
      vertex -0.0765209 -1.16749 0
      vertex 0 -1.5 0.330001
      vertex -0.0981045 -1.49679 0.330001
    endloop
  endfacet
  facet normal -0.023188 -0.706918 -0.706916
    outer loop
      vertex 0 -1.17 0
      vertex 0 -1.5 0.330001
      vertex -0.0765209 -1.16749 0
    endloop
  endfacet
  facet normal 0.0693199 0.703889 -0.70692
    outer loop
      vertex 0.195788 1.48717 0.330001
      vertex 0.152715 1.15999 0
      vertex 0.0981045 1.49679 0.330001
    endloop
  endfacet
  facet normal -0.205361 0.676834 -0.70691
    outer loop
      vertex -0.388228 1.44889 0.330001
      vertex -0.376083 1.10791 0
      vertex -0.482159 1.42039 0.330001
    endloop
  endfacet
  facet normal -0.291905 -0.644253 -0.706915
    outer loop
      vertex -0.44774 -1.08094 0
      vertex -0.574024 -1.38582 0.330001
      vertex -0.663432 -1.34531 0.330001
    endloop
  endfacet
  facet normal 0.023188 -0.706918 -0.706916
    outer loop
      vertex 0 -1.17 0
      vertex 0.0765209 -1.16749 0
      vertex 0 -1.5 0.330001
    endloop
  endfacet
  facet normal 0.0692856 -0.703888 -0.706924
    outer loop
      vertex 0.152715 -1.15999 0
      vertex 0.0981045 -1.49679 0.330001
      vertex 0.0765209 -1.16749 0
    endloop
  endfacet
  facet normal 0.448702 -0.546751 -0.706916
    outer loop
      vertex 0.989018 -1.12776 0.330001
      vertex 0.913141 -1.19003 0.330001
      vertex 0.712251 -0.928223 0
    endloop
  endfacet
  facet normal -0.516227 -0.483506 -0.706917
    outer loop
      vertex -0.879652 -0.771434 0
      vertex -0.827314 -0.827314 0
      vertex -1.12776 -0.989018 0.330001
    endloop
  endfacet
  facet normal -0.0692856 0.703888 -0.706924
    outer loop
      vertex -0.0981045 1.49679 0.330001
      vertex -0.0765209 1.16749 0
      vertex -0.152715 1.15999 0
    endloop
  endfacet
  facet normal -0.205361 -0.676834 -0.70691
    outer loop
      vertex -0.376083 -1.10791 0
      vertex -0.388228 -1.44889 0.330001
      vertex -0.482159 -1.42039 0.330001
    endloop
  endfacet
  facet normal 0.703888 -0.0692856 -0.706924
    outer loop
      vertex 1.16749 -0.0765209 0
      vertex 1.49679 -0.0981045 0.330001
      vertex 1.15999 -0.152715 0
    endloop
  endfacet
  facet normal 0.661969 -0.24915 -0.70691
    outer loop
      vertex 1.10791 -0.376083 0
      vertex 1.42039 -0.482159 0.330001
      vertex 1.08094 -0.44774 0
    endloop
  endfacet
  facet normal 0.64424 0.291925 -0.706919
    outer loop
      vertex 1.34531 0.663432 0.330001
      vertex 1.08094 0.44774 0
      vertex 1.04934 0.517477 0
    endloop
  endfacet
  facet normal -0.291925 0.64424 -0.706919
    outer loop
      vertex -0.44774 1.08094 0
      vertex -0.517477 1.04934 0
      vertex -0.663432 1.34531 0.330001
    endloop
  endfacet
  facet normal -0.291905 0.644253 -0.706915
    outer loop
      vertex -0.574024 1.38582 0.330001
      vertex -0.44774 1.08094 0
      vertex -0.663432 1.34531 0.330001
    endloop
  endfacet
  facet normal 0.574938 0.411967 -0.706916
    outer loop
      vertex 1.19003 0.913141 0.330001
      vertex 1.2472 0.833355 0.330001
      vertex 0.928223 0.712251 0
    endloop
  endfacet
  facet normal -0.623784 -0.333408 -0.706918
    outer loop
      vertex -1.04934 -0.517477 0
      vertex -1.01325 -0.584999 0
      vertex -1.29904 -0.75 0.330001
    endloop
  endfacet
  facet normal -0.623783 -0.333408 -0.706918
    outer loop
      vertex -1.04934 -0.517477 0
      vertex -1.29904 -0.75 0.330001
      vertex -1.34531 -0.663432 0.330001
    endloop
  endfacet
  facet normal 0.115218 0.697846 -0.70692
    outer loop
      vertex 0.195788 1.48717 0.330001
      vertex 0.292635 1.47118 0.330001
      vertex 0.152715 1.15999 0
    endloop
  endfacet
  facet normal 0.411985 0.574928 -0.706913
    outer loop
      vertex 0.833355 1.2472 0.330001
      vertex 0.712251 0.928223 0
      vertex 0.650017 0.972819 0
    endloop
  endfacet
  facet normal 0.60062 0.373536 -0.706913
    outer loop
      vertex 1.2472 0.833355 0.330001
      vertex 1.29904 0.75 0.330001
      vertex 0.972819 0.650017 0
    endloop
  endfacet
  facet normal -0.448708 0.546744 -0.706917
    outer loop
      vertex -0.712251 0.928223 0
      vertex -0.771434 0.879652 0
      vertex -0.989018 1.12776 0.330001
    endloop
  endfacet
  facet normal 0.688806 -0.160649 -0.706922
    outer loop
      vertex 1.14752 -0.228255 0
      vertex 1.44889 -0.388228 0.330001
      vertex 1.13013 -0.302817 0
    endloop
  endfacet
  facet normal 0.661978 0.249111 -0.706915
    outer loop
      vertex 1.38582 0.574024 0.330001
      vertex 1.42039 0.482159 0.330001
      vertex 1.08094 0.44774 0
    endloop
  endfacet
  facet normal 0.644253 0.291905 -0.706915
    outer loop
      vertex 1.34531 0.663432 0.330001
      vertex 1.38582 0.574024 0.330001
      vertex 1.08094 0.44774 0
    endloop
  endfacet
  facet normal 0.483502 0.51623 -0.706917
    outer loop
      vertex 0.989018 1.12776 0.330001
      vertex 1.06066 1.06066 0.330001
      vertex 0.827314 0.827314 0
    endloop
  endfacet
  facet normal -0.483506 0.516227 -0.706917
    outer loop
      vertex -0.771434 0.879652 0
      vertex -0.827314 0.827314 0
      vertex -0.989018 1.12776 0.330001
    endloop
  endfacet
  facet normal -0.160649 0.688806 -0.706922
    outer loop
      vertex -0.228255 1.14752 0
      vertex -0.302817 1.13013 0
      vertex -0.388228 1.44889 0.330001
    endloop
  endfacet
  facet normal -0.51623 0.483502 -0.706917
    outer loop
      vertex -1.06066 1.06066 0.330001
      vertex -0.827314 0.827314 0
      vertex -1.12776 0.989018 0.330001
    endloop
  endfacet
  facet normal -0.373501 -0.600636 -0.706918
    outer loop
      vertex -0.650017 -0.972819 0
      vertex -0.584999 -1.01325 0
      vertex -0.75 -1.29904 0.330001
    endloop
  endfacet
  facet normal -0.0693199 0.703889 -0.70692
    outer loop
      vertex -0.0981045 1.49679 0.330001
      vertex -0.152715 1.15999 0
      vertex -0.195788 1.48717 0.330001
    endloop
  endfacet
  facet normal -0.600636 -0.373501 -0.706918
    outer loop
      vertex -1.01325 -0.584999 0
      vertex -0.972819 -0.650017 0
      vertex -1.29904 -0.75 0.330001
    endloop
  endfacet
  facet normal -0.205274 0.676849 -0.706922
    outer loop
      vertex -0.302817 1.13013 0
      vertex -0.376083 1.10791 0
      vertex -0.388228 1.44889 0.330001
    endloop
  endfacet
  facet normal 0.24915 0.661969 -0.70691
    outer loop
      vertex 0.482159 1.42039 0.330001
      vertex 0.44774 1.08094 0
      vertex 0.376083 1.10791 0
    endloop
  endfacet
  facet normal -0.0692856 -0.703888 -0.706924
    outer loop
      vertex -0.0765209 -1.16749 0
      vertex -0.0981045 -1.49679 0.330001
      vertex -0.152715 -1.15999 0
    endloop
  endfacet
  facet normal -0.703889 0.0693199 -0.70692
    outer loop
      vertex -1.48717 0.195788 0.330001
      vertex -1.15999 0.152715 0
      vertex -1.49679 0.0981045 0.330001
    endloop
  endfacet
  facet normal -0.448702 0.546751 -0.706916
    outer loop
      vertex -0.913141 1.19003 0.330001
      vertex -0.712251 0.928223 0
      vertex -0.989018 1.12776 0.330001
    endloop
  endfacet
  facet normal 0.546744 0.448708 -0.706917
    outer loop
      vertex 1.12776 0.989018 0.330001
      vertex 0.928223 0.712251 0
      vertex 0.879652 0.771434 0
    endloop
  endfacet
  facet normal 0.676834 0.205361 -0.70691
    outer loop
      vertex 1.42039 0.482159 0.330001
      vertex 1.44889 0.388228 0.330001
      vertex 1.10791 0.376083 0
    endloop
  endfacet
  facet normal 0.661969 0.24915 -0.70691
    outer loop
      vertex 1.42039 0.482159 0.330001
      vertex 1.10791 0.376083 0
      vertex 1.08094 0.44774 0
    endloop
  endfacet
  facet normal -0.333408 0.623783 -0.706918
    outer loop
      vertex -0.663432 1.34531 0.330001
      vertex -0.517477 1.04934 0
      vertex -0.75 1.29904 0.330001
    endloop
  endfacet
  facet normal 0.448708 -0.546744 -0.706917
    outer loop
      vertex 0.771434 -0.879652 0
      vertex 0.989018 -1.12776 0.330001
      vertex 0.712251 -0.928223 0
    endloop
  endfacet
  facet normal -0.411985 -0.574928 -0.706913
    outer loop
      vertex -0.712251 -0.928223 0
      vertex -0.650017 -0.972819 0
      vertex -0.833355 -1.2472 0.330001
    endloop
  endfacet
  facet normal 0.411967 -0.574938 -0.706916
    outer loop
      vertex 0.913141 -1.19003 0.330001
      vertex 0.833355 -1.2472 0.330001
      vertex 0.712251 -0.928223 0
    endloop
  endfacet
  facet normal -0.688818 0.160616 -0.706917
    outer loop
      vertex -1.44889 0.388228 0.330001
      vertex -1.14752 0.228255 0
      vertex -1.47118 0.292635 0.330001
    endloop
  endfacet
  facet normal 0.448702 0.546751 -0.706916
    outer loop
      vertex 0.913141 1.19003 0.330001
      vertex 0.989018 1.12776 0.330001
      vertex 0.712251 0.928223 0
    endloop
  endfacet
  facet normal 0.411967 0.574938 -0.706916
    outer loop
      vertex 0.833355 1.2472 0.330001
      vertex 0.913141 1.19003 0.330001
      vertex 0.712251 0.928223 0
    endloop
  endfacet
  facet normal -0.160649 -0.688806 -0.706922
    outer loop
      vertex -0.302817 -1.13013 0
      vertex -0.228255 -1.14752 0
      vertex -0.388228 -1.44889 0.330001
    endloop
  endfacet
  facet normal 0.333408 0.623783 -0.706918
    outer loop
      vertex 0.663432 1.34531 0.330001
      vertex 0.75 1.29904 0.330001
      vertex 0.517477 1.04934 0
    endloop
  endfacet
  facet normal 0.333408 0.623784 -0.706918
    outer loop
      vertex 0.75 1.29904 0.330001
      vertex 0.584999 1.01325 0
      vertex 0.517477 1.04934 0
    endloop
  endfacet
  facet normal -0.205274 -0.676849 -0.706922
    outer loop
      vertex -0.376083 -1.10791 0
      vertex -0.302817 -1.13013 0
      vertex -0.388228 -1.44889 0.330001
    endloop
  endfacet
  facet normal -0.0693199 -0.703889 -0.70692
    outer loop
      vertex -0.152715 -1.15999 0
      vertex -0.0981045 -1.49679 0.330001
      vertex -0.195788 -1.48717 0.330001
    endloop
  endfacet
  facet normal -0.115218 -0.697846 -0.70692
    outer loop
      vertex -0.152715 -1.15999 0
      vertex -0.195788 -1.48717 0.330001
      vertex -0.292635 -1.47118 0.330001
    endloop
  endfacet
  facet normal 0.205274 0.676849 -0.706922
    outer loop
      vertex 0.388228 1.44889 0.330001
      vertex 0.376083 1.10791 0
      vertex 0.302817 1.13013 0
    endloop
  endfacet
  facet normal -0.623783 0.333408 -0.706918
    outer loop
      vertex -1.29904 0.75 0.330001
      vertex -1.04934 0.517477 0
      vertex -1.34531 0.663432 0.330001
    endloop
  endfacet
endsolid OpenSCAD_Model
