solid OpenSCAD_Model
  facet normal 0 0 -1
    outer loop
      vertex 112.5 0 0
      vertex 88 7.5 0
      vertex 112.5 7.5 0
    endloop
  endfacet
  facet normal 0 0 -1
    outer loop
      vertex 112.5 0 0
      vertex 86.5 6 0
      vertex 88 7.5 0
    endloop
  endfacet
  facet normal 0 0 -1
    outer loop
      vertex 112.5 0 0
      vertex 76.5 6 0
      vertex 86.5 6 0
    endloop
  endfacet
  facet normal 0 0 -1
    outer loop
      vertex 45.8167 0 0
      vertex 76.5 6 0
      vertex 112.5 0 0
    endloop
  endfacet
  facet normal 0 0 -1
    outer loop
      vertex 45.8167 0 0
      vertex 75 7.5 0
      vertex 76.5 6 0
    endloop
  endfacet
  facet normal 0 0 -1
    outer loop
      vertex 45.4164 7.5 0
      vertex 45.8167 0 0
      vertex 45.5228 0.00718689 0
    endloop
  endfacet
  facet normal 0 0 -1
    outer loop
      vertex 45.8167 0 0
      vertex 45.4164 7.5 0
      vertex 75 7.5 0
    endloop
  endfacet
  facet normal 0 0 -1
    outer loop
      vertex 45.2296 0.0287781 0
      vertex 45.4164 7.5 0
      vertex 45.5228 0.00718689 0
    endloop
  endfacet
  facet normal 0 0 -1
    outer loop
      vertex 44.9378 0.0646973 0
      vertex 45.4164 7.5 0
      vertex 45.2296 0.0287781 0
    endloop
  endfacet
  facet normal 0 0 -1
    outer loop
      vertex 44.6482 0.114868 0
      vertex 45.4164 7.5 0
      vertex 44.9378 0.0646973 0
    endloop
  endfacet
  facet normal 0 0 -1
    outer loop
      vertex 44.3613 0.179169 0
      vertex 45.4164 7.5 0
      vertex 44.6482 0.114868 0
    endloop
  endfacet
  facet normal -0 0 -1
    outer loop
      vertex 45.4164 7.5 0
      vertex 44.3613 0.179169 0
      vertex 45.1846 7.50447 0
    endloop
  endfacet
  facet normal 0 0 -1
    outer loop
      vertex 44.0779 0.257446 0
      vertex 45.1846 7.50447 0
      vertex 44.3613 0.179169 0
    endloop
  endfacet
  facet normal 0 0 -1
    outer loop
      vertex 43.7988 0.349503 0
      vertex 45.1846 7.50447 0
      vertex 44.0779 0.257446 0
    endloop
  endfacet
  facet normal 0 0 -1
    outer loop
      vertex 43.5244 0.455109 0
      vertex 45.1846 7.50447 0
      vertex 43.7988 0.349503 0
    endloop
  endfacet
  facet normal -0 0 -1
    outer loop
      vertex 45.1846 7.50447 0
      vertex 43.5244 0.455109 0
      vertex 44.9532 7.5179 0
    endloop
  endfacet
  facet normal 0 0 -1
    outer loop
      vertex 43.2556 0.574051 0
      vertex 44.9532 7.5179 0
      vertex 43.5244 0.455109 0
    endloop
  endfacet
  facet normal 0 0 -1
    outer loop
      vertex 42.9929 0.706009 0
      vertex 44.9532 7.5179 0
      vertex 43.2556 0.574051 0
    endloop
  endfacet
  facet normal 0 0 -1
    outer loop
      vertex 42.737 0.850662 0
      vertex 44.9532 7.5179 0
      vertex 42.9929 0.706009 0
    endloop
  endfacet
  facet normal -0 0 -1
    outer loop
      vertex 44.9532 7.5179 0
      vertex 42.737 0.850662 0
      vertex 44.7225 7.54025 0
    endloop
  endfacet
  facet normal 0 0 -1
    outer loop
      vertex 42.4884 1.00769 0
      vertex 44.7225 7.54025 0
      vertex 42.737 0.850662 0
    endloop
  endfacet
  facet normal -0 0 -1
    outer loop
      vertex 44.7225 7.54025 0
      vertex 42.4884 1.00769 0
      vertex 44.4928 7.5715 0
    endloop
  endfacet
  facet normal -0 0 -1
    outer loop
      vertex 44.4928 7.5715 0
      vertex 42.4884 1.00769 0
      vertex 44.2645 7.6116 0
    endloop
  endfacet
  facet normal -0 0 -1
    outer loop
      vertex 44.2645 7.6116 0
      vertex 42.4884 1.00769 0
      vertex 44.0379 7.66049 0
    endloop
  endfacet
  facet normal -0 0 -1
    outer loop
      vertex 44.0379 7.66049 0
      vertex 42.4884 1.00769 0
      vertex 43.8133 7.71811 0
    endloop
  endfacet
  facet normal -0 0 -1
    outer loop
      vertex 43.8133 7.71811 0
      vertex 42.4884 1.00769 0
      vertex 43.5912 7.78435 0
    endloop
  endfacet
  facet normal -0 0 -1
    outer loop
      vertex 43.5912 7.78435 0
      vertex 42.4884 1.00769 0
      vertex 43.3718 7.85912 0
    endloop
  endfacet
  facet normal -0 0 -1
    outer loop
      vertex 43.3718 7.85912 0
      vertex 42.4884 1.00769 0
      vertex 43.1554 7.94231 0
    endloop
  endfacet
  facet normal -0 0 -1
    outer loop
      vertex 43.1554 7.94231 0
      vertex 42.4884 1.00769 0
      vertex 42.9424 8.03378 0
    endloop
  endfacet
  facet normal -0 0 -1
    outer loop
      vertex 42.9424 8.03378 0
      vertex 42.4884 1.00769 0
      vertex 42.7331 8.13342 0
    endloop
  endfacet
  facet normal 0 0 -1
    outer loop
      vertex 30.5115 8.99229 0
      vertex 42.7331 8.13342 0
      vertex 42.4884 1.00769 0
    endloop
  endfacet
  facet normal 0 0 -1
    outer loop
      vertex 30.5115 10.7168 0
      vertex 42.7331 8.13342 0
      vertex 30.5115 8.99229 0
    endloop
  endfacet
  facet normal 0 0 -1
    outer loop
      vertex 30.2669 14.3666 0
      vertex 30.5115 10.7168 0
      vertex 30.3959 10.7766 0
    endloop
  endfacet
  facet normal 0 0 -1
    outer loop
      vertex 30.2669 14.3666 0
      vertex 30.3959 10.7766 0
      vertex 30.3732 10.7874 0
    endloop
  endfacet
  facet normal 0 0 -1
    outer loop
      vertex 30.5115 10.7168 0
      vertex 30.2669 14.3666 0
      vertex 42.7331 8.13342 0
    endloop
  endfacet
  facet normal 0 0 -1
    outer loop
      vertex 29.9233 10.9798 0
      vertex 30.2669 14.3666 0
      vertex 30.3732 10.7874 0
    endloop
  endfacet
  facet normal 0 0 -1
    outer loop
      vertex 29.8313 11.0153 0
      vertex 30.2669 14.3666 0
      vertex 29.9233 10.9798 0
    endloop
  endfacet
  facet normal 0 0 -1
    outer loop
      vertex 29.3687 11.1741 0
      vertex 30.2669 14.3666 0
      vertex 29.8313 11.0153 0
    endloop
  endfacet
  facet normal 0 0 -1
    outer loop
      vertex 29.3445 11.1814 0
      vertex 30.2669 14.3666 0
      vertex 29.3687 11.1741 0
    endloop
  endfacet
  facet normal 0 0 -1
    outer loop
      vertex 28.8712 11.3059 0
      vertex 30.2669 14.3666 0
      vertex 29.3445 11.1814 0
    endloop
  endfacet
  facet normal -0 0 -1
    outer loop
      vertex 30.2669 14.3666 0
      vertex 28.8712 11.3059 0
      vertex 30.0576 14.4662 0
    endloop
  endfacet
  facet normal -0 0 -1
    outer loop
      vertex 30.0576 14.4662 0
      vertex 28.8712 11.3059 0
      vertex 29.8446 14.5577 0
    endloop
  endfacet
  facet normal 0 0 -1
    outer loop
      vertex 28.7755 11.3274 0
      vertex 29.8446 14.5577 0
      vertex 28.8712 11.3059 0
    endloop
  endfacet
  facet normal -0 0 -1
    outer loop
      vertex 29.8446 14.5577 0
      vertex 28.7755 11.3274 0
      vertex 29.6282 14.6409 0
    endloop
  endfacet
  facet normal -0 0 -1
    outer loop
      vertex 29.6282 14.6409 0
      vertex 28.7755 11.3274 0
      vertex 29.4088 14.7156 0
    endloop
  endfacet
  facet normal 0 0 -1
    outer loop
      vertex 28.294 11.4169 0
      vertex 29.4088 14.7156 0
      vertex 28.7755 11.3274 0
    endloop
  endfacet
  facet normal -0 0 -1
    outer loop
      vertex 29.4088 14.7156 0
      vertex 28.294 11.4169 0
      vertex 29.1866 14.7819 0
    endloop
  endfacet
  facet normal -0 0 -1
    outer loop
      vertex 29.1866 14.7819 0
      vertex 28.294 11.4169 0
      vertex 28.9621 14.8395 0
    endloop
  endfacet
  facet normal 0 0 -1
    outer loop
      vertex 28.2695 11.4205 0
      vertex 28.9621 14.8395 0
      vertex 28.294 11.4169 0
    endloop
  endfacet
  facet normal -0 0 -1
    outer loop
      vertex 28.9621 14.8395 0
      vertex 28.2695 11.4205 0
      vertex 28.7355 14.8884 0
    endloop
  endfacet
  facet normal -0 0 -1
    outer loop
      vertex 28.7355 14.8884 0
      vertex 28.2695 11.4205 0
      vertex 28.5072 14.9285 0
    endloop
  endfacet
  facet normal 0 0 -1
    outer loop
      vertex 27.7827 11.4744 0
      vertex 28.5072 14.9285 0
      vertex 28.2695 11.4205 0
    endloop
  endfacet
  facet normal -0 0 -1
    outer loop
      vertex 28.5072 14.9285 0
      vertex 27.7827 11.4744 0
      vertex 28.2775 14.9597 0
    endloop
  endfacet
  facet normal -0 0 -1
    outer loop
      vertex 28.2775 14.9597 0
      vertex 27.7827 11.4744 0
      vertex 28.0468 14.9821 0
    endloop
  endfacet
  facet normal 0 0 -1
    outer loop
      vertex 27.6853 11.4815 0
      vertex 28.0468 14.9821 0
      vertex 27.7827 11.4744 0
    endloop
  endfacet
  facet normal -0 0 -1
    outer loop
      vertex 28.0468 14.9821 0
      vertex 27.6853 11.4815 0
      vertex 27.8154 14.9955 0
    endloop
  endfacet
  facet normal 0 0 -1
    outer loop
      vertex 27.6853 11.4815 0
      vertex 27.5836 15 0
      vertex 27.8154 14.9955 0
    endloop
  endfacet
  facet normal 0 0 -1
    outer loop
      vertex 27.1834 11.5 0
      vertex 27.5836 15 0
      vertex 27.6853 11.4815 0
    endloop
  endfacet
  facet normal 0 0 -1
    outer loop
      vertex 27.1833 11.5 0
      vertex 27.5836 15 0
      vertex 27.1834 11.5 0
    endloop
  endfacet
  facet normal 0 0 -1
    outer loop
      vertex 27.1833 11.5 0
      vertex 0.999985 15 0
      vertex 27.5836 15 0
    endloop
  endfacet
  facet normal 0 0 -1
    outer loop
      vertex 0 11.5 0
      vertex 0.999985 15 0
      vertex 27.1833 11.5 0
    endloop
  endfacet
  facet normal 0 0 -1
    outer loop
      vertex 0 14 0
      vertex 0.999985 15 0
      vertex 0 11.5 0
    endloop
  endfacet
  facet normal 0 0 -1
    outer loop
      vertex 0.999985 15 0
      vertex 0 14 0
      vertex 0.869461 14.9914 0
    endloop
  endfacet
  facet normal 0 0 -1
    outer loop
      vertex 0.869461 14.9914 0
      vertex 0 14 0
      vertex 0.74118 14.9659 0
    endloop
  endfacet
  facet normal 0 0 -1
    outer loop
      vertex 0.74118 14.9659 0
      vertex 0 14 0
      vertex 0.61731 14.9239 0
    endloop
  endfacet
  facet normal 0 0 -1
    outer loop
      vertex 0.61731 14.9239 0
      vertex 0 14 0
      vertex 0.499985 14.866 0
    endloop
  endfacet
  facet normal 0 0 -1
    outer loop
      vertex 0.499985 14.866 0
      vertex 0 14 0
      vertex 0.391235 14.7934 0
    endloop
  endfacet
  facet normal 0 0 -1
    outer loop
      vertex 0.391235 14.7934 0
      vertex 0 14 0
      vertex 0.292892 14.7071 0
    endloop
  endfacet
  facet normal 0 0 -1
    outer loop
      vertex 0.292892 14.7071 0
      vertex 0 14 0
      vertex 0.206635 14.6087 0
    endloop
  endfacet
  facet normal 0 0 -1
    outer loop
      vertex 0.206635 14.6087 0
      vertex 0 14 0
      vertex 0.133972 14.5 0
    endloop
  endfacet
  facet normal 0 0 -1
    outer loop
      vertex 0.133972 14.5 0
      vertex 0 14 0
      vertex 0.0761108 14.3827 0
    endloop
  endfacet
  facet normal 0 0 -1
    outer loop
      vertex 0.0761108 14.3827 0
      vertex 0 14 0
      vertex 0.0340729 14.2588 0
    endloop
  endfacet
  facet normal 0 0 -1
    outer loop
      vertex 0.0340729 14.2588 0
      vertex 0 14 0
      vertex 0.00854492 14.1305 0
    endloop
  endfacet
  facet normal -0 0 1
    outer loop
      vertex 88 7.5 1
      vertex 112.5 0 1
      vertex 112.5 7.5 1
    endloop
  endfacet
  facet normal -0 0 1
    outer loop
      vertex 86.5 6 1
      vertex 112.5 0 1
      vertex 88 7.5 1
    endloop
  endfacet
  facet normal -0 0 1
    outer loop
      vertex 76.5 6 1
      vertex 112.5 0 1
      vertex 86.5 6 1
    endloop
  endfacet
  facet normal 0 0 1
    outer loop
      vertex 76.5 6 1
      vertex 45.8167 0 1
      vertex 112.5 0 1
    endloop
  endfacet
  facet normal 0 0 1
    outer loop
      vertex 75 7.5 1
      vertex 45.8167 0 1
      vertex 76.5 6 1
    endloop
  endfacet
  facet normal -0 0 1
    outer loop
      vertex 45.4164 7.5 1
      vertex 45.8167 0 1
      vertex 75 7.5 1
    endloop
  endfacet
  facet normal 0 0 1
    outer loop
      vertex 45.8167 0 1
      vertex 45.4164 7.5 1
      vertex 45.5228 0.00718689 1
    endloop
  endfacet
  facet normal 0 0 1
    outer loop
      vertex 45.4164 7.5 1
      vertex 45.2296 0.0287781 1
      vertex 45.5228 0.00718689 1
    endloop
  endfacet
  facet normal 0 0 1
    outer loop
      vertex 44.3613 0.179169 1
      vertex 45.4164 7.5 1
      vertex 45.1846 7.50447 1
    endloop
  endfacet
  facet normal 0 0 1
    outer loop
      vertex 43.5244 0.455109 1
      vertex 45.1846 7.50447 1
      vertex 44.9532 7.5179 1
    endloop
  endfacet
  facet normal 0 0 1
    outer loop
      vertex 45.4164 7.5 1
      vertex 44.9378 0.0646973 1
      vertex 45.2296 0.0287781 1
    endloop
  endfacet
  facet normal 0 0 1
    outer loop
      vertex 42.737 0.850662 1
      vertex 44.9532 7.5179 1
      vertex 44.7225 7.54025 1
    endloop
  endfacet
  facet normal 0 0 1
    outer loop
      vertex 45.4164 7.5 1
      vertex 44.6482 0.114868 1
      vertex 44.9378 0.0646973 1
    endloop
  endfacet
  facet normal 0 0 1
    outer loop
      vertex 42.4884 1.00769 1
      vertex 44.7225 7.54025 1
      vertex 44.4928 7.5715 1
    endloop
  endfacet
  facet normal 0 0 1
    outer loop
      vertex 45.4164 7.5 1
      vertex 44.3613 0.179169 1
      vertex 44.6482 0.114868 1
    endloop
  endfacet
  facet normal 0 0 1
    outer loop
      vertex 42.4884 1.00769 1
      vertex 44.4928 7.5715 1
      vertex 44.2645 7.6116 1
    endloop
  endfacet
  facet normal 0 0 1
    outer loop
      vertex 45.1846 7.50447 1
      vertex 44.0779 0.257446 1
      vertex 44.3613 0.179169 1
    endloop
  endfacet
  facet normal 0 0 1
    outer loop
      vertex 42.4884 1.00769 1
      vertex 44.2645 7.6116 1
      vertex 44.0379 7.66049 1
    endloop
  endfacet
  facet normal 0 0 1
    outer loop
      vertex 42.4884 1.00769 1
      vertex 44.0379 7.66049 1
      vertex 43.8133 7.71811 1
    endloop
  endfacet
  facet normal 0 0 1
    outer loop
      vertex 45.1846 7.50447 1
      vertex 43.7988 0.349503 1
      vertex 44.0779 0.257446 1
    endloop
  endfacet
  facet normal 0 0 1
    outer loop
      vertex 42.4884 1.00769 1
      vertex 43.8133 7.71811 1
      vertex 43.5912 7.78435 1
    endloop
  endfacet
  facet normal 0 0 1
    outer loop
      vertex 45.1846 7.50447 1
      vertex 43.5244 0.455109 1
      vertex 43.7988 0.349503 1
    endloop
  endfacet
  facet normal 0 0 1
    outer loop
      vertex 42.4884 1.00769 1
      vertex 43.5912 7.78435 1
      vertex 43.3718 7.85912 1
    endloop
  endfacet
  facet normal 0 0 1
    outer loop
      vertex 44.9532 7.5179 1
      vertex 43.2556 0.574051 1
      vertex 43.5244 0.455109 1
    endloop
  endfacet
  facet normal 0 0 1
    outer loop
      vertex 42.4884 1.00769 1
      vertex 43.3718 7.85912 1
      vertex 43.1554 7.94231 1
    endloop
  endfacet
  facet normal 0 0 1
    outer loop
      vertex 44.9532 7.5179 1
      vertex 42.9929 0.706009 1
      vertex 43.2556 0.574051 1
    endloop
  endfacet
  facet normal 0 0 1
    outer loop
      vertex 42.4884 1.00769 1
      vertex 43.1554 7.94231 1
      vertex 42.9424 8.03378 1
    endloop
  endfacet
  facet normal 0 0 1
    outer loop
      vertex 44.9532 7.5179 1
      vertex 42.737 0.850662 1
      vertex 42.9929 0.706009 1
    endloop
  endfacet
  facet normal 0 0 1
    outer loop
      vertex 42.4884 1.00769 1
      vertex 42.9424 8.03378 1
      vertex 42.7331 8.13342 1
    endloop
  endfacet
  facet normal 0 0 1
    outer loop
      vertex 44.7225 7.54025 1
      vertex 42.4884 1.00769 1
      vertex 42.737 0.850662 1
    endloop
  endfacet
  facet normal -0 0 1
    outer loop
      vertex 30.5572 9.06552 1
      vertex 42.7331 8.13342 1
      vertex 31.3413 10.2418 1
    endloop
  endfacet
  facet normal 0 0 1
    outer loop
      vertex 30.2669 14.3666 1
      vertex 31.3413 10.2418 1
      vertex 42.7331 8.13342 1
    endloop
  endfacet
  facet normal 0 0 1
    outer loop
      vertex 31.3413 10.2418 1
      vertex 30.2669 14.3666 1
      vertex 30.8741 10.529 1
    endloop
  endfacet
  facet normal 0 0 1
    outer loop
      vertex 30.8741 10.529 1
      vertex 30.2669 14.3666 1
      vertex 30.3847 10.7824 1
    endloop
  endfacet
  facet normal 0 0 1
    outer loop
      vertex 28.8237 11.3184 1
      vertex 30.2669 14.3666 1
      vertex 30.0576 14.4662 1
    endloop
  endfacet
  facet normal 0 0 1
    outer loop
      vertex 30.2669 14.3666 1
      vertex 29.878 10.9992 1
      vertex 30.3847 10.7824 1
    endloop
  endfacet
  facet normal 0 0 1
    outer loop
      vertex 28.8237 11.3184 1
      vertex 30.0576 14.4662 1
      vertex 29.8446 14.5577 1
    endloop
  endfacet
  facet normal 0 0 1
    outer loop
      vertex 28.8237 11.3184 1
      vertex 29.8446 14.5577 1
      vertex 29.6282 14.6409 1
    endloop
  endfacet
  facet normal 0 0 1
    outer loop
      vertex 28.8237 11.3184 1
      vertex 29.6282 14.6409 1
      vertex 29.4088 14.7156 1
    endloop
  endfacet
  facet normal 0 0 1
    outer loop
      vertex 30.2669 14.3666 1
      vertex 29.3567 11.1782 1
      vertex 29.878 10.9992 1
    endloop
  endfacet
  facet normal 0 0 1
    outer loop
      vertex 28.2819 11.4191 1
      vertex 29.4088 14.7156 1
      vertex 29.1866 14.7819 1
    endloop
  endfacet
  facet normal 0 0 1
    outer loop
      vertex 28.2819 11.4191 1
      vertex 29.1866 14.7819 1
      vertex 28.9621 14.8395 1
    endloop
  endfacet
  facet normal 0 0 1
    outer loop
      vertex 30.2669 14.3666 1
      vertex 28.8237 11.3184 1
      vertex 29.3567 11.1782 1
    endloop
  endfacet
  facet normal 0 0 1
    outer loop
      vertex 28.2819 11.4191 1
      vertex 28.9621 14.8395 1
      vertex 28.7355 14.8884 1
    endloop
  endfacet
  facet normal 0 0 1
    outer loop
      vertex 28.2819 11.4191 1
      vertex 28.7355 14.8884 1
      vertex 28.5072 14.9285 1
    endloop
  endfacet
  facet normal 0 0 1
    outer loop
      vertex 29.4088 14.7156 1
      vertex 28.2819 11.4191 1
      vertex 28.8237 11.3184 1
    endloop
  endfacet
  facet normal 0 0 1
    outer loop
      vertex 27.7341 11.4797 1
      vertex 28.5072 14.9285 1
      vertex 28.2775 14.9597 1
    endloop
  endfacet
  facet normal 0 0 1
    outer loop
      vertex 27.7341 11.4797 1
      vertex 28.2775 14.9597 1
      vertex 28.0468 14.9821 1
    endloop
  endfacet
  facet normal 0 0 1
    outer loop
      vertex 27.7341 11.4797 1
      vertex 28.0468 14.9821 1
      vertex 27.8154 14.9955 1
    endloop
  endfacet
  facet normal 0 0 1
    outer loop
      vertex 28.5072 14.9285 1
      vertex 27.7341 11.4797 1
      vertex 28.2819 11.4191 1
    endloop
  endfacet
  facet normal 0 0 1
    outer loop
      vertex 27.5836 15 1
      vertex 27.7341 11.4797 1
      vertex 27.8154 14.9955 1
    endloop
  endfacet
  facet normal 0 0 1
    outer loop
      vertex 27.5836 15 1
      vertex 27.1833 11.5 1
      vertex 27.7341 11.4797 1
    endloop
  endfacet
  facet normal -0 0 1
    outer loop
      vertex 0.999985 15 1
      vertex 27.1833 11.5 1
      vertex 27.5836 15 1
    endloop
  endfacet
  facet normal 0 0 1
    outer loop
      vertex 0 14 1
      vertex 0.999985 15 1
      vertex 0.869461 14.9914 1
    endloop
  endfacet
  facet normal 0 0 1
    outer loop
      vertex 0 14 1
      vertex 0.869461 14.9914 1
      vertex 0.74118 14.9659 1
    endloop
  endfacet
  facet normal 0 0 1
    outer loop
      vertex 0 14 1
      vertex 0.74118 14.9659 1
      vertex 0.61731 14.9239 1
    endloop
  endfacet
  facet normal 0 0 1
    outer loop
      vertex 0 14 1
      vertex 0.61731 14.9239 1
      vertex 0.499985 14.866 1
    endloop
  endfacet
  facet normal 0 0 1
    outer loop
      vertex 0 14 1
      vertex 0.499985 14.866 1
      vertex 0.391235 14.7934 1
    endloop
  endfacet
  facet normal 0 0 1
    outer loop
      vertex 0 14 1
      vertex 0.391235 14.7934 1
      vertex 0.292892 14.7071 1
    endloop
  endfacet
  facet normal 0 0 1
    outer loop
      vertex 0 14 1
      vertex 0.292892 14.7071 1
      vertex 0.206635 14.6087 1
    endloop
  endfacet
  facet normal 0 0 1
    outer loop
      vertex 0 14 1
      vertex 0.206635 14.6087 1
      vertex 0.133972 14.5 1
    endloop
  endfacet
  facet normal 0 0 1
    outer loop
      vertex 0 14 1
      vertex 0.133972 14.5 1
      vertex 0.0761108 14.3827 1
    endloop
  endfacet
  facet normal 0 0 1
    outer loop
      vertex 0 14 1
      vertex 0.0761108 14.3827 1
      vertex 0.0340729 14.2588 1
    endloop
  endfacet
  facet normal 0 0 1
    outer loop
      vertex 0 14 1
      vertex 0.0340729 14.2588 1
      vertex 0.00854492 14.1305 1
    endloop
  endfacet
  facet normal 0 0 1
    outer loop
      vertex 0.999985 15 1
      vertex 0 14 1
      vertex 0 11.5 1
    endloop
  endfacet
  facet normal 0 0 1
    outer loop
      vertex 0.999985 15 1
      vertex 0 11.5 1
      vertex 27.1833 11.5 1
    endloop
  endfacet
  facet normal -0 0 1
    outer loop
      vertex 30.5115 8.99229 1
      vertex 42.7331 8.13342 1
      vertex 30.5572 9.06552 1
    endloop
  endfacet
  facet normal 0 0 1
    outer loop
      vertex 30.5115 8.99229 1
      vertex 30.5572 9.06552 1
      vertex 30.5115 9.09357 1
    endloop
  endfacet
  facet normal 0 0 1
    outer loop
      vertex 42.7331 8.13342 1
      vertex 30.5115 8.99229 1
      vertex 42.4884 1.00769 1
    endloop
  endfacet
  facet normal 0 1 -0
    outer loop
      vertex 114 7.5 1.5
      vertex 113 7.5 16.5
      vertex 114 7.5 16.5
    endloop
  endfacet
  facet normal 0 1 0
    outer loop
      vertex 114 7.5 1.5
      vertex 113 7.5 1.5
      vertex 113 7.5 16.5
    endloop
  endfacet
  facet normal 0 1 0
    outer loop
      vertex 114 7.5 1.5
      vertex 112.999 7.5 1.4673
      vertex 113 7.5 1.5
    endloop
  endfacet
  facet normal 0 1 -0
    outer loop
      vertex 113.997 7.5 1.4019
      vertex 112.999 7.5 1.4673
      vertex 114 7.5 1.5
    endloop
  endfacet
  facet normal 0 1 0
    outer loop
      vertex 112.999 7.5 1.4673
      vertex 113.997 7.5 1.4019
      vertex 112.996 7.5 1.43474
    endloop
  endfacet
  facet normal 0 1 -0
    outer loop
      vertex 113.987 7.5 1.30421
      vertex 112.996 7.5 1.43474
      vertex 113.997 7.5 1.4019
    endloop
  endfacet
  facet normal 0 1 0
    outer loop
      vertex 112.996 7.5 1.43474
      vertex 113.987 7.5 1.30421
      vertex 112.99 7.5 1.40247
    endloop
  endfacet
  facet normal 0 1 -0
    outer loop
      vertex 113.971 7.5 1.20737
      vertex 112.99 7.5 1.40247
      vertex 113.987 7.5 1.30421
    endloop
  endfacet
  facet normal 0 1 0
    outer loop
      vertex 112.99 7.5 1.40247
      vertex 113.971 7.5 1.20737
      vertex 112.983 7.5 1.37061
    endloop
  endfacet
  facet normal 0 1 -0
    outer loop
      vertex 113.949 7.5 1.11179
      vertex 112.983 7.5 1.37061
      vertex 113.971 7.5 1.20737
    endloop
  endfacet
  facet normal 0 1 0
    outer loop
      vertex 112.983 7.5 1.37061
      vertex 113.949 7.5 1.11179
      vertex 112.973 7.5 1.33929
    endloop
  endfacet
  facet normal 0 1 -0
    outer loop
      vertex 113.92 7.5 1.01785
      vertex 112.973 7.5 1.33929
      vertex 113.949 7.5 1.11179
    endloop
  endfacet
  facet normal 0 1 0
    outer loop
      vertex 112.973 7.5 1.33929
      vertex 113.92 7.5 1.01785
      vertex 112.962 7.5 1.30867
    endloop
  endfacet
  facet normal 0 1 -0
    outer loop
      vertex 113.886 7.5 0.92598
      vertex 112.962 7.5 1.30867
      vertex 113.92 7.5 1.01785
    endloop
  endfacet
  facet normal 0 1 0
    outer loop
      vertex 112.962 7.5 1.30867
      vertex 113.886 7.5 0.92598
      vertex 112.948 7.5 1.27887
    endloop
  endfacet
  facet normal 0 1 -0
    outer loop
      vertex 113.845 7.5 0.836578
      vertex 112.948 7.5 1.27887
      vertex 113.886 7.5 0.92598
    endloop
  endfacet
  facet normal 0 1 0
    outer loop
      vertex 112.948 7.5 1.27887
      vertex 113.845 7.5 0.836578
      vertex 112.933 7.5 1.25
    endloop
  endfacet
  facet normal 0 1 -0
    outer loop
      vertex 113.799 7.5 0.75
      vertex 112.933 7.5 1.25
      vertex 113.845 7.5 0.836578
    endloop
  endfacet
  facet normal 0 1 0
    outer loop
      vertex 112.933 7.5 1.25
      vertex 113.799 7.5 0.75
      vertex 112.916 7.5 1.22223
    endloop
  endfacet
  facet normal 0 1 -0
    outer loop
      vertex 113.747 7.5 0.666656
      vertex 112.916 7.5 1.22223
      vertex 113.799 7.5 0.75
    endloop
  endfacet
  facet normal 0 1 0
    outer loop
      vertex 112.916 7.5 1.22223
      vertex 113.747 7.5 0.666656
      vertex 112.897 7.5 1.19563
    endloop
  endfacet
  facet normal 0 1 -0
    outer loop
      vertex 113.69 7.5 0.586868
      vertex 112.897 7.5 1.19563
      vertex 113.747 7.5 0.666656
    endloop
  endfacet
  facet normal 0 1 0
    outer loop
      vertex 112.897 7.5 1.19563
      vertex 113.69 7.5 0.586868
      vertex 112.876 7.5 1.17033
    endloop
  endfacet
  facet normal 0 1 -0
    outer loop
      vertex 113.628 7.5 0.510986
      vertex 112.876 7.5 1.17033
      vertex 113.69 7.5 0.586868
    endloop
  endfacet
  facet normal 0 1 0
    outer loop
      vertex 112.876 7.5 1.17033
      vertex 113.628 7.5 0.510986
      vertex 112.854 7.5 1.14645
    endloop
  endfacet
  facet normal 0 1 -0
    outer loop
      vertex 113.561 7.5 0.439346
      vertex 112.854 7.5 1.14645
      vertex 113.628 7.5 0.510986
    endloop
  endfacet
  facet normal 0 1 0
    outer loop
      vertex 112.854 7.5 1.14645
      vertex 113.561 7.5 0.439346
      vertex 112.83 7.5 1.12408
    endloop
  endfacet
  facet normal 0 1 -0
    outer loop
      vertex 113.489 7.5 0.372253
      vertex 112.83 7.5 1.12408
      vertex 113.561 7.5 0.439346
    endloop
  endfacet
  facet normal 0 1 0
    outer loop
      vertex 112.83 7.5 1.12408
      vertex 113.489 7.5 0.372253
      vertex 112.804 7.5 1.10333
    endloop
  endfacet
  facet normal 0 1 -0
    outer loop
      vertex 113.413 7.5 0.309982
      vertex 112.804 7.5 1.10333
      vertex 113.489 7.5 0.372253
    endloop
  endfacet
  facet normal 0 1 0
    outer loop
      vertex 112.804 7.5 1.10333
      vertex 113.413 7.5 0.309982
      vertex 112.778 7.5 1.08427
    endloop
  endfacet
  facet normal 0 1 -0
    outer loop
      vertex 113.333 7.5 0.252808
      vertex 112.778 7.5 1.08427
      vertex 113.413 7.5 0.309982
    endloop
  endfacet
  facet normal 0 1 0
    outer loop
      vertex 112.778 7.5 1.08427
      vertex 113.333 7.5 0.252808
      vertex 112.75 7.5 1.067
    endloop
  endfacet
  facet normal 0 1 -0
    outer loop
      vertex 113.25 7.5 0.200974
      vertex 112.75 7.5 1.067
      vertex 113.333 7.5 0.252808
    endloop
  endfacet
  facet normal 0 1 0
    outer loop
      vertex 112.75 7.5 1.067
      vertex 113.25 7.5 0.200974
      vertex 112.721 7.5 1.05157
    endloop
  endfacet
  facet normal 0 1 -0
    outer loop
      vertex 113.163 7.5 0.154694
      vertex 112.721 7.5 1.05157
      vertex 113.25 7.5 0.200974
    endloop
  endfacet
  facet normal 0 1 0
    outer loop
      vertex 112.721 7.5 1.05157
      vertex 113.163 7.5 0.154694
      vertex 112.691 7.5 1.03807
    endloop
  endfacet
  facet normal 0 1 -0
    outer loop
      vertex 113.074 7.5 0.114182
      vertex 112.691 7.5 1.03807
      vertex 113.163 7.5 0.154694
    endloop
  endfacet
  facet normal 0 1 0
    outer loop
      vertex 112.691 7.5 1.03807
      vertex 113.074 7.5 0.114182
      vertex 112.661 7.5 1.02654
    endloop
  endfacet
  facet normal 0 1 -0
    outer loop
      vertex 112.982 7.5 0.0796051
      vertex 112.661 7.5 1.02654
      vertex 113.074 7.5 0.114182
    endloop
  endfacet
  facet normal 0 1 0
    outer loop
      vertex 112.661 7.5 1.02654
      vertex 112.982 7.5 0.0796051
      vertex 112.629 7.5 1.01704
    endloop
  endfacet
  facet normal 0 1 -0
    outer loop
      vertex 112.888 7.5 0.0511169
      vertex 112.629 7.5 1.01704
      vertex 112.982 7.5 0.0796051
    endloop
  endfacet
  facet normal 0 1 0
    outer loop
      vertex 112.629 7.5 1.01704
      vertex 112.888 7.5 0.0511169
      vertex 112.598 7.5 1.00961
    endloop
  endfacet
  facet normal 0 1 -0
    outer loop
      vertex 112.793 7.5 0.0288239
      vertex 112.598 7.5 1.00961
      vertex 112.888 7.5 0.0511169
    endloop
  endfacet
  facet normal 0 1 0
    outer loop
      vertex 112.598 7.5 1.00961
      vertex 112.793 7.5 0.0288239
      vertex 112.565 7.5 1.00429
    endloop
  endfacet
  facet normal 0 1 -0
    outer loop
      vertex 112.696 7.5 0.0128479
      vertex 112.565 7.5 1.00429
      vertex 112.793 7.5 0.0288239
    endloop
  endfacet
  facet normal 0 1 0
    outer loop
      vertex 112.565 7.5 1.00429
      vertex 112.696 7.5 0.0128479
      vertex 112.533 7.5 1.00108
    endloop
  endfacet
  facet normal 0 1 -0
    outer loop
      vertex 112.598 7.5 0.0032196
      vertex 112.533 7.5 1.00108
      vertex 112.696 7.5 0.0128479
    endloop
  endfacet
  facet normal 0 1 0
    outer loop
      vertex 112.533 7.5 1.00108
      vertex 112.598 7.5 0.0032196
      vertex 112.5 7.5 1
    endloop
  endfacet
  facet normal 0 1 0
    outer loop
      vertex 112.5 7.5 1
      vertex 112.598 7.5 0.0032196
      vertex 112.5 7.5 0
    endloop
  endfacet
  facet normal 0 1 0
    outer loop
      vertex 112.5 7.5 1
      vertex 112.5 7.5 0
      vertex 88 7.5 1
    endloop
  endfacet
  facet normal 0 1 0
    outer loop
      vertex 88 7.5 1
      vertex 112.5 7.5 0
      vertex 88 7.5 0
    endloop
  endfacet
  facet normal 0 1 -0
    outer loop
      vertex 75 7.5 0
      vertex 45.4164 7.5 1
      vertex 75 7.5 1
    endloop
  endfacet
  facet normal 0 1 0
    outer loop
      vertex 45.4164 7.5 1
      vertex 75 7.5 0
      vertex 45.4164 7.5 0
    endloop
  endfacet
  facet normal 0.0192803 0.999814 -0
    outer loop
      vertex 45.4164 7.5 0
      vertex 45.1846 7.50447 1
      vertex 45.4164 7.5 1
    endloop
  endfacet
  facet normal 0.0192803 0.999814 0
    outer loop
      vertex 45.1846 7.50447 1
      vertex 45.4164 7.5 0
      vertex 45.1846 7.50447 0
    endloop
  endfacet
  facet normal 0.0579405 0.99832 -0
    outer loop
      vertex 45.1846 7.50447 0
      vertex 44.9532 7.5179 1
      vertex 45.1846 7.50447 1
    endloop
  endfacet
  facet normal 0.0579405 0.99832 0
    outer loop
      vertex 44.9532 7.5179 1
      vertex 45.1846 7.50447 0
      vertex 44.9532 7.5179 0
    endloop
  endfacet
  facet normal 0.0964276 0.99534 -0
    outer loop
      vertex 44.9532 7.5179 0
      vertex 44.7225 7.54025 1
      vertex 44.9532 7.5179 1
    endloop
  endfacet
  facet normal 0.0964276 0.99534 0
    outer loop
      vertex 44.7225 7.54025 1
      vertex 44.9532 7.5179 0
      vertex 44.7225 7.54025 0
    endloop
  endfacet
  facet normal 0.134805 0.990872 -0
    outer loop
      vertex 44.7225 7.54025 0
      vertex 44.4928 7.5715 1
      vertex 44.7225 7.54025 1
    endloop
  endfacet
  facet normal 0.134805 0.990872 0
    outer loop
      vertex 44.4928 7.5715 1
      vertex 44.7225 7.54025 0
      vertex 44.4928 7.5715 0
    endloop
  endfacet
  facet normal 0.172998 0.984922 -0
    outer loop
      vertex 44.4928 7.5715 0
      vertex 44.2645 7.6116 1
      vertex 44.4928 7.5715 1
    endloop
  endfacet
  facet normal 0.172998 0.984922 0
    outer loop
      vertex 44.2645 7.6116 1
      vertex 44.4928 7.5715 0
      vertex 44.2645 7.6116 0
    endloop
  endfacet
  facet normal 0.210902 0.977507 -0
    outer loop
      vertex 44.2645 7.6116 0
      vertex 44.0379 7.66049 1
      vertex 44.2645 7.6116 1
    endloop
  endfacet
  facet normal 0.210902 0.977507 0
    outer loop
      vertex 44.0379 7.66049 1
      vertex 44.2645 7.6116 0
      vertex 44.0379 7.66049 0
    endloop
  endfacet
  facet normal 0.248498 0.968632 -0
    outer loop
      vertex 44.0379 7.66049 0
      vertex 43.8133 7.71811 1
      vertex 44.0379 7.66049 1
    endloop
  endfacet
  facet normal 0.248498 0.968632 0
    outer loop
      vertex 43.8133 7.71811 1
      vertex 44.0379 7.66049 0
      vertex 43.8133 7.71811 0
    endloop
  endfacet
  facet normal 0.285804 0.958288 -0
    outer loop
      vertex 43.8133 7.71811 0
      vertex 43.5912 7.78435 1
      vertex 43.8133 7.71811 1
    endloop
  endfacet
  facet normal 0.285804 0.958288 0
    outer loop
      vertex 43.5912 7.78435 1
      vertex 43.8133 7.71811 0
      vertex 43.5912 7.78435 0
    endloop
  endfacet
  facet normal 0.322576 0.946544 -0
    outer loop
      vertex 43.5912 7.78435 0
      vertex 43.3718 7.85912 1
      vertex 43.5912 7.78435 1
    endloop
  endfacet
  facet normal 0.322576 0.946544 0
    outer loop
      vertex 43.3718 7.85912 1
      vertex 43.5912 7.78435 0
      vertex 43.3718 7.85912 0
    endloop
  endfacet
  facet normal 0.358826 0.933405 -0
    outer loop
      vertex 43.3718 7.85912 0
      vertex 43.1554 7.94231 1
      vertex 43.3718 7.85912 1
    endloop
  endfacet
  facet normal 0.358826 0.933405 0
    outer loop
      vertex 43.1554 7.94231 1
      vertex 43.3718 7.85912 0
      vertex 43.1554 7.94231 0
    endloop
  endfacet
  facet normal 0.394591 0.918857 -0
    outer loop
      vertex 43.1554 7.94231 0
      vertex 42.9424 8.03378 1
      vertex 43.1554 7.94231 1
    endloop
  endfacet
  facet normal 0.394591 0.918857 0
    outer loop
      vertex 42.9424 8.03378 1
      vertex 43.1554 7.94231 0
      vertex 42.9424 8.03378 0
    endloop
  endfacet
  facet normal 0.42984 0.902905 -0
    outer loop
      vertex 42.9424 8.03378 0
      vertex 42.7331 8.13342 1
      vertex 42.9424 8.03378 1
    endloop
  endfacet
  facet normal 0.42984 0.902905 0
    outer loop
      vertex 42.7331 8.13342 1
      vertex 42.9424 8.03378 0
      vertex 42.7331 8.13342 0
    endloop
  endfacet
  facet normal 0.447218 0.894425 -0
    outer loop
      vertex 42.7331 8.13342 0
      vertex 30.2669 14.3666 1
      vertex 42.7331 8.13342 1
    endloop
  endfacet
  facet normal 0.447218 0.894425 0
    outer loop
      vertex 30.2669 14.3666 1
      vertex 42.7331 8.13342 0
      vertex 30.2669 14.3666 0
    endloop
  endfacet
  facet normal 0.429699 0.902972 -0
    outer loop
      vertex 30.2669 14.3666 0
      vertex 30.0576 14.4662 1
      vertex 30.2669 14.3666 1
    endloop
  endfacet
  facet normal 0.429699 0.902972 0
    outer loop
      vertex 30.0576 14.4662 1
      vertex 30.2669 14.3666 0
      vertex 30.0576 14.4662 0
    endloop
  endfacet
  facet normal 0.3947 0.91881 -0
    outer loop
      vertex 30.0576 14.4662 0
      vertex 29.8446 14.5577 1
      vertex 30.0576 14.4662 1
    endloop
  endfacet
  facet normal 0.3947 0.91881 0
    outer loop
      vertex 29.8446 14.5577 1
      vertex 30.0576 14.4662 0
      vertex 29.8446 14.5577 0
    endloop
  endfacet
  facet normal 0.358863 0.93339 -0
    outer loop
      vertex 29.8446 14.5577 0
      vertex 29.6282 14.6409 1
      vertex 29.8446 14.5577 1
    endloop
  endfacet
  facet normal 0.358863 0.93339 0
    outer loop
      vertex 29.6282 14.6409 1
      vertex 29.8446 14.5577 0
      vertex 29.6282 14.6409 0
    endloop
  endfacet
  facet normal 0.322305 0.946636 -0
    outer loop
      vertex 29.6282 14.6409 0
      vertex 29.4088 14.7156 1
      vertex 29.6282 14.6409 1
    endloop
  endfacet
  facet normal 0.322305 0.946636 0
    outer loop
      vertex 29.4088 14.7156 1
      vertex 29.6282 14.6409 0
      vertex 29.4088 14.7156 0
    endloop
  endfacet
  facet normal 0.285923 0.958253 -0
    outer loop
      vertex 29.4088 14.7156 0
      vertex 29.1866 14.7819 1
      vertex 29.4088 14.7156 1
    endloop
  endfacet
  facet normal 0.285923 0.958253 0
    outer loop
      vertex 29.1866 14.7819 1
      vertex 29.4088 14.7156 0
      vertex 29.1866 14.7819 0
    endloop
  endfacet
  facet normal 0.248521 0.968627 -0
    outer loop
      vertex 29.1866 14.7819 0
      vertex 28.9621 14.8395 1
      vertex 29.1866 14.7819 1
    endloop
  endfacet
  facet normal 0.248521 0.968627 0
    outer loop
      vertex 28.9621 14.8395 1
      vertex 29.1866 14.7819 0
      vertex 28.9621 14.8395 0
    endloop
  endfacet
  facet normal 0.210943 0.977498 -0
    outer loop
      vertex 28.9621 14.8395 0
      vertex 28.7355 14.8884 1
      vertex 28.9621 14.8395 1
    endloop
  endfacet
  facet normal 0.210943 0.977498 0
    outer loop
      vertex 28.7355 14.8884 1
      vertex 28.9621 14.8395 0
      vertex 28.7355 14.8884 0
    endloop
  endfacet
  facet normal 0.172998 0.984922 -0
    outer loop
      vertex 28.7355 14.8884 0
      vertex 28.5072 14.9285 1
      vertex 28.7355 14.8884 1
    endloop
  endfacet
  facet normal 0.172998 0.984922 0
    outer loop
      vertex 28.5072 14.9285 1
      vertex 28.7355 14.8884 0
      vertex 28.5072 14.9285 0
    endloop
  endfacet
  facet normal 0.134593 0.990901 -0
    outer loop
      vertex 28.5072 14.9285 0
      vertex 28.2775 14.9597 1
      vertex 28.5072 14.9285 1
    endloop
  endfacet
  facet normal 0.134593 0.990901 0
    outer loop
      vertex 28.2775 14.9597 1
      vertex 28.5072 14.9285 0
      vertex 28.2775 14.9597 0
    endloop
  endfacet
  facet normal 0.0966413 0.995319 -0
    outer loop
      vertex 28.2775 14.9597 0
      vertex 28.0468 14.9821 1
      vertex 28.2775 14.9597 1
    endloop
  endfacet
  facet normal 0.0966413 0.995319 0
    outer loop
      vertex 28.0468 14.9821 1
      vertex 28.2775 14.9597 0
      vertex 28.0468 14.9821 0
    endloop
  endfacet
  facet normal 0.0578115 0.998328 -0
    outer loop
      vertex 28.0468 14.9821 0
      vertex 27.8154 14.9955 1
      vertex 28.0468 14.9821 1
    endloop
  endfacet
  facet normal 0.0578115 0.998328 0
    outer loop
      vertex 27.8154 14.9955 1
      vertex 28.0468 14.9821 0
      vertex 27.8154 14.9955 0
    endloop
  endfacet
  facet normal 0.0194096 0.999812 -0
    outer loop
      vertex 27.8154 14.9955 0
      vertex 27.5836 15 1
      vertex 27.8154 14.9955 1
    endloop
  endfacet
  facet normal 0.0194096 0.999812 0
    outer loop
      vertex 27.5836 15 1
      vertex 27.8154 14.9955 0
      vertex 27.5836 15 0
    endloop
  endfacet
  facet normal 0 1 -0
    outer loop
      vertex 27.5836 15 0
      vertex 0.999985 15 1
      vertex 27.5836 15 1
    endloop
  endfacet
  facet normal 0 1 0
    outer loop
      vertex 0.999985 15 1
      vertex 27.5836 15 0
      vertex 0.999985 15 0
    endloop
  endfacet
  facet normal -0.0657457 0.997836 0
    outer loop
      vertex 0.999985 15 0
      vertex 0.869461 14.9914 1
      vertex 0.999985 15 1
    endloop
  endfacet
  facet normal -0.0657457 0.997836 0
    outer loop
      vertex 0.869461 14.9914 1
      vertex 0.999985 15 0
      vertex 0.869461 14.9914 0
    endloop
  endfacet
  facet normal -0.194968 0.98081 0
    outer loop
      vertex 0.869461 14.9914 0
      vertex 0.74118 14.9659 1
      vertex 0.869461 14.9914 1
    endloop
  endfacet
  facet normal -0.194968 0.98081 0
    outer loop
      vertex 0.74118 14.9659 1
      vertex 0.869461 14.9914 0
      vertex 0.74118 14.9659 0
    endloop
  endfacet
  facet normal -0.321109 0.947042 0
    outer loop
      vertex 0.74118 14.9659 0
      vertex 0.61731 14.9239 1
      vertex 0.74118 14.9659 1
    endloop
  endfacet
  facet normal -0.321109 0.947042 0
    outer loop
      vertex 0.61731 14.9239 1
      vertex 0.74118 14.9659 0
      vertex 0.61731 14.9239 0
    endloop
  endfacet
  facet normal -0.442545 0.896746 0
    outer loop
      vertex 0.61731 14.9239 0
      vertex 0.499985 14.866 1
      vertex 0.61731 14.9239 1
    endloop
  endfacet
  facet normal -0.442545 0.896746 0
    outer loop
      vertex 0.499985 14.866 1
      vertex 0.61731 14.9239 0
      vertex 0.499985 14.866 0
    endloop
  endfacet
  facet normal -0.55523 0.831697 0
    outer loop
      vertex 0.499985 14.866 0
      vertex 0.391235 14.7934 1
      vertex 0.499985 14.866 1
    endloop
  endfacet
  facet normal -0.55523 0.831697 0
    outer loop
      vertex 0.391235 14.7934 1
      vertex 0.499985 14.866 0
      vertex 0.391235 14.7934 0
    endloop
  endfacet
  facet normal -0.659586 0.751629 0
    outer loop
      vertex 0.391235 14.7934 0
      vertex 0.292892 14.7071 1
      vertex 0.391235 14.7934 1
    endloop
  endfacet
  facet normal -0.659586 0.751629 0
    outer loop
      vertex 0.292892 14.7071 1
      vertex 0.391235 14.7934 0
      vertex 0.292892 14.7071 0
    endloop
  endfacet
  facet normal -0.751982 0.659184 0
    outer loop
      vertex 0.206635 14.6087 0
      vertex 0.292892 14.7071 1
      vertex 0.292892 14.7071 0
    endloop
  endfacet
  facet normal -0.751982 0.659184 0
    outer loop
      vertex 0.292892 14.7071 1
      vertex 0.206635 14.6087 0
      vertex 0.206635 14.6087 1
    endloop
  endfacet
  facet normal -0.831357 0.555739 0
    outer loop
      vertex 0.133972 14.5 0
      vertex 0.206635 14.6087 1
      vertex 0.206635 14.6087 0
    endloop
  endfacet
  facet normal -0.831357 0.555739 0
    outer loop
      vertex 0.206635 14.6087 1
      vertex 0.133972 14.5 0
      vertex 0.133972 14.5 1
    endloop
  endfacet
  facet normal -0.896827 0.442382 0
    outer loop
      vertex 0.0761108 14.3827 0
      vertex 0.133972 14.5 1
      vertex 0.133972 14.5 0
    endloop
  endfacet
  facet normal -0.896827 0.442382 0
    outer loop
      vertex 0.133972 14.5 1
      vertex 0.0761108 14.3827 0
      vertex 0.0761108 14.3827 1
    endloop
  endfacet
  facet normal -0.946978 0.321299 0
    outer loop
      vertex 0.0340729 14.2588 0
      vertex 0.0761108 14.3827 1
      vertex 0.0761108 14.3827 0
    endloop
  endfacet
  facet normal -0.946978 0.321299 0
    outer loop
      vertex 0.0761108 14.3827 1
      vertex 0.0340729 14.2588 0
      vertex 0.0340729 14.2588 1
    endloop
  endfacet
  facet normal -0.980774 0.195146 0
    outer loop
      vertex 0.00854492 14.1305 0
      vertex 0.0340729 14.2588 1
      vertex 0.0340729 14.2588 0
    endloop
  endfacet
  facet normal -0.980774 0.195146 0
    outer loop
      vertex 0.0340729 14.2588 1
      vertex 0.00854492 14.1305 0
      vertex 0.00854492 14.1305 1
    endloop
  endfacet
  facet normal -0.997863 0.0653384 0
    outer loop
      vertex 0 14 0
      vertex 0.00854492 14.1305 1
      vertex 0.00854492 14.1305 0
    endloop
  endfacet
  facet normal -0.997863 0.0653384 0
    outer loop
      vertex 0.00854492 14.1305 1
      vertex 0 14 0
      vertex 0 14 1
    endloop
  endfacet
  facet normal -1 0 0
    outer loop
      vertex 0 11.5 0
      vertex 0 14 1
      vertex 0 14 0
    endloop
  endfacet
  facet normal -1 0 0
    outer loop
      vertex 0 11.5 0
      vertex 0 11.5 1
      vertex 0 14 1
    endloop
  endfacet
  facet normal -1 0 0
    outer loop
      vertex 0 11.5 0
      vertex 0 11.4673 1.00108
      vertex 0 11.5 1
    endloop
  endfacet
  facet normal -1 0 0
    outer loop
      vertex 0 11.4019 0.0032196
      vertex 0 11.4673 1.00108
      vertex 0 11.5 0
    endloop
  endfacet
  facet normal -1 -0 0
    outer loop
      vertex 0 11.4673 1.00108
      vertex 0 11.4019 0.0032196
      vertex 0 11.4347 1.00429
    endloop
  endfacet
  facet normal -1 0 0
    outer loop
      vertex 0 11.3042 0.0128479
      vertex 0 11.4347 1.00429
      vertex 0 11.4019 0.0032196
    endloop
  endfacet
  facet normal -1 -0 0
    outer loop
      vertex 0 11.4347 1.00429
      vertex 0 11.3042 0.0128479
      vertex 0 11.4025 1.00961
    endloop
  endfacet
  facet normal -1 0 0
    outer loop
      vertex 0 11.2074 0.0288239
      vertex 0 11.4025 1.00961
      vertex 0 11.3042 0.0128479
    endloop
  endfacet
  facet normal -1 -0 0
    outer loop
      vertex 0 11.4025 1.00961
      vertex 0 11.2074 0.0288239
      vertex 0 11.3706 1.01704
    endloop
  endfacet
  facet normal -1 0 0
    outer loop
      vertex 0 11.1118 0.0511169
      vertex 0 11.3706 1.01704
      vertex 0 11.2074 0.0288239
    endloop
  endfacet
  facet normal -1 -0 0
    outer loop
      vertex 0 11.3706 1.01704
      vertex 0 11.1118 0.0511169
      vertex 0 11.3393 1.02654
    endloop
  endfacet
  facet normal -1 0 0
    outer loop
      vertex 0 11.0179 0.0796051
      vertex 0 11.3393 1.02654
      vertex 0 11.1118 0.0511169
    endloop
  endfacet
  facet normal -1 -0 0
    outer loop
      vertex 0 11.3393 1.02654
      vertex 0 11.0179 0.0796051
      vertex 0 11.3087 1.03807
    endloop
  endfacet
  facet normal -1 0 0
    outer loop
      vertex 0 10.926 0.114182
      vertex 0 11.3087 1.03807
      vertex 0 11.0179 0.0796051
    endloop
  endfacet
  facet normal -1 -0 0
    outer loop
      vertex 0 11.3087 1.03807
      vertex 0 10.926 0.114182
      vertex 0 11.2789 1.05157
    endloop
  endfacet
  facet normal -1 0 0
    outer loop
      vertex 0 10.8366 0.154694
      vertex 0 11.2789 1.05157
      vertex 0 10.926 0.114182
    endloop
  endfacet
  facet normal -1 -0 0
    outer loop
      vertex 0 11.2789 1.05157
      vertex 0 10.8366 0.154694
      vertex 0 11.25 1.067
    endloop
  endfacet
  facet normal -1 0 0
    outer loop
      vertex 0 10.75 0.200974
      vertex 0 11.25 1.067
      vertex 0 10.8366 0.154694
    endloop
  endfacet
  facet normal -1 -0 0
    outer loop
      vertex 0 11.25 1.067
      vertex 0 10.75 0.200974
      vertex 0 11.2222 1.08427
    endloop
  endfacet
  facet normal -1 0 0
    outer loop
      vertex 0 10.6667 0.252808
      vertex 0 11.2222 1.08427
      vertex 0 10.75 0.200974
    endloop
  endfacet
  facet normal -1 -0 0
    outer loop
      vertex 0 11.2222 1.08427
      vertex 0 10.6667 0.252808
      vertex 0 11.1956 1.10333
    endloop
  endfacet
  facet normal -1 0 0
    outer loop
      vertex 0 10.5869 0.309982
      vertex 0 11.1956 1.10333
      vertex 0 10.6667 0.252808
    endloop
  endfacet
  facet normal -1 -0 0
    outer loop
      vertex 0 11.1956 1.10333
      vertex 0 10.5869 0.309982
      vertex 0 11.1703 1.12408
    endloop
  endfacet
  facet normal -1 0 0
    outer loop
      vertex 0 10.511 0.372253
      vertex 0 11.1703 1.12408
      vertex 0 10.5869 0.309982
    endloop
  endfacet
  facet normal -1 -0 0
    outer loop
      vertex 0 11.1703 1.12408
      vertex 0 10.511 0.372253
      vertex 0 11.1465 1.14645
    endloop
  endfacet
  facet normal -1 0 0
    outer loop
      vertex 0 10.4393 0.439346
      vertex 0 11.1465 1.14645
      vertex 0 10.511 0.372253
    endloop
  endfacet
  facet normal -1 -0 0
    outer loop
      vertex 0 11.1465 1.14645
      vertex 0 10.4393 0.439346
      vertex 0 11.1241 1.17033
    endloop
  endfacet
  facet normal -1 0 0
    outer loop
      vertex 0 10.3723 0.510986
      vertex 0 11.1241 1.17033
      vertex 0 10.4393 0.439346
    endloop
  endfacet
  facet normal -1 -0 0
    outer loop
      vertex 0 11.1241 1.17033
      vertex 0 10.3723 0.510986
      vertex 0 11.1033 1.19563
    endloop
  endfacet
  facet normal -1 0 0
    outer loop
      vertex 0 10.31 0.586868
      vertex 0 11.1033 1.19563
      vertex 0 10.3723 0.510986
    endloop
  endfacet
  facet normal -1 -0 0
    outer loop
      vertex 0 11.1033 1.19563
      vertex 0 10.31 0.586868
      vertex 0 11.0843 1.22223
    endloop
  endfacet
  facet normal -1 0 0
    outer loop
      vertex 0 11.0096 1.40247
      vertex 0 11.0076 1.41318
      vertex 0 11.0078 1.41322
    endloop
  endfacet
  facet normal -1 0 0
    outer loop
      vertex 0 10.2528 0.666656
      vertex 0 11.0843 1.22223
      vertex 0 10.31 0.586868
    endloop
  endfacet
  facet normal -1 -0 0
    outer loop
      vertex 0 11.0843 1.22223
      vertex 0 10.2528 0.666656
      vertex 0 11.067 1.25
    endloop
  endfacet
  facet normal -1 0 0
    outer loop
      vertex 0 10.201 0.75
      vertex 0 11.067 1.25
      vertex 0 10.2528 0.666656
    endloop
  endfacet
  facet normal -1 -0 0
    outer loop
      vertex 0 11.067 1.25
      vertex 0 10.201 0.75
      vertex 0 11.0516 1.27887
    endloop
  endfacet
  facet normal -1 0 0
    outer loop
      vertex 0 10.1547 0.836578
      vertex 0 11.0516 1.27887
      vertex 0 10.201 0.75
    endloop
  endfacet
  facet normal -1 -0 0
    outer loop
      vertex 0 11.0516 1.27887
      vertex 0 10.1547 0.836578
      vertex 0 11.0381 1.30867
    endloop
  endfacet
  facet normal -1 0 0
    outer loop
      vertex 0 10.1142 0.92598
      vertex 0 11.0381 1.30867
      vertex 0 10.1547 0.836578
    endloop
  endfacet
  facet normal -1 -0 0
    outer loop
      vertex 0 11.0381 1.30867
      vertex 0 10.1142 0.92598
      vertex 0 11.0265 1.33929
    endloop
  endfacet
  facet normal -1 0 0
    outer loop
      vertex 0 10.0796 1.01785
      vertex 0 11.0265 1.33929
      vertex 0 10.1142 0.92598
    endloop
  endfacet
  facet normal -1 -0 0
    outer loop
      vertex 0 11.0265 1.33929
      vertex 0 10.0796 1.01785
      vertex 0 11.017 1.37061
    endloop
  endfacet
  facet normal -1 0 0
    outer loop
      vertex 0 10.0511 1.11179
      vertex 0 11.017 1.37061
      vertex 0 10.0796 1.01785
    endloop
  endfacet
  facet normal -1 -0 0
    outer loop
      vertex 0 11.017 1.37061
      vertex 0 10.0511 1.11179
      vertex 0 11.0096 1.40247
    endloop
  endfacet
  facet normal -1 0 0
    outer loop
      vertex 0 10.0288 1.20737
      vertex 0 11.0096 1.40247
      vertex 0 10.0511 1.11179
    endloop
  endfacet
  facet normal -1 0 0
    outer loop
      vertex 0 10.0235 1.23964
      vertex 0 11.0096 1.40247
      vertex 0 10.0288 1.20737
    endloop
  endfacet
  facet normal -1 -0 0
    outer loop
      vertex 0 11.0096 1.40247
      vertex 0 10.0235 1.23964
      vertex 0 11.0076 1.41318
    endloop
  endfacet
  facet normal -1 -0 0
    outer loop
      vertex 0 11.0076 1.41318
      vertex 0 10.0235 1.23964
      vertex 0 10.5722 3.88266
    endloop
  endfacet
  facet normal -1 0 0
    outer loop
      vertex 0 9.58734 3.70901
      vertex 0 10.0235 1.23964
      vertex 0 10.0228 1.23952
    endloop
  endfacet
  facet normal -1 0 0
    outer loop
      vertex 0 10.0235 1.23964
      vertex 0 9.58734 3.70901
      vertex 0 10.5722 3.88266
    endloop
  endfacet
  facet normal -0.5547 -0.83205 0
    outer loop
      vertex 30.5115 8.99229 0
      vertex 42.4884 1.00769 1
      vertex 30.5115 8.99229 1
    endloop
  endfacet
  facet normal -0.5547 -0.83205 -0
    outer loop
      vertex 42.4884 1.00769 1
      vertex 30.5115 8.99229 0
      vertex 42.4884 1.00769 0
    endloop
  endfacet
  facet normal -0.534035 -0.845462 0
    outer loop
      vertex 42.4884 1.00769 0
      vertex 42.737 0.850662 1
      vertex 42.4884 1.00769 1
    endloop
  endfacet
  facet normal -0.534035 -0.845462 -0
    outer loop
      vertex 42.737 0.850662 1
      vertex 42.4884 1.00769 0
      vertex 42.737 0.850662 0
    endloop
  endfacet
  facet normal -0.492093 -0.870543 0
    outer loop
      vertex 42.737 0.850662 0
      vertex 42.9929 0.706009 1
      vertex 42.737 0.850662 1
    endloop
  endfacet
  facet normal -0.492093 -0.870543 -0
    outer loop
      vertex 42.9929 0.706009 1
      vertex 42.737 0.850662 0
      vertex 42.9929 0.706009 0
    endloop
  endfacet
  facet normal -0.448867 -0.893598 0
    outer loop
      vertex 42.9929 0.706009 0
      vertex 43.2556 0.574051 1
      vertex 42.9929 0.706009 1
    endloop
  endfacet
  facet normal -0.448867 -0.893598 -0
    outer loop
      vertex 43.2556 0.574051 1
      vertex 42.9929 0.706009 0
      vertex 43.2556 0.574051 0
    endloop
  endfacet
  facet normal -0.404647 -0.914473 0
    outer loop
      vertex 43.2556 0.574051 0
      vertex 43.5244 0.455109 1
      vertex 43.2556 0.574051 1
    endloop
  endfacet
  facet normal -0.404647 -0.914473 -0
    outer loop
      vertex 43.5244 0.455109 1
      vertex 43.2556 0.574051 0
      vertex 43.5244 0.455109 0
    endloop
  endfacet
  facet normal -0.359179 -0.933269 0
    outer loop
      vertex 43.5244 0.455109 0
      vertex 43.7988 0.349503 1
      vertex 43.5244 0.455109 1
    endloop
  endfacet
  facet normal -0.359179 -0.933269 -0
    outer loop
      vertex 43.7988 0.349503 1
      vertex 43.5244 0.455109 0
      vertex 43.7988 0.349503 0
    endloop
  endfacet
  facet normal -0.313236 -0.949675 0
    outer loop
      vertex 43.7988 0.349503 0
      vertex 44.0779 0.257446 1
      vertex 43.7988 0.349503 1
    endloop
  endfacet
  facet normal -0.313236 -0.949675 -0
    outer loop
      vertex 44.0779 0.257446 1
      vertex 43.7988 0.349503 0
      vertex 44.0779 0.257446 0
    endloop
  endfacet
  facet normal -0.266238 -0.963907 0
    outer loop
      vertex 44.0779 0.257446 0
      vertex 44.3613 0.179169 1
      vertex 44.0779 0.257446 1
    endloop
  endfacet
  facet normal -0.266238 -0.963907 -0
    outer loop
      vertex 44.3613 0.179169 1
      vertex 44.0779 0.257446 0
      vertex 44.3613 0.179169 0
    endloop
  endfacet
  facet normal -0.218698 -0.975793 0
    outer loop
      vertex 44.3613 0.179169 0
      vertex 44.6482 0.114868 1
      vertex 44.3613 0.179169 1
    endloop
  endfacet
  facet normal -0.218698 -0.975793 -0
    outer loop
      vertex 44.6482 0.114868 1
      vertex 44.3613 0.179169 0
      vertex 44.6482 0.114868 0
    endloop
  endfacet
  facet normal -0.170699 -0.985323 0
    outer loop
      vertex 44.6482 0.114868 0
      vertex 44.9378 0.0646973 1
      vertex 44.6482 0.114868 1
    endloop
  endfacet
  facet normal -0.170699 -0.985323 -0
    outer loop
      vertex 44.9378 0.0646973 1
      vertex 44.6482 0.114868 0
      vertex 44.9378 0.0646973 0
    endloop
  endfacet
  facet normal -0.122173 -0.992509 0
    outer loop
      vertex 44.9378 0.0646973 0
      vertex 45.2296 0.0287781 1
      vertex 44.9378 0.0646973 1
    endloop
  endfacet
  facet normal -0.122173 -0.992509 -0
    outer loop
      vertex 45.2296 0.0287781 1
      vertex 44.9378 0.0646973 0
      vertex 45.2296 0.0287781 0
    endloop
  endfacet
  facet normal -0.073441 -0.9973 0
    outer loop
      vertex 45.2296 0.0287781 0
      vertex 45.5228 0.00718689 1
      vertex 45.2296 0.0287781 1
    endloop
  endfacet
  facet normal -0.073441 -0.9973 -0
    outer loop
      vertex 45.5228 0.00718689 1
      vertex 45.2296 0.0287781 0
      vertex 45.5228 0.00718689 0
    endloop
  endfacet
  facet normal -0.0244462 -0.999701 0
    outer loop
      vertex 45.5228 0.00718689 0
      vertex 45.8167 0 1
      vertex 45.5228 0.00718689 1
    endloop
  endfacet
  facet normal -0.0244462 -0.999701 -0
    outer loop
      vertex 45.8167 0 1
      vertex 45.5228 0.00718689 0
      vertex 45.8167 0 0
    endloop
  endfacet
  facet normal 0 -1 0
    outer loop
      vertex 112.5 0 0
      vertex 112.5 0 1
      vertex 45.8167 0 1
    endloop
  endfacet
  facet normal -0 -1 0
    outer loop
      vertex 112.598 0 0.0032196
      vertex 112.5 0 1
      vertex 112.5 0 0
    endloop
  endfacet
  facet normal 0 -1 0
    outer loop
      vertex 112.5 0 1
      vertex 113.845 0 0.836578
      vertex 113.886 0 0.92598
    endloop
  endfacet
  facet normal 0 -1 0
    outer loop
      vertex 112.5 0 1
      vertex 113.799 0 0.75
      vertex 113.845 0 0.836578
    endloop
  endfacet
  facet normal 0 -1 0
    outer loop
      vertex 112.5 0 1
      vertex 113.747 0 0.666656
      vertex 113.799 0 0.75
    endloop
  endfacet
  facet normal 0 -1 0
    outer loop
      vertex 112.5 0 1
      vertex 113.69 0 0.586868
      vertex 113.747 0 0.666656
    endloop
  endfacet
  facet normal 0 -1 0
    outer loop
      vertex 112.5 0 1
      vertex 113.628 0 0.510986
      vertex 113.69 0 0.586868
    endloop
  endfacet
  facet normal 0 -1 0
    outer loop
      vertex 112.5 0 1
      vertex 113.561 0 0.439346
      vertex 113.628 0 0.510986
    endloop
  endfacet
  facet normal 0 -1 0
    outer loop
      vertex 112.5 0 1
      vertex 113.489 0 0.372253
      vertex 113.561 0 0.439346
    endloop
  endfacet
  facet normal 0 -1 0
    outer loop
      vertex 112.5 0 1
      vertex 113.413 0 0.309982
      vertex 113.489 0 0.372253
    endloop
  endfacet
  facet normal 0 -1 0
    outer loop
      vertex 112.5 0 1
      vertex 113.333 0 0.252808
      vertex 113.413 0 0.309982
    endloop
  endfacet
  facet normal 0 -1 0
    outer loop
      vertex 112.5 0 1
      vertex 113.25 0 0.200974
      vertex 113.333 0 0.252808
    endloop
  endfacet
  facet normal 0 -1 0
    outer loop
      vertex 112.5 0 1
      vertex 113.163 0 0.154694
      vertex 113.25 0 0.200974
    endloop
  endfacet
  facet normal 0 -1 0
    outer loop
      vertex 112.5 0 1
      vertex 113.074 0 0.114182
      vertex 113.163 0 0.154694
    endloop
  endfacet
  facet normal 0 -1 0
    outer loop
      vertex 112.5 0 1
      vertex 112.982 0 0.0796051
      vertex 113.074 0 0.114182
    endloop
  endfacet
  facet normal 0 -1 0
    outer loop
      vertex 112.5 0 1
      vertex 112.888 0 0.0511169
      vertex 112.982 0 0.0796051
    endloop
  endfacet
  facet normal 0 -1 0
    outer loop
      vertex 112.5 0 1
      vertex 112.793 0 0.0288239
      vertex 112.888 0 0.0511169
    endloop
  endfacet
  facet normal 0 -1 0
    outer loop
      vertex 112.5 0 1
      vertex 112.696 0 0.0128479
      vertex 112.793 0 0.0288239
    endloop
  endfacet
  facet normal 0 -1 0
    outer loop
      vertex 112.5 0 0
      vertex 45.8167 0 1
      vertex 45.8167 0 0
    endloop
  endfacet
  facet normal 0 -1 0
    outer loop
      vertex 112.5 0 1
      vertex 112.598 0 0.0032196
      vertex 112.696 0 0.0128479
    endloop
  endfacet
  facet normal 0 -1 0
    outer loop
      vertex 113 0 1.5
      vertex 114 0 16.5
      vertex 113 0 16.5
    endloop
  endfacet
  facet normal 0 -1 0
    outer loop
      vertex 113 0 1.5
      vertex 114 0 1.5
      vertex 114 0 16.5
    endloop
  endfacet
  facet normal 0 -1 0
    outer loop
      vertex 112.999 0 1.4673
      vertex 114 0 1.5
      vertex 113 0 1.5
    endloop
  endfacet
  facet normal 0 -1 0
    outer loop
      vertex 113.997 0 1.4019
      vertex 112.999 0 1.4673
      vertex 112.996 0 1.43474
    endloop
  endfacet
  facet normal 0 -1 0
    outer loop
      vertex 113.987 0 1.30421
      vertex 112.996 0 1.43474
      vertex 112.99 0 1.40247
    endloop
  endfacet
  facet normal 0 -1 0
    outer loop
      vertex 112.999 0 1.4673
      vertex 113.997 0 1.4019
      vertex 114 0 1.5
    endloop
  endfacet
  facet normal 0 -1 0
    outer loop
      vertex 113.971 0 1.20737
      vertex 112.99 0 1.40247
      vertex 112.983 0 1.37061
    endloop
  endfacet
  facet normal 0 -1 0
    outer loop
      vertex 113.949 0 1.11179
      vertex 112.983 0 1.37061
      vertex 112.973 0 1.33929
    endloop
  endfacet
  facet normal 0 -1 0
    outer loop
      vertex 113.92 0 1.01785
      vertex 112.973 0 1.33929
      vertex 112.962 0 1.30867
    endloop
  endfacet
  facet normal 0 -1 0
    outer loop
      vertex 112.996 0 1.43474
      vertex 113.987 0 1.30421
      vertex 113.997 0 1.4019
    endloop
  endfacet
  facet normal 0 -1 0
    outer loop
      vertex 113.886 0 0.92598
      vertex 112.962 0 1.30867
      vertex 112.948 0 1.27887
    endloop
  endfacet
  facet normal 0 -1 0
    outer loop
      vertex 113.886 0 0.92598
      vertex 112.948 0 1.27887
      vertex 112.933 0 1.25
    endloop
  endfacet
  facet normal 0 -1 0
    outer loop
      vertex 113.886 0 0.92598
      vertex 112.933 0 1.25
      vertex 112.916 0 1.22223
    endloop
  endfacet
  facet normal 0 -1 0
    outer loop
      vertex 112.99 0 1.40247
      vertex 113.971 0 1.20737
      vertex 113.987 0 1.30421
    endloop
  endfacet
  facet normal 0 -1 0
    outer loop
      vertex 113.886 0 0.92598
      vertex 112.916 0 1.22223
      vertex 112.897 0 1.19563
    endloop
  endfacet
  facet normal 0 -1 0
    outer loop
      vertex 113.886 0 0.92598
      vertex 112.897 0 1.19563
      vertex 112.876 0 1.17033
    endloop
  endfacet
  facet normal 0 -1 0
    outer loop
      vertex 113.886 0 0.92598
      vertex 112.876 0 1.17033
      vertex 112.854 0 1.14645
    endloop
  endfacet
  facet normal 0 -1 0
    outer loop
      vertex 113.886 0 0.92598
      vertex 112.854 0 1.14645
      vertex 112.83 0 1.12408
    endloop
  endfacet
  facet normal 0 -1 0
    outer loop
      vertex 112.983 0 1.37061
      vertex 113.949 0 1.11179
      vertex 113.971 0 1.20737
    endloop
  endfacet
  facet normal 0 -1 0
    outer loop
      vertex 113.886 0 0.92598
      vertex 112.83 0 1.12408
      vertex 112.804 0 1.10333
    endloop
  endfacet
  facet normal 0 -1 0
    outer loop
      vertex 113.886 0 0.92598
      vertex 112.804 0 1.10333
      vertex 112.778 0 1.08427
    endloop
  endfacet
  facet normal 0 -1 0
    outer loop
      vertex 113.886 0 0.92598
      vertex 112.778 0 1.08427
      vertex 112.75 0 1.067
    endloop
  endfacet
  facet normal 0 -1 0
    outer loop
      vertex 113.886 0 0.92598
      vertex 112.75 0 1.067
      vertex 112.721 0 1.05157
    endloop
  endfacet
  facet normal 0 -1 0
    outer loop
      vertex 113.886 0 0.92598
      vertex 112.721 0 1.05157
      vertex 112.691 0 1.03807
    endloop
  endfacet
  facet normal 0 -1 0
    outer loop
      vertex 113.886 0 0.92598
      vertex 112.691 0 1.03807
      vertex 112.661 0 1.02654
    endloop
  endfacet
  facet normal 0 -1 0
    outer loop
      vertex 112.973 0 1.33929
      vertex 113.92 0 1.01785
      vertex 113.949 0 1.11179
    endloop
  endfacet
  facet normal 0 -1 0
    outer loop
      vertex 113.886 0 0.92598
      vertex 112.661 0 1.02654
      vertex 112.629 0 1.01704
    endloop
  endfacet
  facet normal 0 -1 0
    outer loop
      vertex 113.886 0 0.92598
      vertex 112.629 0 1.01704
      vertex 112.598 0 1.00961
    endloop
  endfacet
  facet normal 0 -1 0
    outer loop
      vertex 113.886 0 0.92598
      vertex 112.598 0 1.00961
      vertex 112.565 0 1.00429
    endloop
  endfacet
  facet normal 0 -1 0
    outer loop
      vertex 113.886 0 0.92598
      vertex 112.565 0 1.00429
      vertex 112.533 0 1.00108
    endloop
  endfacet
  facet normal 0 -1 0
    outer loop
      vertex 113.886 0 0.92598
      vertex 112.533 0 1.00108
      vertex 112.5 0 1
    endloop
  endfacet
  facet normal 0 -1 0
    outer loop
      vertex 112.962 0 1.30867
      vertex 113.886 0 0.92598
      vertex 113.92 0 1.01785
    endloop
  endfacet
  facet normal -0.707107 0.707107 0
    outer loop
      vertex 86.5 6 0
      vertex 88 7.5 1
      vertex 88 7.5 0
    endloop
  endfacet
  facet normal -0.707107 0.707107 0
    outer loop
      vertex 88 7.5 1
      vertex 86.5 6 0
      vertex 86.5 6 1
    endloop
  endfacet
  facet normal 0.707107 0.707107 0
    outer loop
      vertex 76.5 6 1
      vertex 75 7.5 0
      vertex 75 7.5 1
    endloop
  endfacet
  facet normal 0.707107 0.707107 0
    outer loop
      vertex 75 7.5 0
      vertex 76.5 6 1
      vertex 76.5 6 0
    endloop
  endfacet
  facet normal 0 1 -0
    outer loop
      vertex 86.5 6 0
      vertex 76.5 6 1
      vertex 86.5 6 1
    endloop
  endfacet
  facet normal 0 1 0
    outer loop
      vertex 76.5 6 1
      vertex 86.5 6 0
      vertex 76.5 6 0
    endloop
  endfacet
  facet normal 0.00257698 0.00258909 -0.999993
    outer loop
      vertex 30.3732 10.7874 0
      vertex 30.3845 10.782 1.51389e-05
      vertex 30.3826 10.7829 1.25728e-05
    endloop
  endfacet
  facet normal -0.247492 -0.520191 -0.817404
    outer loop
      vertex 30.3845 10.782 1.51389e-05
      vertex 30.3732 10.7874 0
      vertex 30.3959 10.7766 0
    endloop
  endfacet
  facet normal -0.358394 -0.931622 0.0602923
    outer loop
      vertex 29.8695 11.0005 4.94473e-05
      vertex 29.9233 10.9798 0
      vertex 29.8773 10.9975 5.95108e-05
    endloop
  endfacet
  facet normal -0.238819 -0.618911 -0.748274
    outer loop
      vertex 29.9233 10.9798 0
      vertex 29.8695 11.0005 4.94473e-05
      vertex 29.8313 11.0153 0
    endloop
  endfacet
  facet normal -0.00104422 0.000693644 0.999999
    outer loop
      vertex 29.3445 11.1814 0
      vertex 29.3566 11.1777 1.52016e-05
      vertex 29.3546 11.1784 1.26276e-05
    endloop
  endfacet
  facet normal -0.0874105 -0.289772 -0.953096
    outer loop
      vertex 29.3566 11.1777 1.52016e-05
      vertex 29.3445 11.1814 0
      vertex 29.3687 11.1741 0
    endloop
  endfacet
  facet normal -0.0493861 -0.215686 -0.975213
    outer loop
      vertex 28.8152 11.3185 4.92006e-05
      vertex 28.8712 11.3059 0
      vertex 28.8233 11.3166 5.92246e-05
    endloop
  endfacet
  facet normal -0.205096 -0.912916 0.352874
    outer loop
      vertex 28.8712 11.3059 0
      vertex 28.8152 11.3185 4.92006e-05
      vertex 28.7755 11.3274 0
    endloop
  endfacet
  facet normal 0.000639328 -0.00392197 -0.999992
    outer loop
      vertex 28.2695 11.4205 0
      vertex 28.2818 11.4187 1.49234e-05
      vertex 28.2797 11.419 1.24042e-05
    endloop
  endfacet
  facet normal -0.130698 -0.889474 0.437897
    outer loop
      vertex 28.2818 11.4187 1.49234e-05
      vertex 28.2695 11.4205 0
      vertex 28.294 11.4169 0
    endloop
  endfacet
  facet normal -0.00260444 -0.0194076 0.999808
    outer loop
      vertex 27.6853 11.4815 0
      vertex 27.734 11.478 5.89209e-05
      vertex 27.7257 11.4786 4.89467e-05
    endloop
  endfacet
  facet normal -0.0554946 -0.761293 0.646029
    outer loop
      vertex 27.734 11.478 5.89209e-05
      vertex 27.6853 11.4815 0
      vertex 27.7827 11.4744 0
    endloop
  endfacet
  facet normal 0 -1 0
    outer loop
      vertex 27.1833 11.5 4.67935e-09
      vertex 27.1833 11.5 0
      vertex 27.1834 11.5 0
    endloop
  endfacet
  facet normal 1 0 0
    outer loop
      vertex 30.5115 10.7168 0
      vertex 30.5115 10.6064 0.0032196
      vertex 30.5115 10.6414 0.00219717
    endloop
  endfacet
  facet normal 1 0 0
    outer loop
      vertex 30.5115 10.6064 0.0032196
      vertex 30.5115 10.4964 0.0128479
      vertex 30.5115 10.5405 0.00898684
    endloop
  endfacet
  facet normal -1 0 0
    outer loop
      vertex 30.5115 8.99229 0
      vertex 30.5115 10.1481 0.0883197
      vertex 30.5115 10.1742 0.0796051
    endloop
  endfacet
  facet normal -1 0 0
    outer loop
      vertex 30.5115 8.99229 0
      vertex 30.5115 9.88764 0.193909
      vertex 30.5115 9.96291 0.158152
    endloop
  endfacet
  facet normal -1 0 0
    outer loop
      vertex 30.5115 8.99229 0
      vertex 30.5115 9.96291 0.158152
      vertex 30.5115 9.97019 0.154694
    endloop
  endfacet
  facet normal -1 -0 0
    outer loop
      vertex 30.5115 9.88764 0.193909
      vertex 30.5115 8.99229 0
      vertex 30.5115 9.87353 0.200334
    endloop
  endfacet
  facet normal -1 0 0
    outer loop
      vertex 30.5115 8.99229 0
      vertex 30.5115 9.78438 0.247494
      vertex 30.5115 9.87213 0.200974
    endloop
  endfacet
  facet normal -1 0 0
    outer loop
      vertex 30.5115 8.99229 0
      vertex 30.5115 9.32869 0.619294
      vertex 30.5115 9.35595 0.586868
    endloop
  endfacet
  facet normal -1 0 0
    outer loop
      vertex 30.5115 8.99229 0
      vertex 30.5115 10.6064 0.0032196
      vertex 30.5115 10.7168 0
    endloop
  endfacet
  facet normal -1 0 0
    outer loop
      vertex 30.5115 8.99229 0
      vertex 30.5115 10.4964 0.0128479
      vertex 30.5115 10.6064 0.0032196
    endloop
  endfacet
  facet normal -1 0 0
    outer loop
      vertex 30.5115 8.99229 0
      vertex 30.5115 10.4404 0.021059
      vertex 30.5115 10.4964 0.0128479
    endloop
  endfacet
  facet normal -1 0 0
    outer loop
      vertex 30.5115 8.99229 0
      vertex 30.5115 10.3874 0.0288239
      vertex 30.5115 10.4404 0.021059
    endloop
  endfacet
  facet normal -1 0 0
    outer loop
      vertex 30.5115 8.99229 0
      vertex 30.5115 10.3415 0.0383569
      vertex 30.5115 10.3874 0.0288239
    endloop
  endfacet
  facet normal -1 0 0
    outer loop
      vertex 30.5115 8.99229 0
      vertex 30.5115 10.2799 0.0511169
      vertex 30.5115 10.3415 0.0383569
    endloop
  endfacet
  facet normal -1 0 0
    outer loop
      vertex 30.5115 8.99229 0
      vertex 30.5115 10.2439 0.0608091
      vertex 30.5115 10.2799 0.0511169
    endloop
  endfacet
  facet normal -1 0 0
    outer loop
      vertex 30.5115 8.99229 0
      vertex 30.5115 10.1742 0.0796051
      vertex 30.5115 10.2439 0.0608091
    endloop
  endfacet
  facet normal -1 -0 0
    outer loop
      vertex 30.5115 10.1481 0.0883197
      vertex 30.5115 8.99229 0
      vertex 30.5115 10.0708 0.114182
    endloop
  endfacet
  facet normal -1 0 0
    outer loop
      vertex 30.5115 8.99229 0
      vertex 30.5115 10.0544 0.120802
      vertex 30.5115 10.0708 0.114182
    endloop
  endfacet
  facet normal -1 0 0
    outer loop
      vertex 30.5115 8.99229 0
      vertex 30.5115 9.97019 0.154694
      vertex 30.5115 10.0544 0.120802
    endloop
  endfacet
  facet normal -1 -0 0
    outer loop
      vertex 30.5115 9.87353 0.200334
      vertex 30.5115 8.99229 0
      vertex 30.5115 9.87213 0.200974
    endloop
  endfacet
  facet normal -1 -0 0
    outer loop
      vertex 30.5115 9.78438 0.247494
      vertex 30.5115 8.99229 0
      vertex 30.5115 9.77436 0.252808
    endloop
  endfacet
  facet normal -1 0 0
    outer loop
      vertex 30.5115 8.99229 0
      vertex 30.5115 9.69855 0.299115
      vertex 30.5115 9.77436 0.252808
    endloop
  endfacet
  facet normal -1 0 0
    outer loop
      vertex 30.5115 8.99229 0
      vertex 30.5115 9.68076 0.309982
      vertex 30.5115 9.69855 0.299115
    endloop
  endfacet
  facet normal -1 0 0
    outer loop
      vertex 30.5115 8.99229 0
      vertex 30.5115 9.61632 0.355065
      vertex 30.5115 9.68076 0.309982
    endloop
  endfacet
  facet normal -1 0 0
    outer loop
      vertex 30.5115 8.99229 0
      vertex 30.5115 9.59175 0.372253
      vertex 30.5115 9.61632 0.355065
    endloop
  endfacet
  facet normal -1 0 0
    outer loop
      vertex 30.5115 8.99229 0
      vertex 30.5115 9.53795 0.415199
      vertex 30.5115 9.59175 0.372253
    endloop
  endfacet
  facet normal -1 0 0
    outer loop
      vertex 30.5115 8.99229 0
      vertex 30.5115 9.5077 0.439346
      vertex 30.5115 9.53795 0.415199
    endloop
  endfacet
  facet normal -1 0 0
    outer loop
      vertex 30.5115 8.99229 0
      vertex 30.5115 9.46372 0.479382
      vertex 30.5115 9.5077 0.439346
    endloop
  endfacet
  facet normal -1 0 0
    outer loop
      vertex 30.5115 8.99229 0
      vertex 30.5115 9.429 0.510986
      vertex 30.5115 9.46372 0.479382
    endloop
  endfacet
  facet normal -1 0 0
    outer loop
      vertex 30.5115 8.99229 0
      vertex 30.5115 9.39388 0.547467
      vertex 30.5115 9.429 0.510986
    endloop
  endfacet
  facet normal -1 0 0
    outer loop
      vertex 30.5115 8.99229 0
      vertex 30.5115 9.35595 0.586868
      vertex 30.5115 9.39388 0.547467
    endloop
  endfacet
  facet normal -1 -0 0
    outer loop
      vertex 30.5115 9.32869 0.619294
      vertex 30.5115 8.99229 0
      vertex 30.5115 9.28888 0.666656
    endloop
  endfacet
  facet normal -1 0 0
    outer loop
      vertex 30.5115 8.99229 0
      vertex 30.5115 9.26842 0.694691
      vertex 30.5115 9.28888 0.666656
    endloop
  endfacet
  facet normal -1 0 0
    outer loop
      vertex 30.5115 8.99229 0
      vertex 30.5115 9.22807 0.75
      vertex 30.5115 9.26842 0.694691
    endloop
  endfacet
  facet normal -1 0 0
    outer loop
      vertex 30.5115 8.99229 0
      vertex 30.5115 9.21334 0.773489
      vertex 30.5115 9.22807 0.75
    endloop
  endfacet
  facet normal -1 0 0
    outer loop
      vertex 30.5115 8.99229 0
      vertex 30.5115 9.17378 0.836578
      vertex 30.5115 9.21334 0.773489
    endloop
  endfacet
  facet normal -1 0 0
    outer loop
      vertex 30.5115 8.99229 1
      vertex 30.5115 9.17378 0.836578
      vertex 30.5115 8.99229 0
    endloop
  endfacet
  facet normal -1 0 0
    outer loop
      vertex 30.5115 9.17378 0.836578
      vertex 30.5115 8.99229 1
      vertex 30.5115 9.16371 0.855513
    endloop
  endfacet
  facet normal -1 0 0
    outer loop
      vertex 30.5115 9.16371 0.855513
      vertex 30.5115 8.99229 1
      vertex 30.5115 9.12625 0.92598
    endloop
  endfacet
  facet normal -1 0 0
    outer loop
      vertex 30.5115 9.12625 0.92598
      vertex 30.5115 8.99229 1
      vertex 30.5115 9.11983 0.940538
    endloop
  endfacet
  facet normal -1 0 0
    outer loop
      vertex 30.5115 9.11983 0.940538
      vertex 30.5115 8.99229 1
      vertex 30.5115 9.09357 1
    endloop
  endfacet
  facet normal -0 0.163008 0.986625
    outer loop
      vertex 0 11.4347 1.00429
      vertex 27.1833 11.4025 1.00961
      vertex 27.1833 11.4347 1.00429
    endloop
  endfacet
  facet normal 0 0.163008 0.986625
    outer loop
      vertex 27.1833 11.4025 1.00961
      vertex 0 11.4347 1.00429
      vertex 0 11.4025 1.00961
    endloop
  endfacet
  facet normal -0 0.226844 0.973931
    outer loop
      vertex 0 11.4025 1.00961
      vertex 27.1833 11.3706 1.01704
      vertex 27.1833 11.4025 1.00961
    endloop
  endfacet
  facet normal 0 0.226844 0.973931
    outer loop
      vertex 27.1833 11.3706 1.01704
      vertex 0 11.4025 1.00961
      vertex 0 11.3706 1.01704
    endloop
  endfacet
  facet normal -0 0.290432 0.956896
    outer loop
      vertex 0 11.3706 1.01704
      vertex 27.1833 11.3393 1.02654
      vertex 27.1833 11.3706 1.01704
    endloop
  endfacet
  facet normal 0 0.290432 0.956896
    outer loop
      vertex 27.1833 11.3393 1.02654
      vertex 0 11.3706 1.01704
      vertex 0 11.3393 1.02654
    endloop
  endfacet
  facet normal -0 0.352598 0.935775
    outer loop
      vertex 0 11.3393 1.02654
      vertex 27.1833 11.3087 1.03807
      vertex 27.1833 11.3393 1.02654
    endloop
  endfacet
  facet normal 0 0.352598 0.935775
    outer loop
      vertex 27.1833 11.3087 1.03807
      vertex 0 11.3393 1.02654
      vertex 0 11.3087 1.03807
    endloop
  endfacet
  facet normal -0 0.412651 0.910889
    outer loop
      vertex 0 11.3087 1.03807
      vertex 27.1833 11.2789 1.05157
      vertex 27.1833 11.3087 1.03807
    endloop
  endfacet
  facet normal 0 0.412651 0.910889
    outer loop
      vertex 27.1833 11.2789 1.05157
      vertex 0 11.3087 1.03807
      vertex 0 11.2789 1.05157
    endloop
  endfacet
  facet normal -0 0.470984 0.882142
    outer loop
      vertex 0 11.2789 1.05157
      vertex 27.1833 11.25 1.067
      vertex 27.1833 11.2789 1.05157
    endloop
  endfacet
  facet normal 0 0.470984 0.882142
    outer loop
      vertex 27.1833 11.25 1.067
      vertex 0 11.2789 1.05157
      vertex 0 11.25 1.067
    endloop
  endfacet
  facet normal -0 0.52769 0.849437
    outer loop
      vertex 0 11.25 1.067
      vertex 27.1833 11.2222 1.08427
      vertex 27.1833 11.25 1.067
    endloop
  endfacet
  facet normal 0 0.52769 0.849437
    outer loop
      vertex 27.1833 11.2222 1.08427
      vertex 0 11.25 1.067
      vertex 0 11.2222 1.08427
    endloop
  endfacet
  facet normal -0 0.582452 0.812865
    outer loop
      vertex 0 11.2222 1.08427
      vertex 27.1833 11.1956 1.10333
      vertex 27.1833 11.2222 1.08427
    endloop
  endfacet
  facet normal 0 0.582452 0.812865
    outer loop
      vertex 27.1833 11.1956 1.10333
      vertex 0 11.2222 1.08427
      vertex 0 11.1956 1.10333
    endloop
  endfacet
  facet normal -0 0.634153 0.773208
    outer loop
      vertex 0 11.1956 1.10333
      vertex 27.1833 11.1703 1.12408
      vertex 27.1833 11.1956 1.10333
    endloop
  endfacet
  facet normal 0 0.634153 0.773208
    outer loop
      vertex 27.1833 11.1703 1.12408
      vertex 0 11.1956 1.10333
      vertex 0 11.1703 1.12408
    endloop
  endfacet
  facet normal -0 0.684878 0.728658
    outer loop
      vertex 0 11.1703 1.12408
      vertex 27.1833 11.1465 1.14645
      vertex 27.1833 11.1703 1.12408
    endloop
  endfacet
  facet normal 0 0.684878 0.728658
    outer loop
      vertex 27.1833 11.1465 1.14645
      vertex 0 11.1703 1.12408
      vertex 0 11.1465 1.14645
    endloop
  endfacet
  facet normal 0 0.729347 0.684144
    outer loop
      vertex 27.1833 11.1465 1.14645
      vertex 0 11.1241 1.17033
      vertex 27.1833 11.1241 1.17033
    endloop
  endfacet
  facet normal 0 0.729347 0.684144
    outer loop
      vertex 0 11.1241 1.17033
      vertex 27.1833 11.1465 1.14645
      vertex 0 11.1465 1.14645
    endloop
  endfacet
  facet normal 0 0.772459 0.635065
    outer loop
      vertex 27.1833 11.1241 1.17033
      vertex 0 11.1033 1.19563
      vertex 27.1833 11.1033 1.19563
    endloop
  endfacet
  facet normal 0 0.772459 0.635065
    outer loop
      vertex 0 11.1033 1.19563
      vertex 27.1833 11.1241 1.17033
      vertex 0 11.1241 1.17033
    endloop
  endfacet
  facet normal 0 0.813733 0.581238
    outer loop
      vertex 27.1833 11.1033 1.19563
      vertex 0 11.0843 1.22223
      vertex 27.1833 11.0843 1.22223
    endloop
  endfacet
  facet normal 0 0.813733 0.581238
    outer loop
      vertex 0 11.0843 1.22223
      vertex 27.1833 11.1033 1.19563
      vertex 0 11.1033 1.19563
    endloop
  endfacet
  facet normal 0 0.84877 0.528762
    outer loop
      vertex 27.1833 11.0843 1.22223
      vertex 0 11.067 1.25
      vertex 27.1833 11.067 1.25
    endloop
  endfacet
  facet normal 0 0.84877 0.528762
    outer loop
      vertex 0 11.067 1.25
      vertex 27.1833 11.0843 1.22223
      vertex 0 11.0843 1.22223
    endloop
  endfacet
  facet normal 0 0.882319 0.470652
    outer loop
      vertex 27.1833 11.067 1.25
      vertex 0 11.0516 1.27887
      vertex 27.1833 11.0516 1.27887
    endloop
  endfacet
  facet normal 0 0.882319 0.470652
    outer loop
      vertex 0 11.0516 1.27887
      vertex 27.1833 11.067 1.25
      vertex 0 11.067 1.25
    endloop
  endfacet
  facet normal 0 0.910889 0.412651
    outer loop
      vertex 27.1833 11.0516 1.27887
      vertex 0 11.0381 1.30867
      vertex 27.1833 11.0381 1.30867
    endloop
  endfacet
  facet normal 0 0.910889 0.412651
    outer loop
      vertex 0 11.0381 1.30867
      vertex 27.1833 11.0516 1.27887
      vertex 0 11.0516 1.27887
    endloop
  endfacet
  facet normal 0 0.935144 0.354268
    outer loop
      vertex 27.1833 11.0381 1.30867
      vertex 0 11.0265 1.33929
      vertex 27.1833 11.0265 1.33929
    endloop
  endfacet
  facet normal 0 0.935144 0.354268
    outer loop
      vertex 0 11.0265 1.33929
      vertex 27.1833 11.0381 1.30867
      vertex 0 11.0381 1.30867
    endloop
  endfacet
  facet normal 0 0.956947 0.290262
    outer loop
      vertex 27.1833 11.0265 1.33929
      vertex 0 11.017 1.37061
      vertex 27.1833 11.017 1.37061
    endloop
  endfacet
  facet normal 0 0.956947 0.290262
    outer loop
      vertex 0 11.017 1.37061
      vertex 27.1833 11.0265 1.33929
      vertex 0 11.0265 1.33929
    endloop
  endfacet
  facet normal 0 0.974071 0.226244
    outer loop
      vertex 27.1833 11.017 1.37061
      vertex 0 11.0096 1.40247
      vertex 27.1833 11.0096 1.40247
    endloop
  endfacet
  facet normal 0 0.974071 0.226244
    outer loop
      vertex 0 11.0096 1.40247
      vertex 27.1833 11.017 1.37061
      vertex 0 11.017 1.37061
    endloop
  endfacet
  facet normal 0 0.98627 0.165143
    outer loop
      vertex 27.1833 11.0096 1.40247
      vertex 0 11.0078 1.41322
      vertex 27.1833 11.0078 1.41322
    endloop
  endfacet
  facet normal 0 0.98627 0.165143
    outer loop
      vertex 0 11.0078 1.41322
      vertex 27.1833 11.0096 1.40247
      vertex 0 11.0096 1.40247
    endloop
  endfacet
  facet normal 0 -0.196116 0.980581
    outer loop
      vertex 0 11.0078 1.41322
      vertex 27.1833 11.0076 1.41318
      vertex 27.1833 11.0078 1.41322
    endloop
  endfacet
  facet normal 0 -0.196116 0.980581
    outer loop
      vertex 27.1833 11.0076 1.41318
      vertex 0 11.0078 1.41322
      vertex 0 11.0076 1.41318
    endloop
  endfacet
  facet normal 0 0.98463 0.174652
    outer loop
      vertex 25.8751 10.502 4.28076
      vertex 0.499937 10.4866 4.36758
      vertex 25.8649 10.4866 4.36758
    endloop
  endfacet
  facet normal -3.47306e-06 0.984804 0.173668
    outer loop
      vertex 0 11.0076 1.41318
      vertex 0.499937 10.4866 4.36758
      vertex 25.8751 10.502 4.28076
    endloop
  endfacet
  facet normal 0.00020207 0.98481 0.173634
    outer loop
      vertex 0 10.5722 3.88266
      vertex 0.499937 10.4866 4.36758
      vertex 0 11.0076 1.41318
    endloop
  endfacet
  facet normal 0.000566802 0.984874 0.17327
    outer loop
      vertex 0.499937 10.4866 4.36758
      vertex 0 10.5722 3.88266
      vertex 0.467285 10.4868 4.36655
    endloop
  endfacet
  facet normal 0.00170384 0.98506 0.172204
    outer loop
      vertex 0.467285 10.4868 4.36655
      vertex 0 10.5722 3.88266
      vertex 0.434723 10.4874 4.36344
    endloop
  endfacet
  facet normal -0.000361027 0.984743 0.174015
    outer loop
      vertex 0.434723 10.4874 4.36344
      vertex 0 10.5722 3.88266
      vertex 0.402451 10.4883 4.35828
    endloop
  endfacet
  facet normal 0.00107619 0.98495 0.172836
    outer loop
      vertex 0.402451 10.4883 4.35828
      vertex 0 10.5722 3.88266
      vertex 0.37059 10.4896 4.35107
    endloop
  endfacet
  facet normal -0.0010605 0.984661 0.174475
    outer loop
      vertex 0.37059 10.4896 4.35107
      vertex 0 10.5722 3.88266
      vertex 0.339279 10.4912 4.34185
    endloop
  endfacet
  facet normal 0.00130497 0.98496 0.17278
    outer loop
      vertex 0.339279 10.4912 4.34185
      vertex 0 10.5722 3.88266
      vertex 0.308655 10.4932 4.33068
    endloop
  endfacet
  facet normal -0.000471213 0.984751 0.173967
    outer loop
      vertex 0.308655 10.4932 4.33068
      vertex 0 10.5722 3.88266
      vertex 0.278854 10.4955 4.31758
    endloop
  endfacet
  facet normal 0.000458204 0.984774 0.17384
    outer loop
      vertex 27.1833 11.0076 1.41318
      vertex 25.8751 10.502 4.28076
      vertex 26.0603 10.5028 4.27574
    endloop
  endfacet
  facet normal -5.72064e-07 0.984805 0.173666
    outer loop
      vertex 27.1833 11.0076 1.41318
      vertex 26.0603 10.5028 4.27574
      vertex 26.2694 10.5038 4.27007
    endloop
  endfacet
  facet normal -0.00195565 0.984586 0.17489
    outer loop
      vertex 0.278854 10.4955 4.31758
      vertex 0 10.5722 3.88266
      vertex 0.25 10.4981 4.30262
    endloop
  endfacet
  facet normal -5.77651e-05 0.984808 0.173648
    outer loop
      vertex 27.1833 11.0076 1.41318
      vertex 26.2694 10.5038 4.27007
      vertex 26.4572 10.5065 4.25482
    endloop
  endfacet
  facet normal 0.00246275 0.985035 0.172339
    outer loop
      vertex 0.25 10.4981 4.30262
      vertex 0 10.5722 3.88266
      vertex 0.222214 10.5011 4.28587
    endloop
  endfacet
  facet normal -0.000156052 0.984812 0.173624
    outer loop
      vertex 27.1833 11.0076 1.41318
      vertex 26.4572 10.5065 4.25482
      vertex 26.6645 10.5095 4.23799
    endloop
  endfacet
  facet normal -0.00362632 0.984456 0.175593
    outer loop
      vertex 0.222214 10.5011 4.28587
      vertex 0 10.5722 3.88266
      vertex 0.195618 10.5043 4.26738
    endloop
  endfacet
  facet normal 0.000103061 0.984804 0.17367
    outer loop
      vertex 27.1833 11.0076 1.41318
      vertex 26.6645 10.5095 4.23799
      vertex 26.8541 10.514 4.21236
    endloop
  endfacet
  facet normal 0.00320195 0.985052 0.172226
    outer loop
      vertex 0.195618 10.5043 4.26738
      vertex 0 10.5722 3.88266
      vertex 0.170319 10.5079 4.24726
    endloop
  endfacet
  facet normal -0.000101418 0.984808 0.173647
    outer loop
      vertex 27.1833 11.0076 1.41318
      vertex 26.8541 10.514 4.21236
      vertex 27.0588 10.5189 4.18469
    endloop
  endfacet
  facet normal 0 0.98481 0.173638
    outer loop
      vertex 25.8751 10.502 4.28076
      vertex 27.1833 11.0076 1.41318
      vertex 0 11.0076 1.41318
    endloop
  endfacet
  facet normal -0.000279939 0.984809 0.173639
    outer loop
      vertex 27.1833 11.0076 1.41318
      vertex 27.0588 10.5189 4.18469
      vertex 27.1833 10.5231 4.16107
    endloop
  endfacet
  facet normal -0.00193167 0.984646 0.174552
    outer loop
      vertex 0.170319 10.5079 4.24726
      vertex 0 10.5722 3.88266
      vertex 0.146439 10.5117 4.22556
    endloop
  endfacet
  facet normal 0.00108403 0.984868 0.173303
    outer loop
      vertex 0.146439 10.5117 4.22556
      vertex 0 10.5722 3.88266
      vertex 0.124069 10.5158 4.2024
    endloop
  endfacet
  facet normal -0.00236028 0.984637 0.174599
    outer loop
      vertex 0.124069 10.5158 4.2024
      vertex 0 10.5722 3.88266
      vertex 0.103317 10.5201 4.17787
    endloop
  endfacet
  facet normal -0.00523229 0.984453 0.175572
    outer loop
      vertex 0.103317 10.5201 4.17787
      vertex 0 10.5722 3.88266
      vertex 0.084259 10.5246 4.15207
    endloop
  endfacet
  facet normal 0.00427766 0.984967 0.172688
    outer loop
      vertex 0.084259 10.5246 4.15207
      vertex 0 10.5722 3.88266
      vertex 0.0669861 10.5294 4.12512
    endloop
  endfacet
  facet normal -0.00500681 0.984525 0.175175
    outer loop
      vertex 0.0669861 10.5294 4.12512
      vertex 0 10.5722 3.88266
      vertex 0.0515594 10.5343 4.09714
    endloop
  endfacet
  facet normal -0.00102372 0.984701 0.174249
    outer loop
      vertex 0.0515594 10.5343 4.09714
      vertex 0 10.5722 3.88266
      vertex 0.0380554 10.5394 4.06824
    endloop
  endfacet
  facet normal 0.00917631 0.985017 0.172213
    outer loop
      vertex 0.0380554 10.5394 4.06824
      vertex 0 10.5722 3.88266
      vertex 0.0265198 10.5447 4.03854
    endloop
  endfacet
  facet normal -0.0122116 0.98449 0.175015
    outer loop
      vertex 0.00959778 10.5555 3.97727
      vertex 0 10.5722 3.88266
      vertex 0.00427246 10.561 3.94596
    endloop
  endfacet
  facet normal 0.0113688 0.984773 0.173474
    outer loop
      vertex 0.00427246 10.561 3.94596
      vertex 0 10.5722 3.88266
      vertex 0.00106812 10.5666 3.91438
    endloop
  endfacet
  facet normal 0.0104796 0.984904 0.172786
    outer loop
      vertex 0.0170288 10.55 4.00817
      vertex 0 10.5722 3.88266
      vertex 0.00959778 10.5555 3.97727
    endloop
  endfacet
  facet normal -0.0131588 0.984322 0.175891
    outer loop
      vertex 0.0265198 10.5447 4.03854
      vertex 0 10.5722 3.88266
      vertex 0.0170288 10.55 4.00817
    endloop
  endfacet
  facet normal 0 -0.173655 0.984807
    outer loop
      vertex 0.499937 10.4866 4.36758
      vertex 25.5367 9.99424 4.28076
      vertex 25.8649 10.4866 4.36758
    endloop
  endfacet
  facet normal 9.15985e-08 -0.173651 0.984807
    outer loop
      vertex 25.5367 9.99424 4.28076
      vertex 0.499937 10.4866 4.36758
      vertex 0.5 10.0692 4.29398
    endloop
  endfacet
  facet normal 9.66362e-05 -0.173555 0.984824
    outer loop
      vertex 26.0123 9.85072 4.25546
      vertex 26.2439 9.61451 4.21381
      vertex 26.1593 9.75167 4.23799
    endloop
  endfacet
  facet normal -2.72917e-05 -0.173673 0.984803
    outer loop
      vertex 25.6966 9.96673 4.27591
      vertex 26.2439 9.61451 4.21381
      vertex 26.0123 9.85072 4.25546
    endloop
  endfacet
  facet normal -3.47133e-05 -0.173693 0.9848
    outer loop
      vertex 25.6966 9.96673 4.27591
      vertex 26.0123 9.85072 4.25546
      vertex 25.8893 9.93358 4.27007
    endloop
  endfacet
  facet normal -3.13364e-05 -0.173679 0.984802
    outer loop
      vertex 26.2439 9.61451 4.21381
      vertex 25.6966 9.96673 4.27591
      vertex 26.3134 9.50183 4.19394
    endloop
  endfacet
  facet normal -3.94306e-06 -0.173644 0.984808
    outer loop
      vertex 25.5367 9.99424 4.28076
      vertex 26.3134 9.50183 4.19394
      vertex 25.6966 9.96673 4.27591
    endloop
  endfacet
  facet normal 1.13213e-07 -0.173644 0.984809
    outer loop
      vertex 0.5 9.50183 4.19394
      vertex 25.5367 9.99424 4.28076
      vertex 0.5 10.0692 4.29398
    endloop
  endfacet
  facet normal 0 -0.173638 0.98481
    outer loop
      vertex 25.5367 9.99424 4.28076
      vertex 0.5 9.50183 4.19394
      vertex 26.3134 9.50183 4.19394
    endloop
  endfacet
  facet normal 0.000105445 -0.984788 -0.173761
    outer loop
      vertex 0 9.58734 3.70901
      vertex 0.5 9.50183 4.19394
      vertex 0.467285 9.50201 4.1929
    endloop
  endfacet
  facet normal -5.25485e-05 -0.984814 -0.173613
    outer loop
      vertex 0 9.58734 3.70901
      vertex 0.467285 9.50201 4.1929
      vertex 0.434723 9.50256 4.18979
    endloop
  endfacet
  facet normal 0 -0.984806 -0.173657
    outer loop
      vertex 0.5 9.50183 4.19394
      vertex 0 10.0228 1.23952
      vertex 26.3134 9.50183 4.19394
    endloop
  endfacet
  facet normal -3.33894e-06 -0.984806 -0.173656
    outer loop
      vertex 0 9.58734 3.70901
      vertex 0.434723 9.50256 4.18979
      vertex 0.402451 9.50347 4.18463
    endloop
  endfacet
  facet normal 5.34756e-05 -0.984798 -0.173703
    outer loop
      vertex 0 9.58734 3.70901
      vertex 0.402451 9.50347 4.18463
      vertex 0.37059 9.50474 4.17742
    endloop
  endfacet
  facet normal -0.000169511 -0.984828 -0.173532
    outer loop
      vertex 0 9.58734 3.70901
      vertex 0.37059 9.50474 4.17742
      vertex 0.339279 9.50637 4.1682
    endloop
  endfacet
  facet normal -1.62401e-05 -0.984809 -0.173642
    outer loop
      vertex 0 9.58734 3.70901
      vertex 0.339279 9.50637 4.1682
      vertex 0.308655 9.50834 4.15703
    endloop
  endfacet
  facet normal -2.772e-06 -0.984807 -0.173651
    outer loop
      vertex 0 9.58734 3.70901
      vertex 0.308655 9.50834 4.15703
      vertex 0.278854 9.51065 4.14393
    endloop
  endfacet
  facet normal -0.000106552 -0.984819 -0.173586
    outer loop
      vertex 0 9.58734 3.70901
      vertex 0.278854 9.51065 4.14393
      vertex 0.25 9.51329 4.12897
    endloop
  endfacet
  facet normal 0.000191587 -0.984788 -0.173758
    outer loop
      vertex 0 9.58734 3.70901
      vertex 0.25 9.51329 4.12897
      vertex 0.222214 9.51624 4.11222
    endloop
  endfacet
  facet normal -0 -0.984806 -0.173657
    outer loop
      vertex 27.1833 10.0228 1.23952
      vertex 26.3134 9.50183 4.19394
      vertex 0 10.0228 1.23952
    endloop
  endfacet
  facet normal 2.59635e-05 -0.984804 -0.17367
    outer loop
      vertex 0 9.58734 3.70901
      vertex 0.222214 9.51624 4.11222
      vertex 0.195618 9.5195 4.09373
    endloop
  endfacet
  facet normal -0.000138485 -0.984818 -0.173589
    outer loop
      vertex 0 9.58734 3.70901
      vertex 0.195618 9.5195 4.09373
      vertex 0.170319 9.52305 4.07361
    endloop
  endfacet
  facet normal 0.000456152 -0.984771 -0.173858
    outer loop
      vertex 0 9.58734 3.70901
      vertex 0.170319 9.52305 4.07361
      vertex 0.146439 9.52687 4.05191
    endloop
  endfacet
  facet normal -0.000454727 -0.984837 -0.173481
    outer loop
      vertex 0 9.58734 3.70901
      vertex 0.146439 9.52687 4.05191
      vertex 0.124069 9.53096 4.02875
    endloop
  endfacet
  facet normal -1.65858e-05 -0.984805 -0.173661
    outer loop
      vertex 26.3134 9.50183 4.19394
      vertex 27.1833 10.0228 1.23952
      vertex 26.3818 9.50346 4.18469
    endloop
  endfacet
  facet normal -4.56471e-07 -0.984806 -0.173657
    outer loop
      vertex 26.7735 9.51656 4.1104
      vertex 27.1833 10.0228 1.23952
      vertex 27.161 9.53331 4.01541
    endloop
  endfacet
  facet normal 0.000472835 -0.984776 -0.17383
    outer loop
      vertex 0 9.58734 3.70901
      vertex 0.124069 9.53096 4.02875
      vertex 0.103317 9.53528 4.00422
    endloop
  endfacet
  facet normal -1.91271e-05 -0.984805 -0.173663
    outer loop
      vertex 0 9.58734 3.70901
      vertex 0.103317 9.53528 4.00422
      vertex 0.084259 9.53983 3.97842
    endloop
  endfacet
  facet normal 0.000288074 -0.984789 -0.173756
    outer loop
      vertex 0 9.58734 3.70901
      vertex 0.084259 9.53983 3.97842
      vertex 0.0669861 9.54458 3.95147
    endloop
  endfacet
  facet normal -0.000700647 -0.984835 -0.173491
    outer loop
      vertex 0 9.58734 3.70901
      vertex 0.0669861 9.54458 3.95147
      vertex 0.0515594 9.54952 3.92349
    endloop
  endfacet
  facet normal -0.000595267 -0.984831 -0.173516
    outer loop
      vertex 0 9.58734 3.70901
      vertex 0.0515594 9.54952 3.92349
      vertex 0.0380554 9.55462 3.89459
    endloop
  endfacet
  facet normal 0.00116999 -0.984769 -0.173867
    outer loop
      vertex 0 9.58734 3.70901
      vertex 0.0380554 9.55462 3.89459
      vertex 0.0265198 9.55985 3.86489
    endloop
  endfacet
  facet normal -0.000943116 -0.98483 -0.173518
    outer loop
      vertex 0 9.58734 3.70901
      vertex 0.0265198 9.55985 3.86489
      vertex 0.0170288 9.56521 3.83452
    endloop
  endfacet
  facet normal -0.000514849 -0.984821 -0.173574
    outer loop
      vertex 0 9.58734 3.70901
      vertex 0.0170288 9.56521 3.83452
      vertex 0.00959778 9.57066 3.80362
    endloop
  endfacet
  facet normal 1.7437e-05 -0.984812 -0.173627
    outer loop
      vertex 0 9.58734 3.70901
      vertex 0.00959778 9.57066 3.80362
      vertex 0.00427246 9.57618 3.77231
    endloop
  endfacet
  facet normal -0.00214919 -0.984834 -0.173484
    outer loop
      vertex 0 9.58734 3.70901
      vertex 0.00427246 9.57618 3.77231
      vertex 0.00106812 9.58175 3.74073
    endloop
  endfacet
  facet normal 1.21862e-06 -0.984806 -0.173657
    outer loop
      vertex 0.5 9.50183 4.19394
      vertex 0 9.58734 3.70901
      vertex 0 10.0228 1.23952
    endloop
  endfacet
  facet normal -3.74451e-08 -0.984806 -0.173657
    outer loop
      vertex 26.3818 9.50346 4.18469
      vertex 27.1833 10.0228 1.23952
      vertex 26.7735 9.51656 4.1104
    endloop
  endfacet
  facet normal -1.19353e-05 -0.984806 -0.173657
    outer loop
      vertex 27.161 9.53331 4.01541
      vertex 27.1833 10.0228 1.23952
      vertex 27.1833 9.5345 4.00866
    endloop
  endfacet
  facet normal 0 0.168964 -0.985622
    outer loop
      vertex 0 10.0228 1.23952
      vertex 27.1833 10.0235 1.23964
      vertex 27.1833 10.0228 1.23952
    endloop
  endfacet
  facet normal 0 0.168964 -0.985622
    outer loop
      vertex 27.1833 10.0235 1.23964
      vertex 0 10.0228 1.23952
      vertex 0 10.0235 1.23964
    endloop
  endfacet
  facet normal 0 -0.98678 -0.162068
    outer loop
      vertex 0 10.0288 1.20737
      vertex 27.1833 10.0235 1.23964
      vertex 0 10.0235 1.23964
    endloop
  endfacet
  facet normal 0 -0.98678 -0.162068
    outer loop
      vertex 27.1833 10.0235 1.23964
      vertex 0 10.0288 1.20737
      vertex 27.1833 10.0288 1.20737
    endloop
  endfacet
  facet normal 0 -0.973846 -0.22721
    outer loop
      vertex 0 10.0511 1.11179
      vertex 27.1833 10.0288 1.20737
      vertex 0 10.0288 1.20737
    endloop
  endfacet
  facet normal 0 -0.973846 -0.22721
    outer loop
      vertex 27.1833 10.0288 1.20737
      vertex 0 10.0511 1.11179
      vertex 27.1833 10.0511 1.11179
    endloop
  endfacet
  facet normal 0 -0.95693 -0.290318
    outer loop
      vertex 0 10.0796 1.01785
      vertex 27.1833 10.0511 1.11179
      vertex 0 10.0511 1.11179
    endloop
  endfacet
  facet normal 0 -0.95693 -0.290318
    outer loop
      vertex 27.1833 10.0511 1.11179
      vertex 0 10.0796 1.01785
      vertex 27.1833 10.0796 1.01785
    endloop
  endfacet
  facet normal 0 -0.93583 -0.352452
    outer loop
      vertex 0 10.1142 0.92598
      vertex 27.1833 10.0796 1.01785
      vertex 0 10.0796 1.01785
    endloop
  endfacet
  facet normal 0 -0.93583 -0.352452
    outer loop
      vertex 27.1833 10.0796 1.01785
      vertex 0 10.1142 0.92598
      vertex 27.1833 10.1142 0.92598
    endloop
  endfacet
  facet normal 0 -0.910893 -0.412643
    outer loop
      vertex 0 10.1547 0.836578
      vertex 27.1833 10.1142 0.92598
      vertex 0 10.1142 0.92598
    endloop
  endfacet
  facet normal 0 -0.910893 -0.412643
    outer loop
      vertex 27.1833 10.1142 0.92598
      vertex 0 10.1547 0.836578
      vertex 27.1833 10.1547 0.836578
    endloop
  endfacet
  facet normal 0 -0.881823 -0.47158
    outer loop
      vertex 0 10.201 0.75
      vertex 27.1833 10.1547 0.836578
      vertex 0 10.1547 0.836578
    endloop
  endfacet
  facet normal 0 -0.881823 -0.47158
    outer loop
      vertex 27.1833 10.1547 0.836578
      vertex 0 10.201 0.75
      vertex 27.1833 10.201 0.75
    endloop
  endfacet
  facet normal 0 -0.849324 -0.527872
    outer loop
      vertex 0 10.2528 0.666656
      vertex 27.1833 10.201 0.75
      vertex 0 10.201 0.75
    endloop
  endfacet
  facet normal 0 -0.849324 -0.527872
    outer loop
      vertex 27.1833 10.201 0.75
      vertex 0 10.2528 0.666656
      vertex 27.1833 10.2528 0.666656
    endloop
  endfacet
  facet normal 0 -0.812727 -0.582644
    outer loop
      vertex 0 10.31 0.586868
      vertex 27.1833 10.2528 0.666656
      vertex 0 10.2528 0.666656
    endloop
  endfacet
  facet normal 0 -0.812727 -0.582644
    outer loop
      vertex 27.1833 10.2528 0.666656
      vertex 0 10.31 0.586868
      vertex 27.1833 10.31 0.586868
    endloop
  endfacet
  facet normal 0 -0.772884 -0.634547
    outer loop
      vertex 0 10.3723 0.510986
      vertex 27.1833 10.31 0.586868
      vertex 0 10.31 0.586868
    endloop
  endfacet
  facet normal 0 -0.772884 -0.634547
    outer loop
      vertex 27.1833 10.31 0.586868
      vertex 0 10.3723 0.510986
      vertex 27.1833 10.3723 0.510986
    endloop
  endfacet
  facet normal 0 -0.730363 -0.683059
    outer loop
      vertex 0 10.4393 0.439346
      vertex 27.1833 10.3723 0.510986
      vertex 0 10.3723 0.510986
    endloop
  endfacet
  facet normal 0 -0.730363 -0.683059
    outer loop
      vertex 27.1833 10.3723 0.510986
      vertex 0 10.4393 0.439346
      vertex 27.1833 10.4393 0.439346
    endloop
  endfacet
  facet normal 0 -0.683259 -0.730176
    outer loop
      vertex 0 10.4393 0.439346
      vertex 27.1833 10.511 0.372253
      vertex 27.1833 10.4393 0.439346
    endloop
  endfacet
  facet normal -0 -0.683259 -0.730176
    outer loop
      vertex 27.1833 10.511 0.372253
      vertex 0 10.4393 0.439346
      vertex 0 10.511 0.372253
    endloop
  endfacet
  facet normal 0 -0.634281 -0.773103
    outer loop
      vertex 0 10.511 0.372253
      vertex 27.1833 10.5869 0.309982
      vertex 27.1833 10.511 0.372253
    endloop
  endfacet
  facet normal -0 -0.634281 -0.773103
    outer loop
      vertex 27.1833 10.5869 0.309982
      vertex 0 10.511 0.372253
      vertex 0 10.5869 0.309982
    endloop
  endfacet
  facet normal 0 -0.582411 -0.812894
    outer loop
      vertex 0 10.5869 0.309982
      vertex 27.1833 10.6667 0.252808
      vertex 27.1833 10.5869 0.309982
    endloop
  endfacet
  facet normal -0 -0.582411 -0.812894
    outer loop
      vertex 27.1833 10.6667 0.252808
      vertex 0 10.5869 0.309982
      vertex 0 10.6667 0.252808
    endloop
  endfacet
  facet normal 0 -0.528323 -0.849043
    outer loop
      vertex 0 10.6667 0.252808
      vertex 27.1833 10.75 0.200974
      vertex 27.1833 10.6667 0.252808
    endloop
  endfacet
  facet normal -0 -0.528323 -0.849043
    outer loop
      vertex 27.1833 10.75 0.200974
      vertex 0 10.6667 0.252808
      vertex 0 10.75 0.200974
    endloop
  endfacet
  facet normal 0 -0.471328 -0.881958
    outer loop
      vertex 0 10.75 0.200974
      vertex 27.1833 10.8366 0.154694
      vertex 27.1833 10.75 0.200974
    endloop
  endfacet
  facet normal -0 -0.471328 -0.881958
    outer loop
      vertex 27.1833 10.8366 0.154694
      vertex 0 10.75 0.200974
      vertex 0 10.8366 0.154694
    endloop
  endfacet
  facet normal 0 -0.412753 -0.910843
    outer loop
      vertex 0 10.8366 0.154694
      vertex 27.1833 10.926 0.114182
      vertex 27.1833 10.8366 0.154694
    endloop
  endfacet
  facet normal -0 -0.412753 -0.910843
    outer loop
      vertex 27.1833 10.926 0.114182
      vertex 0 10.8366 0.154694
      vertex 0 10.926 0.114182
    endloop
  endfacet
  facet normal 0 -0.352145 -0.935946
    outer loop
      vertex 0 10.926 0.114182
      vertex 27.1833 11.0179 0.0796051
      vertex 27.1833 10.926 0.114182
    endloop
  endfacet
  facet normal -0 -0.352145 -0.935946
    outer loop
      vertex 27.1833 11.0179 0.0796051
      vertex 0 10.926 0.114182
      vertex 0 11.0179 0.0796051
    endloop
  endfacet
  facet normal 0 -0.290322 -0.956929
    outer loop
      vertex 0 11.0179 0.0796051
      vertex 27.1833 11.1118 0.0511169
      vertex 27.1833 11.0179 0.0796051
    endloop
  endfacet
  facet normal -0 -0.290322 -0.956929
    outer loop
      vertex 27.1833 11.1118 0.0511169
      vertex 0 11.0179 0.0796051
      vertex 0 11.1118 0.0511169
    endloop
  endfacet
  facet normal 0 -0.227098 -0.973872
    outer loop
      vertex 0 11.1118 0.0511169
      vertex 27.1833 11.2074 0.0288239
      vertex 27.1833 11.1118 0.0511169
    endloop
  endfacet
  facet normal -0 -0.227098 -0.973872
    outer loop
      vertex 27.1833 11.2074 0.0288239
      vertex 0 11.1118 0.0511169
      vertex 0 11.2074 0.0288239
    endloop
  endfacet
  facet normal 0 -0.162838 -0.986653
    outer loop
      vertex 0 11.2074 0.0288239
      vertex 27.1833 11.3042 0.0128479
      vertex 27.1833 11.2074 0.0288239
    endloop
  endfacet
  facet normal -0 -0.162838 -0.986653
    outer loop
      vertex 27.1833 11.3042 0.0128479
      vertex 0 11.2074 0.0288239
      vertex 0 11.3042 0.0128479
    endloop
  endfacet
  facet normal 0 -0.0980745 -0.995179
    outer loop
      vertex 0 11.3042 0.0128479
      vertex 27.1833 11.4019 0.0032196
      vertex 27.1833 11.3042 0.0128479
    endloop
  endfacet
  facet normal -0 -0.0980745 -0.995179
    outer loop
      vertex 27.1833 11.4019 0.0032196
      vertex 0 11.3042 0.0128479
      vertex 0 11.4019 0.0032196
    endloop
  endfacet
  facet normal 1 0 0
    outer loop
      vertex 27.1833 11.4019 0.0032196
      vertex 27.1833 11.5 0
      vertex 27.1833 11.5 4.67935e-09
    endloop
  endfacet
  facet normal 0 -0.0328019 -0.999462
    outer loop
      vertex 0 11.4019 0.0032196
      vertex 27.1833 11.5 0
      vertex 27.1833 11.4019 0.0032196
    endloop
  endfacet
  facet normal -0 -0.0328019 -0.999462
    outer loop
      vertex 27.1833 11.5 0
      vertex 0 11.4019 0.0032196
      vertex 0 11.5 0
    endloop
  endfacet
  facet normal -0 0.0330095 0.999455
    outer loop
      vertex 0 11.5 1
      vertex 27.1833 11.4673 1.00108
      vertex 27.1833 11.5 1
    endloop
  endfacet
  facet normal 0 0.0330095 0.999455
    outer loop
      vertex 27.1833 11.4673 1.00108
      vertex 0 11.5 1
      vertex 0 11.4673 1.00108
    endloop
  endfacet
  facet normal -0 0.0979924 0.995187
    outer loop
      vertex 0 11.4673 1.00108
      vertex 27.1833 11.4347 1.00429
      vertex 27.1833 11.4673 1.00108
    endloop
  endfacet
  facet normal 0 0.0979924 0.995187
    outer loop
      vertex 27.1833 11.4347 1.00429
      vertex 0 11.4673 1.00108
      vertex 0 11.4347 1.00429
    endloop
  endfacet
  facet normal 0.0173931 0.0282941 0.999448
    outer loop
      vertex 31.323 10.2149 1.00108
      vertex 31.3413 10.2418 1
      vertex 30.8741 10.529 1
    endloop
  endfacet
  facet normal 0.0173195 0.0281889 0.999453
    outer loop
      vertex 30.858 10.5006 1.00108
      vertex 31.323 10.2149 1.00108
      vertex 30.8741 10.529 1
    endloop
  endfacet
  facet normal 0 0 1
    outer loop
      vertex 31.323 10.2149 1.00108
      vertex 30.858 10.5006 1.00108
      vertex 31.3228 10.2148 1.00108
    endloop
  endfacet
  facet normal -0.247868 -0.402785 -0.881093
    outer loop
      vertex 30.5115 9.87353 0.200334
      vertex 30.5115 9.87213 0.200974
      vertex 30.505 9.87613 0.200974
    endloop
  endfacet
  facet normal -0.247432 -0.401524 -0.881791
    outer loop
      vertex 30.5115 9.88764 0.193909
      vertex 30.5115 9.87353 0.200334
      vertex 30.505 9.87613 0.200974
    endloop
  endfacet
  facet normal -0.276945 -0.450202 -0.848893
    outer loop
      vertex 30.5115 9.78438 0.247494
      vertex 30.5115 9.77436 0.252808
      vertex 30.464 9.80358 0.252808
    endloop
  endfacet
  facet normal -0.276903 -0.450077 -0.848973
    outer loop
      vertex 30.464 9.80358 0.252808
      vertex 30.5115 9.87213 0.200974
      vertex 30.5115 9.78438 0.247494
    endloop
  endfacet
  facet normal -0.276951 -0.450045 -0.848975
    outer loop
      vertex 30.5115 9.87213 0.200974
      vertex 30.464 9.80358 0.252808
      vertex 30.505 9.87613 0.200974
    endloop
  endfacet
  facet normal -0.305492 -0.496367 -0.812585
    outer loop
      vertex 30.5115 9.69855 0.299115
      vertex 30.5115 9.68076 0.309982
      vertex 30.4248 9.73412 0.309982
    endloop
  endfacet
  facet normal -0.305488 -0.496356 -0.812593
    outer loop
      vertex 30.4248 9.73412 0.309982
      vertex 30.5115 9.77436 0.252808
      vertex 30.5115 9.69855 0.299115
    endloop
  endfacet
  facet normal -0.305408 -0.496471 -0.812553
    outer loop
      vertex 30.5115 9.77436 0.252808
      vertex 30.4248 9.73412 0.309982
      vertex 30.464 9.80358 0.252808
    endloop
  endfacet
  facet normal -0.332429 -0.540616 -0.772803
    outer loop
      vertex 30.5115 9.61632 0.355065
      vertex 30.5115 9.59175 0.372253
      vertex 30.3874 9.66806 0.372253
    endloop
  endfacet
  facet normal -0.332438 -0.540646 -0.772779
    outer loop
      vertex 30.3874 9.66806 0.372253
      vertex 30.5115 9.68076 0.309982
      vertex 30.5115 9.61632 0.355065
    endloop
  endfacet
  facet normal -0.332553 -0.540336 -0.772946
    outer loop
      vertex 30.5115 9.68076 0.309982
      vertex 30.3874 9.66806 0.372253
      vertex 30.4248 9.73412 0.309982
    endloop
  endfacet
  facet normal -0.358278 -0.582445 -0.729654
    outer loop
      vertex 30.5115 9.53795 0.415199
      vertex 30.5115 9.5077 0.439346
      vertex 30.3522 9.60569 0.439346
    endloop
  endfacet
  facet normal -0.358279 -0.582447 -0.729652
    outer loop
      vertex 30.3522 9.60569 0.439346
      vertex 30.5115 9.59175 0.372253
      vertex 30.5115 9.53795 0.415199
    endloop
  endfacet
  facet normal -0.358247 -0.582603 -0.729543
    outer loop
      vertex 30.5115 9.59175 0.372253
      vertex 30.3522 9.60569 0.439346
      vertex 30.3874 9.66806 0.372253
    endloop
  endfacet
  facet normal -0.382402 -0.621982 -0.683306
    outer loop
      vertex 30.5115 9.46372 0.479382
      vertex 30.5115 9.429 0.510986
      vertex 30.3191 9.54729 0.510986
    endloop
  endfacet
  facet normal -0.382409 -0.622006 -0.683281
    outer loop
      vertex 30.3191 9.54729 0.510986
      vertex 30.5115 9.5077 0.439346
      vertex 30.5115 9.46372 0.479382
    endloop
  endfacet
  facet normal -0.38244 -0.621723 -0.68352
    outer loop
      vertex 30.5115 9.5077 0.439346
      vertex 30.3191 9.54729 0.510986
      vertex 30.3522 9.60569 0.439346
    endloop
  endfacet
  facet normal -0.405046 -0.658684 -0.634092
    outer loop
      vertex 30.5115 9.39388 0.547467
      vertex 30.5115 9.35595 0.586868
      vertex 30.2885 9.49308 0.586868
    endloop
  endfacet
  facet normal -0.405069 -0.65878 -0.633978
    outer loop
      vertex 30.3191 9.54729 0.510986
      vertex 30.5115 9.39388 0.547467
      vertex 30.2885 9.49308 0.586868
    endloop
  endfacet
  facet normal -0.404976 -0.658697 -0.634123
    outer loop
      vertex 30.5115 9.39388 0.547467
      vertex 30.3191 9.54729 0.510986
      vertex 30.5115 9.429 0.510986
    endloop
  endfacet
  facet normal -0.425948 -0.692583 -0.582149
    outer loop
      vertex 30.5115 9.32869 0.619294
      vertex 30.5115 9.28888 0.666656
      vertex 30.2604 9.44331 0.666656
    endloop
  endfacet
  facet normal -0.42596 -0.692641 -0.58207
    outer loop
      vertex 30.2885 9.49308 0.586868
      vertex 30.5115 9.32869 0.619294
      vertex 30.2604 9.44331 0.666656
    endloop
  endfacet
  facet normal -0.425879 -0.692561 -0.582225
    outer loop
      vertex 30.5115 9.32869 0.619294
      vertex 30.2885 9.49308 0.586868
      vertex 30.5115 9.35595 0.586868
    endloop
  endfacet
  facet normal -0.444948 -0.723488 -0.527812
    outer loop
      vertex 30.5115 9.26842 0.694691
      vertex 30.5115 9.22807 0.75
      vertex 30.2349 9.39818 0.75
    endloop
  endfacet
  facet normal -0.444941 -0.723447 -0.527875
    outer loop
      vertex 30.2604 9.44331 0.666656
      vertex 30.5115 9.26842 0.694691
      vertex 30.2349 9.39818 0.75
    endloop
  endfacet
  facet normal -0.444909 -0.723413 -0.527948
    outer loop
      vertex 30.5115 9.26842 0.694691
      vertex 30.2604 9.44331 0.666656
      vertex 30.5115 9.28888 0.666656
    endloop
  endfacet
  facet normal -0.462036 -0.751364 -0.471143
    outer loop
      vertex 30.5115 9.21334 0.773489
      vertex 30.5115 9.17378 0.836578
      vertex 30.2121 9.35789 0.836578
    endloop
  endfacet
  facet normal -0.462026 -0.751279 -0.471288
    outer loop
      vertex 30.2349 9.39818 0.75
      vertex 30.5115 9.21334 0.773489
      vertex 30.2121 9.35789 0.836578
    endloop
  endfacet
  facet normal -0.462071 -0.751331 -0.471161
    outer loop
      vertex 30.5115 9.21334 0.773489
      vertex 30.2349 9.39818 0.75
      vertex 30.5115 9.22807 0.75
    endloop
  endfacet
  facet normal -0.477119 -0.776005 -0.412521
    outer loop
      vertex 30.5115 9.16371 0.855513
      vertex 30.5115 9.12625 0.92598
      vertex 30.1921 9.32263 0.92598
    endloop
  endfacet
  facet normal -0.477112 -0.775891 -0.412744
    outer loop
      vertex 30.2121 9.35789 0.836578
      vertex 30.5115 9.16371 0.855513
      vertex 30.1921 9.32263 0.92598
    endloop
  endfacet
  facet normal -0.477139 -0.775924 -0.412651
    outer loop
      vertex 30.5115 9.16371 0.855513
      vertex 30.2121 9.35789 0.836578
      vertex 30.5115 9.17378 0.836578
    endloop
  endfacet
  facet normal -0.490352 -0.79756 -0.35136
    outer loop
      vertex 30.1751 9.29253 1.01785
      vertex 30.5115 9.09357 1
      vertex 30.5477 9.06345 1.01785
    endloop
  endfacet
  facet normal -0.490237 -0.7973 -0.352109
    outer loop
      vertex 30.5115 9.09357 1
      vertex 30.1751 9.29253 1.01785
      vertex 30.5115 9.11983 0.940538
    endloop
  endfacet
  facet normal -0.489441 -0.797413 -0.35296
    outer loop
      vertex 30.5477 9.06345 1.01785
      vertex 30.5115 9.09357 1
      vertex 30.5572 9.06552 1
    endloop
  endfacet
  facet normal -0.490237 -0.797365 -0.351962
    outer loop
      vertex 30.1921 9.32263 0.92598
      vertex 30.5115 9.11983 0.940538
      vertex 30.1751 9.29253 1.01785
    endloop
  endfacet
  facet normal -0.490305 -0.797451 -0.351672
    outer loop
      vertex 30.5115 9.11983 0.940538
      vertex 30.1921 9.32263 0.92598
      vertex 30.5115 9.12625 0.92598
    endloop
  endfacet
  facet normal -0.501253 -0.815359 -0.289715
    outer loop
      vertex 30.1611 9.26772 1.11179
      vertex 30.5366 9.0622 1.04052
      vertex 30.5018 9.05827 1.11179
    endloop
  endfacet
  facet normal -0.501245 -0.81465 -0.291718
    outer loop
      vertex 30.5366 9.0622 1.04052
      vertex 30.1611 9.26772 1.11179
      vertex 30.5467 9.06333 1.02001
    endloop
  endfacet
  facet normal -0.501182 -0.815296 -0.290015
    outer loop
      vertex 30.1751 9.29253 1.01785
      vertex 30.5467 9.06333 1.02001
      vertex 30.1611 9.26772 1.11179
    endloop
  endfacet
  facet normal -0.503047 -0.818209 -0.278348
    outer loop
      vertex 30.5467 9.06333 1.02001
      vertex 30.1751 9.29253 1.01785
      vertex 30.5477 9.06345 1.01785
    endloop
  endfacet
  facet normal -0.510023 -0.829644 -0.227086
    outer loop
      vertex 30.1501 9.24832 1.20737
      vertex 30.4647 9.05853 1.19418
      vertex 30.4579 9.0591 1.20737
    endloop
  endfacet
  facet normal -0.510064 -0.829743 -0.226631
    outer loop
      vertex 30.4647 9.05853 1.19418
      vertex 30.1501 9.24832 1.20737
      vertex 30.497 9.05831 1.12229
    endloop
  endfacet
  facet normal -0.510097 -0.829597 -0.22709
    outer loop
      vertex 30.1611 9.26772 1.11179
      vertex 30.497 9.05831 1.12229
      vertex 30.1501 9.24832 1.20737
    endloop
  endfacet
  facet normal -0.509693 -0.829087 -0.229844
    outer loop
      vertex 30.497 9.05831 1.12229
      vertex 30.1611 9.26772 1.11179
      vertex 30.5018 9.05827 1.11179
    endloop
  endfacet
  facet normal -0.516842 -0.840788 -0.161087
    outer loop
      vertex 30.4549 9.05972 1.21353
      vertex 30.4425 9.06234 1.23964
      vertex 30.1475 9.24368 1.23964
    endloop
  endfacet
  facet normal -0.516811 -0.840536 -0.162498
    outer loop
      vertex 30.1501 9.24832 1.20737
      vertex 30.4549 9.05972 1.21353
      vertex 30.1475 9.24368 1.23964
    endloop
  endfacet
  facet normal -0.516357 -0.839946 -0.166932
    outer loop
      vertex 30.4549 9.05972 1.21353
      vertex 30.1501 9.24832 1.20737
      vertex 30.4579 9.0591 1.20737
    endloop
  endfacet
  facet normal 0.0810678 0.131827 -0.987952
    outer loop
      vertex 30.4424 9.0622 1.23961
      vertex 30.4421 9.06171 1.23952
      vertex 30.1472 9.24306 1.23952
    endloop
  endfacet
  facet normal 0.090167 0.146681 -0.985066
    outer loop
      vertex 30.1472 9.24306 1.23952
      vertex 30.4425 9.06234 1.23964
      vertex 30.4424 9.0622 1.23961
    endloop
  endfacet
  facet normal 0.0903265 0.146941 -0.985012
    outer loop
      vertex 30.4425 9.06234 1.23964
      vertex 30.1472 9.24306 1.23952
      vertex 30.1475 9.24368 1.23964
    endloop
  endfacet
  facet normal -0.515944 -0.838855 -0.173564
    outer loop
      vertex 30.1472 9.24306 1.23952
      vertex 30.1601 9.12314 1.78076
      vertex 30.0906 9.14298 1.89147
    endloop
  endfacet
  facet normal -0.515855 -0.838907 -0.173578
    outer loop
      vertex 30.1601 9.12314 1.78076
      vertex 30.1472 9.24306 1.23952
      vertex 30.3198 9.08464 1.49222
    endloop
  endfacet
  facet normal -0.515917 -0.838881 -0.173518
    outer loop
      vertex 30.3198 9.08464 1.49222
      vertex 30.1472 9.24306 1.23952
      vertex 30.3919 9.07112 1.34321
    endloop
  endfacet
  facet normal -0.515876 -0.838884 -0.173624
    outer loop
      vertex 30.3919 9.07112 1.34321
      vertex 30.1472 9.24306 1.23952
      vertex 30.4421 9.06171 1.23952
    endloop
  endfacet
  facet normal 0.515859 0.83891 0.173551
    outer loop
      vertex 30.6318 10.1004 1.41318
      vertex 30.7234 9.96803 1.78076
      vertex 30.8831 9.92952 1.49222
    endloop
  endfacet
  facet normal 0.515953 0.838912 0.173259
    outer loop
      vertex 30.6318 10.1004 1.41318
      vertex 30.8831 9.92952 1.49222
      vertex 30.9213 9.92235 1.41318
    endloop
  endfacet
  facet normal 0.515822 0.838929 0.173567
    outer loop
      vertex 30.7234 9.96803 1.78076
      vertex 30.6318 10.1004 1.41318
      vertex 30.6559 9.98729 1.88827
    endloop
  endfacet
  facet normal 0.51577 0.838959 0.173577
    outer loop
      vertex 30.6318 10.1004 1.41318
      vertex 30.6401 9.9918 1.91342
      vertex 30.6559 9.98729 1.88827
    endloop
  endfacet
  facet normal 0.515532 0.839098 0.173611
    outer loop
      vertex 30.6401 9.9918 1.91342
      vertex 30.6318 10.1004 1.41318
      vertex 30.5801 10.0089 2.00894
    endloop
  endfacet
  facet normal -0.119729 -0.194705 0.973527
    outer loop
      vertex 30.9214 9.92243 1.41319
      vertex 30.9214 9.92258 1.41322
      vertex 30.6319 10.1006 1.41322
    endloop
  endfacet
  facet normal -0.0925643 -0.150569 0.984256
    outer loop
      vertex 30.6318 10.1004 1.41318
      vertex 30.9214 9.92243 1.41319
      vertex 30.6319 10.1006 1.41322
    endloop
  endfacet
  facet normal -0.0433151 -0.0704281 0.996576
    outer loop
      vertex 30.9214 9.92243 1.41319
      vertex 30.6318 10.1004 1.41318
      vertex 30.9213 9.92235 1.41318
    endloop
  endfacet
  facet normal 0.5167 0.840567 0.16269
    outer loop
      vertex 30.9232 9.92221 1.4096
      vertex 30.9266 9.9215 1.40247
      vertex 30.6328 10.1021 1.40247
    endloop
  endfacet
  facet normal 0.515845 0.839505 0.170692
    outer loop
      vertex 30.6328 10.1021 1.40247
      vertex 30.9214 9.92258 1.41322
      vertex 30.9232 9.92221 1.4096
    endloop
  endfacet
  facet normal 0.517012 0.840777 0.160602
    outer loop
      vertex 30.9214 9.92258 1.41322
      vertex 30.6328 10.1021 1.40247
      vertex 30.6319 10.1006 1.41322
    endloop
  endfacet
  facet normal 0.5102 0.829897 0.225757
    outer loop
      vertex 30.9319 9.92105 1.39224
      vertex 30.943 9.92011 1.37061
      vertex 30.6364 10.1086 1.37061
    endloop
  endfacet
  facet normal 0.509863 0.829585 0.22766
    outer loop
      vertex 30.6364 10.1086 1.37061
      vertex 30.9266 9.9215 1.40247
      vertex 30.9319 9.92105 1.39224
    endloop
  endfacet
  facet normal 0.510018 0.829697 0.226902
    outer loop
      vertex 30.9266 9.9215 1.40247
      vertex 30.6364 10.1086 1.37061
      vertex 30.6328 10.1021 1.40247
    endloop
  endfacet
  facet normal 0.501127 0.815045 0.290815
    outer loop
      vertex 30.9481 9.92025 1.36141
      vertex 30.9604 9.92058 1.33929
      vertex 30.6411 10.1169 1.33929
    endloop
  endfacet
  facet normal 0.501244 0.815168 0.290268
    outer loop
      vertex 30.6411 10.1169 1.33929
      vertex 30.943 9.92011 1.37061
      vertex 30.9481 9.92025 1.36141
    endloop
  endfacet
  facet normal 0.50103 0.814981 0.291162
    outer loop
      vertex 30.943 9.92011 1.37061
      vertex 30.6411 10.1169 1.33929
      vertex 30.6364 10.1086 1.37061
    endloop
  endfacet
  facet normal 0.49009 0.797116 0.352729
    outer loop
      vertex 30.9652 9.9212 1.33113
      vertex 30.9786 9.9229 1.30867
      vertex 30.6468 10.1269 1.30867
    endloop
  endfacet
  facet normal 0.490482 0.797616 0.351049
    outer loop
      vertex 30.6468 10.1269 1.30867
      vertex 30.9604 9.92058 1.33929
      vertex 30.9626 9.92086 1.33558
    endloop
  endfacet
  facet normal 0.491278 0.798444 0.348043
    outer loop
      vertex 30.6468 10.1269 1.30867
      vertex 30.9626 9.92086 1.33558
      vertex 30.9652 9.9212 1.33113
    endloop
  endfacet
  facet normal 0.490302 0.79744 0.351702
    outer loop
      vertex 30.9604 9.92058 1.33929
      vertex 30.6468 10.1269 1.30867
      vertex 30.6411 10.1169 1.33929
    endloop
  endfacet
  facet normal 0.477282 0.776227 0.411914
    outer loop
      vertex 30.9832 9.9239 1.30151
      vertex 30.9976 9.92706 1.27887
      vertex 30.6534 10.1387 1.27887
    endloop
  endfacet
  facet normal 0.476533 0.775342 0.41444
    outer loop
      vertex 30.6534 10.1387 1.27887
      vertex 30.9786 9.9229 1.30867
      vertex 30.9832 9.9239 1.30151
    endloop
  endfacet
  facet normal 0.477028 0.775872 0.412875
    outer loop
      vertex 30.9786 9.9229 1.30867
      vertex 30.6534 10.1387 1.27887
      vertex 30.6468 10.1269 1.30867
    endloop
  endfacet
  facet normal 0.461983 0.751414 0.471114
    outer loop
      vertex 31.0018 9.92835 1.27268
      vertex 31.0173 9.93304 1.25
      vertex 30.661 10.1521 1.25
    endloop
  endfacet
  facet normal 0.462256 0.751748 0.470312
    outer loop
      vertex 30.661 10.1521 1.25
      vertex 30.9976 9.92706 1.27887
      vertex 31.0018 9.92835 1.27268
    endloop
  endfacet
  facet normal 0.462173 0.751653 0.470546
    outer loop
      vertex 30.9976 9.92706 1.27887
      vertex 30.661 10.1521 1.25
      vertex 30.6534 10.1387 1.27887
    endloop
  endfacet
  facet normal 0.445036 0.72396 0.527091
    outer loop
      vertex 31.0212 9.93452 1.24473
      vertex 31.0376 9.94082 1.22223
      vertex 30.6695 10.1671 1.22223
    endloop
  endfacet
  facet normal 0.443516 0.722039 0.530992
    outer loop
      vertex 30.6695 10.1671 1.22223
      vertex 31.0173 9.93304 1.25
      vertex 31.0212 9.93452 1.24473
    endloop
  endfacet
  facet normal 0.445045 0.723863 0.527217
    outer loop
      vertex 31.0173 9.93304 1.25
      vertex 30.6695 10.1671 1.22223
      vertex 30.661 10.1521 1.25
    endloop
  endfacet
  facet normal 0.425739 0.692596 0.582286
    outer loop
      vertex 31.0411 9.9424 1.21782
      vertex 31.0585 9.95036 1.19563
      vertex 30.6789 10.1837 1.19563
    endloop
  endfacet
  facet normal 0.424675 0.691221 0.584692
    outer loop
      vertex 30.6789 10.1837 1.19563
      vertex 31.0376 9.94082 1.22223
      vertex 31.0411 9.9424 1.21782
    endloop
  endfacet
  facet normal 0.425656 0.692434 0.58254
    outer loop
      vertex 31.0376 9.94082 1.22223
      vertex 30.6789 10.1837 1.19563
      vertex 30.6695 10.1671 1.22223
    endloop
  endfacet
  facet normal 0.405146 0.658984 0.633716
    outer loop
      vertex 31.0614 9.95206 1.19201
      vertex 31.0782 9.96258 1.17033
      vertex 30.6891 10.2018 1.17033
    endloop
  endfacet
  facet normal 0.473752 0.58796 0.655639
    outer loop
      vertex 31.0614 9.95206 1.19201
      vertex 31.0585 9.95036 1.19563
      vertex 31.0597 9.95101 1.19418
    endloop
  endfacet
  facet normal 0.405054 0.658863 0.633901
    outer loop
      vertex 31.0585 9.95036 1.19563
      vertex 31.0614 9.95206 1.19201
      vertex 30.6891 10.2018 1.17033
    endloop
  endfacet
  facet normal 0.404821 0.658567 0.634357
    outer loop
      vertex 31.0585 9.95036 1.19563
      vertex 30.6891 10.2018 1.17033
      vertex 30.6789 10.1837 1.19563
    endloop
  endfacet
  facet normal 0.382699 0.62233 0.682823
    outer loop
      vertex 31.0807 9.96432 1.16735
      vertex 31.0982 9.97649 1.14645
      vertex 30.7001 10.2213 1.14645
    endloop
  endfacet
  facet normal 0.382226 0.621697 0.683664
    outer loop
      vertex 30.7001 10.2213 1.14645
      vertex 31.0782 9.96258 1.17033
      vertex 31.0807 9.96432 1.16735
    endloop
  endfacet
  facet normal 0.382204 0.621669 0.683701
    outer loop
      vertex 31.0782 9.96258 1.17033
      vertex 30.7001 10.2213 1.14645
      vertex 30.6891 10.2018 1.17033
    endloop
  endfacet
  facet normal 0.3578 0.582072 0.730186
    outer loop
      vertex 31.1004 9.97815 1.14404
      vertex 31.1187 9.99194 1.12408
      vertex 30.7119 10.242 1.12408
    endloop
  endfacet
  facet normal 0.358571 0.583116 0.728974
    outer loop
      vertex 30.7119 10.242 1.12408
      vertex 31.0982 9.97649 1.14645
      vertex 31.1004 9.97815 1.14404
    endloop
  endfacet
  facet normal 0.358645 0.583215 0.728858
    outer loop
      vertex 31.0982 9.97649 1.14645
      vertex 30.7119 10.242 1.12408
      vertex 30.7001 10.2213 1.14645
    endloop
  endfacet
  facet normal 0.332178 0.540309 0.773126
    outer loop
      vertex 31.1206 9.9935 1.12217
      vertex 31.1394 10.0089 1.10333
      vertex 30.7243 10.2641 1.10333
    endloop
  endfacet
  facet normal 0.332574 0.540852 0.772576
    outer loop
      vertex 30.7243 10.2641 1.10333
      vertex 31.1187 9.99194 1.12408
      vertex 31.1206 9.9935 1.12217
    endloop
  endfacet
  facet normal 0.331925 0.539979 0.773465
    outer loop
      vertex 31.1187 9.99194 1.12408
      vertex 30.7243 10.2641 1.10333
      vertex 30.7119 10.242 1.12408
    endloop
  endfacet
  facet normal 0.305112 0.496349 0.812739
    outer loop
      vertex 31.141 10.0103 1.10186
      vertex 31.1602 10.0273 1.08427
      vertex 30.7374 10.2872 1.08427
    endloop
  endfacet
  facet normal 0.307299 0.499367 0.810062
    outer loop
      vertex 30.7374 10.2872 1.08427
      vertex 31.1394 10.0089 1.10333
      vertex 31.141 10.0103 1.10186
    endloop
  endfacet
  facet normal 0.305508 0.496929 0.812236
    outer loop
      vertex 31.1394 10.0089 1.10333
      vertex 30.7374 10.2872 1.08427
      vertex 30.7243 10.2641 1.10333
    endloop
  endfacet
  facet normal 0.276386 0.449598 0.849395
    outer loop
      vertex 31.1616 10.0285 1.08317
      vertex 31.1812 10.047 1.067
      vertex 30.7511 10.3114 1.067
    endloop
  endfacet
  facet normal 0.278244 0.45218 0.847416
    outer loop
      vertex 30.7511 10.3114 1.067
      vertex 31.1602 10.0273 1.08427
      vertex 31.1616 10.0285 1.08317
    endloop
  endfacet
  facet normal 0.276408 0.449654 0.849358
    outer loop
      vertex 31.1602 10.0273 1.08427
      vertex 30.7511 10.3114 1.067
      vertex 30.7374 10.2872 1.08427
    endloop
  endfacet
  facet normal 0.247623 0.402686 0.881208
    outer loop
      vertex 31.1822 10.0481 1.06621
      vertex 31.2021 10.0679 1.05157
      vertex 30.7653 10.3365 1.05157
    endloop
  endfacet
  facet normal 0.249329 0.405073 0.879631
    outer loop
      vertex 30.7653 10.3365 1.05157
      vertex 31.1812 10.047 1.067
      vertex 31.1822 10.0481 1.06621
    endloop
  endfacet
  facet normal 0.247191 0.402106 0.881593
    outer loop
      vertex 31.1812 10.047 1.067
      vertex 30.7653 10.3365 1.05157
      vertex 30.7511 10.3114 1.067
    endloop
  endfacet
  facet normal 0.215931 0.351165 0.911075
    outer loop
      vertex 31.203 10.0688 1.05102
      vertex 31.223 10.0901 1.03807
      vertex 30.78 10.3625 1.03807
    endloop
  endfacet
  facet normal 0.212342 0.346119 0.913845
    outer loop
      vertex 30.78 10.3625 1.03807
      vertex 31.2021 10.0679 1.05157
      vertex 31.203 10.0688 1.05102
    endloop
  endfacet
  facet normal 0.215866 0.351043 0.911137
    outer loop
      vertex 31.2021 10.0679 1.05157
      vertex 30.78 10.3625 1.03807
      vertex 30.7653 10.3365 1.05157
    endloop
  endfacet
  facet normal 0.184506 0.300173 0.935871
    outer loop
      vertex 30.795 10.3891 1.02654
      vertex 31.2358 10.1045 1.03092
      vertex 31.2437 10.1133 1.02654
    endloop
  endfacet
  facet normal 0.184274 0.299817 0.93603
    outer loop
      vertex 31.2358 10.1045 1.03092
      vertex 30.795 10.3891 1.02654
      vertex 31.2236 10.0908 1.03771
    endloop
  endfacet
  facet normal 0.19332 0.312588 0.930009
    outer loop
      vertex 30.795 10.3891 1.02654
      vertex 31.223 10.0901 1.03807
      vertex 31.2236 10.0908 1.03771
    endloop
  endfacet
  facet normal 0.185135 0.301082 0.935454
    outer loop
      vertex 31.223 10.0901 1.03807
      vertex 30.795 10.3891 1.02654
      vertex 30.78 10.3625 1.03807
    endloop
  endfacet
  facet normal 0.15178 0.246907 0.957079
    outer loop
      vertex 31.2442 10.1138 1.02631
      vertex 31.2641 10.1375 1.01704
      vertex 30.8104 10.4164 1.01704
    endloop
  endfacet
  facet normal 0.167348 0.268963 0.948501
    outer loop
      vertex 30.8104 10.4164 1.01704
      vertex 31.2437 10.1133 1.02654
      vertex 31.2442 10.1138 1.02631
    endloop
  endfacet
  facet normal 0.151987 0.247269 0.956952
    outer loop
      vertex 31.2437 10.1133 1.02654
      vertex 30.8104 10.4164 1.01704
      vertex 30.795 10.3891 1.02654
    endloop
  endfacet
  facet normal 0.119212 0.193889 0.973753
    outer loop
      vertex 31.2644 10.1379 1.01692
      vertex 31.2841 10.1625 1.00961
      vertex 30.8261 10.4441 1.00961
    endloop
  endfacet
  facet normal 0.123059 0.199357 0.972169
    outer loop
      vertex 30.8261 10.4441 1.00961
      vertex 31.2641 10.1375 1.01704
      vertex 31.2644 10.1379 1.01692
    endloop
  endfacet
  facet normal 0.119079 0.193712 0.973805
    outer loop
      vertex 31.2641 10.1375 1.01704
      vertex 30.8261 10.4441 1.00961
      vertex 30.8104 10.4164 1.01704
    endloop
  endfacet
  facet normal 0.0852485 0.138668 0.986663
    outer loop
      vertex 31.2844 10.1628 1.00955
      vertex 31.3038 10.1883 1.00429
      vertex 30.842 10.4722 1.00429
    endloop
  endfacet
  facet normal 0.0745261 0.123385 0.989556
    outer loop
      vertex 30.842 10.4722 1.00429
      vertex 31.2841 10.1625 1.00961
      vertex 31.2844 10.1628 1.00955
    endloop
  endfacet
  facet normal 0.0852097 0.138587 0.986678
    outer loop
      vertex 31.2841 10.1625 1.00961
      vertex 30.842 10.4722 1.00429
      vertex 30.8261 10.4441 1.00961
    endloop
  endfacet
  facet normal 0.0513151 0.0834543 0.99519
    outer loop
      vertex 31.3039 10.1885 1.00426
      vertex 31.3228 10.2148 1.00108
      vertex 30.858 10.5006 1.00108
    endloop
  endfacet
  facet normal 0.0513749 0.0835397 0.995179
    outer loop
      vertex 30.842 10.4722 1.00429
      vertex 31.3039 10.1885 1.00426
      vertex 30.858 10.5006 1.00108
    endloop
  endfacet
  facet normal 0.069903 0.113706 0.991052
    outer loop
      vertex 31.3039 10.1885 1.00426
      vertex 30.842 10.4722 1.00429
      vertex 31.3038 10.1883 1.00429
    endloop
  endfacet
  facet normal 0.0152137 0.0293827 0.999452
    outer loop
      vertex 30.858 10.5006 1.00108
      vertex 30.8741 10.529 1
      vertex 30.3847 10.7824 1
    endloop
  endfacet
  facet normal 0.0152078 0.0293729 0.999453
    outer loop
      vertex 30.858 10.5006 1.00108
      vertex 30.3847 10.7824 1
      vertex 30.3707 10.7529 1.00108
    endloop
  endfacet
  facet normal -0.0151088 -0.0291965 -0.999459
    outer loop
      vertex 30.5115 10.6414 0.00219717
      vertex 30.5115 10.6064 0.0032196
      vertex 30.3428 10.6937 0.0032196
    endloop
  endfacet
  facet normal -0.0150865 -0.0291245 -0.999462
    outer loop
      vertex 30.3428 10.6937 0.0032196
      vertex 30.5115 10.7168 0
      vertex 30.5115 10.6414 0.00219717
    endloop
  endfacet
  facet normal -0.0150822 -0.0291556 -0.999461
    outer loop
      vertex 30.5115 10.7168 0
      vertex 30.3428 10.6937 0.0032196
      vertex 30.3959 10.7766 0
    endloop
  endfacet
  facet normal -0.0151249 -0.0291283 -0.999461
    outer loop
      vertex 30.3959 10.7766 0
      vertex 30.3428 10.6937 0.0032196
      vertex 30.3845 10.782 1.51389e-05
    endloop
  endfacet
  facet normal -0.0451386 -0.0871298 -0.995174
    outer loop
      vertex 30.5115 10.5405 0.00898684
      vertex 30.5115 10.4964 0.0128479
      vertex 30.3011 10.6054 0.0128479
    endloop
  endfacet
  facet normal -0.0451273 -0.087093 -0.995178
    outer loop
      vertex 30.3011 10.6054 0.0128479
      vertex 30.5115 10.6064 0.0032196
      vertex 30.5115 10.5405 0.00898684
    endloop
  endfacet
  facet normal -0.0451263 -0.0872028 -0.995168
    outer loop
      vertex 30.5115 10.6064 0.0032196
      vertex 30.3011 10.6054 0.0128479
      vertex 30.3428 10.6937 0.0032196
    endloop
  endfacet
  facet normal -0.0748896 -0.144553 -0.986659
    outer loop
      vertex 30.5115 10.4404 0.021059
      vertex 30.5115 10.3874 0.0288239
      vertex 30.2598 10.5178 0.0288239
    endloop
  endfacet
  facet normal -0.0749243 -0.144668 -0.98664
    outer loop
      vertex 30.2598 10.5178 0.0288239
      vertex 30.5115 10.4964 0.0128479
      vertex 30.5115 10.4404 0.021059
    endloop
  endfacet
  facet normal -0.0749205 -0.144617 -0.986647
    outer loop
      vertex 30.5115 10.4964 0.0128479
      vertex 30.2598 10.5178 0.0288239
      vertex 30.3011 10.6054 0.0128479
    endloop
  endfacet
  facet normal -0.104484 -0.201727 -0.973853
    outer loop
      vertex 30.5115 10.3415 0.0383569
      vertex 30.5115 10.2799 0.0511169
      vertex 30.219 10.4314 0.0511169
    endloop
  endfacet
  facet normal -0.104635 -0.202235 -0.973731
    outer loop
      vertex 30.219 10.4314 0.0511169
      vertex 30.5115 10.3874 0.0288239
      vertex 30.5115 10.3415 0.0383569
    endloop
  endfacet
  facet normal -0.104587 -0.201875 -0.973811
    outer loop
      vertex 30.5115 10.3874 0.0288239
      vertex 30.219 10.4314 0.0511169
      vertex 30.2598 10.5178 0.0288239
    endloop
  endfacet
  facet normal -0.133595 -0.258035 -0.956854
    outer loop
      vertex 30.5115 10.2439 0.0608091
      vertex 30.5115 10.1742 0.0796051
      vertex 30.1789 10.3464 0.0796051
    endloop
  endfacet
  facet normal -0.133481 -0.257644 -0.956976
    outer loop
      vertex 30.1789 10.3464 0.0796051
      vertex 30.5115 10.2799 0.0511169
      vertex 30.5115 10.2439 0.0608091
    endloop
  endfacet
  facet normal -0.133499 -0.257745 -0.956946
    outer loop
      vertex 30.5115 10.2799 0.0511169
      vertex 30.1789 10.3464 0.0796051
      vertex 30.219 10.4314 0.0511169
    endloop
  endfacet
  facet normal -0.162101 -0.313087 -0.935788
    outer loop
      vertex 30.5115 10.1481 0.0883197
      vertex 30.5115 10.0708 0.114182
      vertex 30.1397 10.2633 0.114182
    endloop
  endfacet
  facet normal -0.161942 -0.312525 -0.936004
    outer loop
      vertex 30.1397 10.2633 0.114182
      vertex 30.5115 10.1742 0.0796051
      vertex 30.5115 10.1481 0.0883197
    endloop
  endfacet
  facet normal -0.162031 -0.312959 -0.935843
    outer loop
      vertex 30.5115 10.1742 0.0796051
      vertex 30.1397 10.2633 0.114182
      vertex 30.1789 10.3464 0.0796051
    endloop
  endfacet
  facet normal -0.189824 -0.366577 -0.910817
    outer loop
      vertex 30.5115 10.0544 0.120802
      vertex 30.5115 9.97019 0.154694
      vertex 30.1015 10.1825 0.154694
    endloop
  endfacet
  facet normal -0.190075 -0.36749 -0.910397
    outer loop
      vertex 30.1015 10.1825 0.154694
      vertex 30.5115 10.0708 0.114182
      vertex 30.5115 10.0544 0.120802
    endloop
  endfacet
  facet normal -0.189922 -0.366821 -0.910698
    outer loop
      vertex 30.5115 10.0708 0.114182
      vertex 30.1015 10.1825 0.154694
      vertex 30.1397 10.2633 0.114182
    endloop
  endfacet
  facet normal -0.216676 -0.4189 -0.881802
    outer loop
      vertex 30.505 9.87613 0.200974
      vertex 30.5115 9.96291 0.158152
      vertex 30.5115 9.88764 0.193909
    endloop
  endfacet
  facet normal -0.216916 -0.418862 -0.881761
    outer loop
      vertex 30.5115 9.96291 0.158152
      vertex 30.505 9.87613 0.200974
      vertex 30.0646 10.1042 0.200974
    endloop
  endfacet
  facet normal -0.216911 -0.418842 -0.881772
    outer loop
      vertex 30.0646 10.1042 0.200974
      vertex 30.5115 9.97019 0.154694
      vertex 30.5115 9.96291 0.158152
    endloop
  endfacet
  facet normal -0.21693 -0.418923 -0.881728
    outer loop
      vertex 30.5115 9.97019 0.154694
      vertex 30.0646 10.1042 0.200974
      vertex 30.1015 10.1825 0.154694
    endloop
  endfacet
  facet normal -0.242958 -0.469259 -0.84898
    outer loop
      vertex 30.505 9.87613 0.200974
      vertex 30.464 9.80358 0.252808
      vertex 30.029 10.0288 0.252808
    endloop
  endfacet
  facet normal -0.242903 -0.469042 -0.849116
    outer loop
      vertex 30.0646 10.1042 0.200974
      vertex 30.505 9.87613 0.200974
      vertex 30.029 10.0288 0.252808
    endloop
  endfacet
  facet normal -0.26796 -0.517619 -0.812569
    outer loop
      vertex 30.464 9.80358 0.252808
      vertex 30.4248 9.73412 0.309982
      vertex 29.9949 9.95667 0.309982
    endloop
  endfacet
  facet normal -0.26793 -0.517491 -0.81266
    outer loop
      vertex 30.029 10.0288 0.252808
      vertex 30.464 9.80358 0.252808
      vertex 29.9949 9.95667 0.309982
    endloop
  endfacet
  facet normal -0.29171 -0.56345 -0.772936
    outer loop
      vertex 30.4248 9.73412 0.309982
      vertex 30.3874 9.66806 0.372253
      vertex 29.9625 9.88804 0.372253
    endloop
  endfacet
  facet normal -0.291729 -0.563533 -0.772868
    outer loop
      vertex 29.9949 9.95667 0.309982
      vertex 30.4248 9.73412 0.309982
      vertex 29.9625 9.88804 0.372253
    endloop
  endfacet
  facet normal -0.314463 -0.607333 -0.729561
    outer loop
      vertex 30.3874 9.66806 0.372253
      vertex 30.3522 9.60569 0.439346
      vertex 29.932 9.82326 0.439346
    endloop
  endfacet
  facet normal -0.314485 -0.607441 -0.729462
    outer loop
      vertex 29.9625 9.88804 0.372253
      vertex 30.3874 9.66806 0.372253
      vertex 29.932 9.82326 0.439346
    endloop
  endfacet
  facet normal -0.335631 -0.64822 -0.683493
    outer loop
      vertex 30.3522 9.60569 0.439346
      vertex 30.3191 9.54729 0.510986
      vertex 29.9033 9.76258 0.510986
    endloop
  endfacet
  facet normal -0.335629 -0.648212 -0.683502
    outer loop
      vertex 29.932 9.82326 0.439346
      vertex 30.3522 9.60569 0.439346
      vertex 29.9033 9.76258 0.510986
    endloop
  endfacet
  facet normal -0.355539 -0.686762 -0.633996
    outer loop
      vertex 30.3191 9.54729 0.510986
      vertex 30.2885 9.49308 0.586868
      vertex 29.8767 9.70627 0.586868
    endloop
  endfacet
  facet normal -0.355517 -0.686628 -0.634153
    outer loop
      vertex 29.9033 9.76258 0.510986
      vertex 30.3191 9.54729 0.510986
      vertex 29.8767 9.70627 0.586868
    endloop
  endfacet
  facet normal -0.373812 -0.722109 -0.582086
    outer loop
      vertex 30.2885 9.49308 0.586868
      vertex 30.2604 9.44331 0.666656
      vertex 29.8523 9.65457 0.666656
    endloop
  endfacet
  facet normal -0.373803 -0.722043 -0.582173
    outer loop
      vertex 29.8767 9.70627 0.586868
      vertex 30.2885 9.49308 0.586868
      vertex 29.8523 9.65457 0.666656
    endloop
  endfacet
  facet normal -0.390464 -0.754241 -0.527881
    outer loop
      vertex 30.2604 9.44331 0.666656
      vertex 30.2349 9.39818 0.75
      vertex 29.8302 9.60769 0.75
    endloop
  endfacet
  facet normal -0.390469 -0.754285 -0.527815
    outer loop
      vertex 29.8523 9.65457 0.666656
      vertex 30.2604 9.44331 0.666656
      vertex 29.8302 9.60769 0.75
    endloop
  endfacet
  facet normal -0.405552 -0.783215 -0.471278
    outer loop
      vertex 30.2349 9.39818 0.75
      vertex 30.2121 9.35789 0.836578
      vertex 29.8105 9.56584 0.836578
    endloop
  endfacet
  facet normal -0.40556 -0.783401 -0.470961
    outer loop
      vertex 29.8302 9.60769 0.75
      vertex 30.2349 9.39818 0.75
      vertex 29.8105 9.56584 0.836578
    endloop
  endfacet
  facet normal -0.418859 -0.808844 -0.412709
    outer loop
      vertex 30.2121 9.35789 0.836578
      vertex 30.1921 9.32263 0.92598
      vertex 29.7932 9.5292 0.92598
    endloop
  endfacet
  facet normal -0.418859 -0.808914 -0.412573
    outer loop
      vertex 29.8105 9.56584 0.836578
      vertex 30.2121 9.35789 0.836578
      vertex 29.7932 9.5292 0.92598
    endloop
  endfacet
  facet normal -0.430389 -0.831193 -0.35197
    outer loop
      vertex 30.1921 9.32263 0.92598
      vertex 30.1751 9.29253 1.01785
      vertex 29.7784 9.49794 1.01785
    endloop
  endfacet
  facet normal -0.430395 -0.83112 -0.352135
    outer loop
      vertex 29.7932 9.5292 0.92598
      vertex 30.1921 9.32263 0.92598
      vertex 29.7784 9.49794 1.01785
    endloop
  endfacet
  facet normal -0.440001 -0.849872 -0.290029
    outer loop
      vertex 30.1751 9.29253 1.01785
      vertex 30.1611 9.26772 1.11179
      vertex 29.7662 9.47217 1.11179
    endloop
  endfacet
  facet normal -0.440016 -0.849785 -0.290261
    outer loop
      vertex 29.7784 9.49794 1.01785
      vertex 30.1751 9.29253 1.01785
      vertex 29.7662 9.47217 1.11179
    endloop
  endfacet
  facet normal -0.447782 -0.86483 -0.227069
    outer loop
      vertex 30.1611 9.26772 1.11179
      vertex 30.1501 9.24832 1.20737
      vertex 29.7567 9.45201 1.20737
    endloop
  endfacet
  facet normal -0.447768 -0.864875 -0.226927
    outer loop
      vertex 29.7662 9.47217 1.11179
      vertex 30.1611 9.26772 1.11179
      vertex 29.7567 9.45201 1.20737
    endloop
  endfacet
  facet normal -0.453743 -0.876184 -0.162542
    outer loop
      vertex 30.1501 9.24832 1.20737
      vertex 30.1475 9.24368 1.23964
      vertex 29.7545 9.4472 1.23964
    endloop
  endfacet
  facet normal -0.453752 -0.876361 -0.16156
    outer loop
      vertex 29.7567 9.45201 1.20737
      vertex 30.1501 9.24832 1.20737
      vertex 29.7545 9.4472 1.23964
    endloop
  endfacet
  facet normal 0.0789325 0.152481 -0.985149
    outer loop
      vertex 30.1475 9.24368 1.23964
      vertex 30.1472 9.24306 1.23952
      vertex 29.7541 9.44655 1.23952
    endloop
  endfacet
  facet normal 0.071616 0.138291 -0.987799
    outer loop
      vertex 29.7545 9.4472 1.23964
      vertex 30.1475 9.24368 1.23964
      vertex 29.7541 9.44655 1.23952
    endloop
  endfacet
  facet normal -0.452083 -0.874951 -0.173441
    outer loop
      vertex 30.1472 9.24306 1.23952
      vertex 29.9813 9.16641 2.05862
      vertex 29.9747 9.16805 2.06755
    endloop
  endfacet
  facet normal -0.453 -0.874449 -0.17358
    outer loop
      vertex 29.9813 9.16641 2.05862
      vertex 30.1472 9.24306 1.23952
      vertex 30.0716 9.14705 1.92049
    endloop
  endfacet
  facet normal -0.452466 -0.874729 -0.17356
    outer loop
      vertex 30.0716 9.14705 1.92049
      vertex 30.1472 9.24306 1.23952
      vertex 30.0906 9.14298 1.89147
    endloop
  endfacet
  facet normal -0.452669 -0.874632 -0.173523
    outer loop
      vertex 29.7541 9.44655 1.23952
      vertex 29.7849 9.21534 2.32457
      vertex 29.6613 9.24983 2.47316
    endloop
  endfacet
  facet normal -0.452812 -0.874562 -0.173504
    outer loop
      vertex 29.7849 9.21534 2.32457
      vertex 29.7541 9.44655 1.23952
      vertex 29.8822 9.1911 2.19282
    endloop
  endfacet
  facet normal -0.452874 -0.874533 -0.173488
    outer loop
      vertex 29.8822 9.1911 2.19282
      vertex 29.7541 9.44655 1.23952
      vertex 29.9747 9.16805 2.06755
    endloop
  endfacet
  facet normal -0.452737 -0.874592 -0.173545
    outer loop
      vertex 29.9747 9.16805 2.06755
      vertex 29.7541 9.44655 1.23952
      vertex 30.1472 9.24306 1.23952
    endloop
  endfacet
  facet normal 0.452924 0.874511 0.173469
    outer loop
      vertex 30.1745 10.3371 1.41318
      vertex 30.3512 10.0648 2.32457
      vertex 30.4535 10.0393 2.18602
    endloop
  endfacet
  facet normal 0.452591 0.874649 0.173642
    outer loop
      vertex 30.1745 10.3371 1.41318
      vertex 30.4535 10.0393 2.18602
      vertex 30.5476 10.0159 2.05862
    endloop
  endfacet
  facet normal 0.453138 0.874448 0.173226
    outer loop
      vertex 30.1745 10.3371 1.41318
      vertex 30.5476 10.0159 2.05862
      vertex 30.5801 10.0089 2.00894
    endloop
  endfacet
  facet normal 0.452696 0.8746 0.173611
    outer loop
      vertex 30.1745 10.3371 1.41318
      vertex 30.5801 10.0089 2.00894
      vertex 30.6318 10.1004 1.41318
    endloop
  endfacet
  facet normal 0.452869 0.874535 0.173487
    outer loop
      vertex 30.3512 10.0648 2.32457
      vertex 30.1745 10.3371 1.41318
      vertex 30.2452 10.0944 2.45206
    endloop
  endfacet
  facet normal 0.452705 0.874614 0.173516
    outer loop
      vertex 30.1745 10.3371 1.41318
      vertex 30.1409 10.1235 2.5775
      vertex 30.2452 10.0944 2.45206
    endloop
  endfacet
  facet normal 0.452922 0.874505 0.173502
    outer loop
      vertex 30.1409 10.1235 2.5775
      vertex 30.1745 10.3371 1.41318
      vertex 30.0821 10.1415 2.64027
    endloop
  endfacet
  facet normal -0.0809793 -0.156385 0.984371
    outer loop
      vertex 30.6318 10.1004 1.41318
      vertex 30.6319 10.1006 1.41322
      vertex 30.1746 10.3374 1.41322
    endloop
  endfacet
  facet normal -0.058382 -0.112793 0.991902
    outer loop
      vertex 30.6318 10.1004 1.41318
      vertex 30.1746 10.3374 1.41322
      vertex 30.1745 10.3371 1.41318
    endloop
  endfacet
  facet normal 0.453956 0.876485 0.160306
    outer loop
      vertex 30.6319 10.1006 1.41322
      vertex 30.6328 10.1021 1.40247
      vertex 30.1754 10.339 1.40247
    endloop
  endfacet
  facet normal 0.453594 0.875964 0.164132
    outer loop
      vertex 30.6319 10.1006 1.41322
      vertex 30.1754 10.339 1.40247
      vertex 30.1746 10.3374 1.41322
    endloop
  endfacet
  facet normal 0.447806 0.864826 0.227039
    outer loop
      vertex 30.6328 10.1021 1.40247
      vertex 30.6364 10.1086 1.37061
      vertex 30.1785 10.3457 1.37061
    endloop
  endfacet
  facet normal 0.448056 0.865093 0.225521
    outer loop
      vertex 30.6328 10.1021 1.40247
      vertex 30.1785 10.3457 1.37061
      vertex 30.1754 10.339 1.40247
    endloop
  endfacet
  facet normal 0.439878 0.849553 0.291147
    outer loop
      vertex 30.6364 10.1086 1.37061
      vertex 30.6411 10.1169 1.33929
      vertex 30.1826 10.3543 1.33929
    endloop
  endfacet
  facet normal 0.43993 0.849617 0.290882
    outer loop
      vertex 30.6364 10.1086 1.37061
      vertex 30.1826 10.3543 1.33929
      vertex 30.1785 10.3457 1.37061
    endloop
  endfacet
  facet normal 0.430415 0.831327 0.351621
    outer loop
      vertex 30.6411 10.1169 1.33929
      vertex 30.6468 10.1269 1.30867
      vertex 30.1875 10.3647 1.30867
    endloop
  endfacet
  facet normal 0.430494 0.83143 0.351283
    outer loop
      vertex 30.6411 10.1169 1.33929
      vertex 30.1875 10.3647 1.30867
      vertex 30.1826 10.3543 1.33929
    endloop
  endfacet
  facet normal 0.418714 0.808776 0.412989
    outer loop
      vertex 30.6468 10.1269 1.30867
      vertex 30.6534 10.1387 1.27887
      vertex 30.1933 10.3769 1.27887
    endloop
  endfacet
  facet normal 0.4188 0.808894 0.41267
    outer loop
      vertex 30.6468 10.1269 1.30867
      vertex 30.1933 10.3769 1.27887
      vertex 30.1875 10.3647 1.30867
    endloop
  endfacet
  facet normal 0.405795 0.783551 0.47051
    outer loop
      vertex 30.6534 10.1387 1.27887
      vertex 30.661 10.1521 1.25
      vertex 30.1999 10.3909 1.25
    endloop
  endfacet
  facet normal 0.405258 0.782784 0.472244
    outer loop
      vertex 30.6534 10.1387 1.27887
      vertex 30.1999 10.3909 1.25
      vertex 30.1933 10.3769 1.27887
    endloop
  endfacet
  facet normal 0.390753 0.754575 0.527189
    outer loop
      vertex 30.661 10.1521 1.25
      vertex 30.6695 10.1671 1.22223
      vertex 30.2072 10.4065 1.22223
    endloop
  endfacet
  facet normal 0.390901 0.754793 0.526768
    outer loop
      vertex 30.661 10.1521 1.25
      vertex 30.2072 10.4065 1.22223
      vertex 30.1999 10.3909 1.25
    endloop
  endfacet
  facet normal 0.373745 0.721794 0.582518
    outer loop
      vertex 30.6695 10.1671 1.22223
      vertex 30.6789 10.1837 1.19563
      vertex 30.2154 10.4237 1.19563
    endloop
  endfacet
  facet normal 0.373897 0.722025 0.582135
    outer loop
      vertex 30.6695 10.1671 1.22223
      vertex 30.2154 10.4237 1.19563
      vertex 30.2072 10.4065 1.22223
    endloop
  endfacet
  facet normal 0.355412 0.686461 0.634393
    outer loop
      vertex 30.6789 10.1837 1.19563
      vertex 30.6891 10.2018 1.17033
      vertex 30.2242 10.4425 1.17033
    endloop
  endfacet
  facet normal 0.355593 0.68674 0.633989
    outer loop
      vertex 30.6789 10.1837 1.19563
      vertex 30.2242 10.4425 1.17033
      vertex 30.2154 10.4237 1.19563
    endloop
  endfacet
  facet normal 0.33549 0.648049 0.683725
    outer loop
      vertex 30.6891 10.2018 1.17033
      vertex 30.7001 10.2213 1.14645
      vertex 30.2338 10.4627 1.14645
    endloop
  endfacet
  facet normal 0.335672 0.648333 0.683366
    outer loop
      vertex 30.6891 10.2018 1.17033
      vertex 30.2338 10.4627 1.14645
      vertex 30.2242 10.4425 1.17033
    endloop
  endfacet
  facet normal 0.314884 0.608065 0.72877
    outer loop
      vertex 30.7001 10.2213 1.14645
      vertex 30.7119 10.242 1.12408
      vertex 30.244 10.4843 1.12408
    endloop
  endfacet
  facet normal 0.314364 0.607242 0.72968
    outer loop
      vertex 30.7001 10.2213 1.14645
      vertex 30.244 10.4843 1.12408
      vertex 30.2338 10.4627 1.14645
    endloop
  endfacet
  facet normal 0.291401 0.562784 0.773537
    outer loop
      vertex 30.7119 10.242 1.12408
      vertex 30.7243 10.2641 1.10333
      vertex 30.2548 10.5072 1.10333
    endloop
  endfacet
  facet normal 0.291602 0.563107 0.773226
    outer loop
      vertex 30.7119 10.242 1.12408
      vertex 30.2548 10.5072 1.10333
      vertex 30.244 10.4843 1.12408
    endloop
  endfacet
  facet normal 0.268208 0.518058 0.812207
    outer loop
      vertex 30.7243 10.2641 1.10333
      vertex 30.7374 10.2872 1.08427
      vertex 30.2661 10.5312 1.08427
    endloop
  endfacet
  facet normal 0.268425 0.51841 0.811911
    outer loop
      vertex 30.7243 10.2641 1.10333
      vertex 30.2661 10.5312 1.08427
      vertex 30.2548 10.5072 1.10333
    endloop
  endfacet
  facet normal 0.242728 0.468713 0.849347
    outer loop
      vertex 30.7374 10.2872 1.08427
      vertex 30.7511 10.3114 1.067
      vertex 30.278 10.5564 1.067
    endloop
  endfacet
  facet normal 0.242295 0.468007 0.84986
    outer loop
      vertex 30.7374 10.2872 1.08427
      vertex 30.278 10.5564 1.067
      vertex 30.2661 10.5312 1.08427
    endloop
  endfacet
  facet normal 0.217072 0.419143 0.881589
    outer loop
      vertex 30.7511 10.3114 1.067
      vertex 30.7653 10.3365 1.05157
      vertex 30.2903 10.5825 1.05157
    endloop
  endfacet
  facet normal 0.216978 0.418988 0.881686
    outer loop
      vertex 30.7511 10.3114 1.067
      vertex 30.2903 10.5825 1.05157
      vertex 30.278 10.5564 1.067
    endloop
  endfacet
  facet normal 0.189437 0.365985 0.911136
    outer loop
      vertex 30.7653 10.3365 1.05157
      vertex 30.78 10.3625 1.03807
      vertex 30.303 10.6094 1.03807
    endloop
  endfacet
  facet normal 0.190156 0.367171 0.910509
    outer loop
      vertex 30.7653 10.3365 1.05157
      vertex 30.303 10.6094 1.03807
      vertex 30.2903 10.5825 1.05157
    endloop
  endfacet
  facet normal 0.162522 0.313837 0.935464
    outer loop
      vertex 30.78 10.3625 1.03807
      vertex 30.795 10.3891 1.02654
      vertex 30.3161 10.6371 1.02654
    endloop
  endfacet
  facet normal 0.161982 0.312941 0.935858
    outer loop
      vertex 30.78 10.3625 1.03807
      vertex 30.3161 10.6371 1.02654
      vertex 30.303 10.6094 1.03807
    endloop
  endfacet
  facet normal 0.133447 0.257729 0.956957
    outer loop
      vertex 30.795 10.3891 1.02654
      vertex 30.8104 10.4164 1.01704
      vertex 30.3295 10.6654 1.01704
    endloop
  endfacet
  facet normal 0.133586 0.25796 0.956876
    outer loop
      vertex 30.795 10.3891 1.02654
      vertex 30.3295 10.6654 1.01704
      vertex 30.3161 10.6371 1.02654
    endloop
  endfacet
  facet normal 0.104564 0.201938 0.973801
    outer loop
      vertex 30.8104 10.4164 1.01704
      vertex 30.8261 10.4441 1.00961
      vertex 30.3431 10.6942 1.00961
    endloop
  endfacet
  facet normal 0.104525 0.201872 0.973818
    outer loop
      vertex 30.8104 10.4164 1.01704
      vertex 30.3431 10.6942 1.00961
      vertex 30.3295 10.6654 1.01704
    endloop
  endfacet
  facet normal 0.0747994 0.144477 0.986677
    outer loop
      vertex 30.8261 10.4441 1.00961
      vertex 30.842 10.4722 1.00429
      vertex 30.3568 10.7234 1.00429
    endloop
  endfacet
  facet normal 0.0748871 0.144624 0.986649
    outer loop
      vertex 30.8261 10.4441 1.00961
      vertex 30.3568 10.7234 1.00429
      vertex 30.3431 10.6942 1.00961
    endloop
  endfacet
  facet normal 0.0450869 0.0870823 0.99518
    outer loop
      vertex 30.842 10.4722 1.00429
      vertex 30.858 10.5006 1.00108
      vertex 30.3707 10.7529 1.00108
    endloop
  endfacet
  facet normal 0.0450696 0.0870533 0.995184
    outer loop
      vertex 30.842 10.4722 1.00429
      vertex 30.3707 10.7529 1.00108
      vertex 30.3568 10.7234 1.00429
    endloop
  endfacet
  facet normal 0.0130133 0.0304143 0.999453
    outer loop
      vertex 30.3707 10.7529 1.00108
      vertex 30.3847 10.7824 1
      vertex 29.878 10.9992 1
    endloop
  endfacet
  facet normal 0.0129888 0.0303653 0.999454
    outer loop
      vertex 30.3707 10.7529 1.00108
      vertex 29.878 10.9992 1
      vertex 29.8662 10.9687 1.00108
    endloop
  endfacet
  facet normal -0.0129371 -0.0301614 -0.999461
    outer loop
      vertex 30.3428 10.6937 0.0032196
      vertex 30.3826 10.7829 1.25728e-05
      vertex 30.3845 10.782 1.51389e-05
    endloop
  endfacet
  facet normal -0.0129114 -0.0301729 -0.999461
    outer loop
      vertex 30.3826 10.7829 1.25728e-05
      vertex 30.3428 10.6937 0.0032196
      vertex 29.8427 10.9077 0.0032196
    endloop
  endfacet
  facet normal -0.0127285 -0.029381 -0.999487
    outer loop
      vertex 29.8427 10.9077 0.0032196
      vertex 30.3732 10.7874 0
      vertex 30.3826 10.7829 1.25728e-05
    endloop
  endfacet
  facet normal -0.012913 -0.0301952 -0.999461
    outer loop
      vertex 30.3732 10.7874 0
      vertex 29.8427 10.9077 0.0032196
      vertex 29.9233 10.9798 0
    endloop
  endfacet
  facet normal -0.012912 -0.0301963 -0.999461
    outer loop
      vertex 29.9233 10.9798 0
      vertex 29.8427 10.9077 0.0032196
      vertex 29.8773 10.9975 5.95108e-05
    endloop
  endfacet
  facet normal -0.0386169 -0.0902769 -0.995168
    outer loop
      vertex 30.3428 10.6937 0.0032196
      vertex 30.3011 10.6054 0.0128479
      vertex 29.8076 10.8165 0.0128479
    endloop
  endfacet
  facet normal -0.0386012 -0.0902077 -0.995175
    outer loop
      vertex 29.8427 10.9077 0.0032196
      vertex 30.3428 10.6937 0.0032196
      vertex 29.8076 10.8165 0.0128479
    endloop
  endfacet
  facet normal -0.0640483 -0.149743 -0.986648
    outer loop
      vertex 30.3011 10.6054 0.0128479
      vertex 30.2598 10.5178 0.0288239
      vertex 29.7728 10.7261 0.0288239
    endloop
  endfacet
  facet normal -0.0640417 -0.149714 -0.986653
    outer loop
      vertex 29.8076 10.8165 0.0128479
      vertex 30.3011 10.6054 0.0128479
      vertex 29.7728 10.7261 0.0288239
    endloop
  endfacet
  facet normal -0.0894042 -0.209045 -0.973811
    outer loop
      vertex 30.2598 10.5178 0.0288239
      vertex 30.219 10.4314 0.0511169
      vertex 29.7385 10.6369 0.0511169
    endloop
  endfacet
  facet normal -0.0893952 -0.209004 -0.97382
    outer loop
      vertex 29.7728 10.7261 0.0288239
      vertex 30.2598 10.5178 0.0288239
      vertex 29.7385 10.6369 0.0511169
    endloop
  endfacet
  facet normal -0.114203 -0.266849 -0.956948
    outer loop
      vertex 30.219 10.4314 0.0511169
      vertex 30.1789 10.3464 0.0796051
      vertex 29.7048 10.5493 0.0796051
    endloop
  endfacet
  facet normal -0.114279 -0.267208 -0.956839
    outer loop
      vertex 29.7385 10.6369 0.0511169
      vertex 30.219 10.4314 0.0511169
      vertex 29.7048 10.5493 0.0796051
    endloop
  endfacet
  facet normal -0.138605 -0.324011 -0.935845
    outer loop
      vertex 30.1789 10.3464 0.0796051
      vertex 30.1397 10.2633 0.114182
      vertex 29.6717 10.4635 0.114182
    endloop
  endfacet
  facet normal -0.138548 -0.323733 -0.935949
    outer loop
      vertex 29.7048 10.5493 0.0796051
      vertex 30.1789 10.3464 0.0796051
      vertex 29.6717 10.4635 0.114182
    endloop
  endfacet
  facet normal -0.162475 -0.379794 -0.910691
    outer loop
      vertex 30.1397 10.2633 0.114182
      vertex 30.1015 10.1825 0.154694
      vertex 29.6396 10.3801 0.154694
    endloop
  endfacet
  facet normal -0.162482 -0.379828 -0.910676
    outer loop
      vertex 29.6717 10.4635 0.114182
      vertex 30.1397 10.2633 0.114182
      vertex 29.6396 10.3801 0.154694
    endloop
  endfacet
  facet normal -0.185529 -0.433726 -0.881737
    outer loop
      vertex 30.1015 10.1825 0.154694
      vertex 30.0646 10.1042 0.200974
      vertex 29.6085 10.2993 0.200974
    endloop
  endfacet
  facet normal -0.185516 -0.433652 -0.881777
    outer loop
      vertex 29.6396 10.3801 0.154694
      vertex 30.1015 10.1825 0.154694
      vertex 29.6085 10.2993 0.200974
    endloop
  endfacet
  facet normal -0.207772 -0.485628 -0.849115
    outer loop
      vertex 30.0646 10.1042 0.200974
      vertex 30.029 10.0288 0.252808
      vertex 29.5786 10.2215 0.252808
    endloop
  endfacet
  facet normal -0.207801 -0.485791 -0.849014
    outer loop
      vertex 29.6085 10.2993 0.200974
      vertex 30.0646 10.1042 0.200974
      vertex 29.5786 10.2215 0.252808
    endloop
  endfacet
  facet normal -0.229168 -0.535805 -0.812647
    outer loop
      vertex 30.029 10.0288 0.252808
      vertex 29.9949 9.95667 0.309982
      vertex 29.5499 10.147 0.309982
    endloop
  endfacet
  facet normal -0.229124 -0.535534 -0.812838
    outer loop
      vertex 29.5786 10.2215 0.252808
      vertex 30.029 10.0288 0.252808
      vertex 29.5499 10.147 0.309982
    endloop
  endfacet
  facet normal -0.249557 -0.583439 -0.772865
    outer loop
      vertex 29.9949 9.95667 0.309982
      vertex 29.9625 9.88804 0.372253
      vertex 29.5226 10.0762 0.372253
    endloop
  endfacet
  facet normal -0.249564 -0.583493 -0.772822
    outer loop
      vertex 29.5499 10.147 0.309982
      vertex 29.9949 9.95667 0.309982
      vertex 29.5226 10.0762 0.372253
    endloop
  endfacet
  facet normal -0.269034 -0.628865 -0.729486
    outer loop
      vertex 29.9625 9.88804 0.372253
      vertex 29.932 9.82326 0.439346
      vertex 29.4969 10.0094 0.439346
    endloop
  endfacet
  facet normal -0.269055 -0.629025 -0.72934
    outer loop
      vertex 29.5226 10.0762 0.372253
      vertex 29.9625 9.88804 0.372253
      vertex 29.4969 10.0094 0.439346
    endloop
  endfacet
  facet normal -0.287127 -0.671127 -0.683481
    outer loop
      vertex 29.932 9.82326 0.439346
      vertex 29.9033 9.76258 0.510986
      vertex 29.4728 9.94676 0.510986
    endloop
  endfacet
  facet normal -0.287131 -0.671166 -0.683441
    outer loop
      vertex 29.4969 10.0094 0.439346
      vertex 29.932 9.82326 0.439346
      vertex 29.4728 9.94676 0.510986
    endloop
  endfacet
  facet normal -0.304133 -0.71089 -0.634144
    outer loop
      vertex 29.9033 9.76258 0.510986
      vertex 29.8767 9.70627 0.586868
      vertex 29.4504 9.88865 0.586868
    endloop
  endfacet
  facet normal -0.304132 -0.710874 -0.634162
    outer loop
      vertex 29.4728 9.94676 0.510986
      vertex 29.9033 9.76258 0.510986
      vertex 29.4504 9.88865 0.586868
    endloop
  endfacet
  facet normal -0.31982 -0.747522 -0.582174
    outer loop
      vertex 29.8767 9.70627 0.586868
      vertex 29.8523 9.65457 0.666656
      vertex 29.4299 9.83529 0.666656
    endloop
  endfacet
  facet normal -0.319823 -0.747562 -0.582121
    outer loop
      vertex 29.4504 9.88865 0.586868
      vertex 29.8767 9.70627 0.586868
      vertex 29.4299 9.83529 0.666656
    endloop
  endfacet
  facet normal -0.334106 -0.780878 -0.527828
    outer loop
      vertex 29.8523 9.65457 0.666656
      vertex 29.8302 9.60769 0.75
      vertex 29.4113 9.78692 0.75
    endloop
  endfacet
  facet normal -0.334106 -0.780912 -0.527778
    outer loop
      vertex 29.4299 9.83529 0.666656
      vertex 29.8523 9.65457 0.666656
      vertex 29.4113 9.78692 0.75
    endloop
  endfacet
  facet normal -0.346911 -0.811063 -0.470987
    outer loop
      vertex 29.8302 9.60769 0.75
      vertex 29.8105 9.56584 0.836578
      vertex 29.3946 9.74373 0.836578
    endloop
  endfacet
  facet normal -0.346917 -0.810821 -0.4714
    outer loop
      vertex 29.4113 9.78692 0.75
      vertex 29.8302 9.60769 0.75
      vertex 29.3946 9.74373 0.836578
    endloop
  endfacet
  facet normal -0.358278 -0.83751 -0.41257
    outer loop
      vertex 29.8105 9.56584 0.836578
      vertex 29.7932 9.5292 0.92598
      vertex 29.3801 9.70592 0.92598
    endloop
  endfacet
  facet normal -0.358269 -0.83762 -0.412354
    outer loop
      vertex 29.3946 9.74373 0.836578
      vertex 29.8105 9.56584 0.836578
      vertex 29.3801 9.70592 0.92598
    endloop
  endfacet
  facet normal -0.368171 -0.860505 -0.35211
    outer loop
      vertex 29.7932 9.5292 0.92598
      vertex 29.7784 9.49794 1.01785
      vertex 29.3677 9.67366 1.01785
    endloop
  endfacet
  facet normal -0.368156 -0.860601 -0.35189
    outer loop
      vertex 29.3801 9.70592 0.92598
      vertex 29.7932 9.5292 0.92598
      vertex 29.3677 9.67366 1.01785
    endloop
  endfacet
  facet normal -0.376417 -0.879813 -0.290239
    outer loop
      vertex 29.7784 9.49794 1.01785
      vertex 29.7662 9.47217 1.11179
      vertex 29.3574 9.64707 1.11179
    endloop
  endfacet
  facet normal -0.376423 -0.879791 -0.2903
    outer loop
      vertex 29.3677 9.67366 1.01785
      vertex 29.7784 9.49794 1.01785
      vertex 29.3574 9.64707 1.11179
    endloop
  endfacet
  facet normal -0.38309 -0.8954 -0.226937
    outer loop
      vertex 29.7662 9.47217 1.11179
      vertex 29.7567 9.45201 1.20737
      vertex 29.3494 9.62627 1.20737
    endloop
  endfacet
  facet normal -0.383088 -0.895405 -0.226921
    outer loop
      vertex 29.3574 9.64707 1.11179
      vertex 29.7662 9.47217 1.11179
      vertex 29.3494 9.62627 1.20737
    endloop
  endfacet
  facet normal -0.388116 -0.907314 -0.161699
    outer loop
      vertex 29.7567 9.45201 1.20737
      vertex 29.7545 9.4472 1.23964
      vertex 29.3475 9.6213 1.23964
    endloop
  endfacet
  facet normal -0.38812 -0.907158 -0.162566
    outer loop
      vertex 29.3494 9.62627 1.20737
      vertex 29.7567 9.45201 1.20737
      vertex 29.3475 9.6213 1.23964
    endloop
  endfacet
  facet normal 0.0617466 0.144328 -0.987601
    outer loop
      vertex 29.7545 9.4472 1.23964
      vertex 29.7541 9.44655 1.23952
      vertex 29.3472 9.62063 1.23952
    endloop
  endfacet
  facet normal 0.0634564 0.148344 -0.986898
    outer loop
      vertex 29.3475 9.6213 1.23964
      vertex 29.7545 9.4472 1.23964
      vertex 29.3472 9.62063 1.23952
    endloop
  endfacet
  facet normal -0.387022 -0.905603 -0.173484
    outer loop
      vertex 29.7541 9.44655 1.23952
      vertex 29.5709 9.26853 2.5775
      vertex 29.4628 9.29351 2.68826
    endloop
  endfacet
  facet normal -0.387567 -0.905362 -0.173526
    outer loop
      vertex 29.5709 9.26853 2.5775
      vertex 29.7541 9.44655 1.23952
      vertex 29.6613 9.24983 2.47316
    endloop
  endfacet
  facet normal -0.387185 -0.905525 -0.173529
    outer loop
      vertex 29.3472 9.62063 1.23952
      vertex 29.338 9.3224 2.8163
      vertex 29.2418 9.34675 2.90388
    endloop
  endfacet
  facet normal -0.387386 -0.905442 -0.173514
    outer loop
      vertex 29.338 9.3224 2.8163
      vertex 29.3472 9.62063 1.23952
      vertex 29.4525 9.29591 2.6989
    endloop
  endfacet
  facet normal -0.389636 -0.904545 -0.173152
    outer loop
      vertex 29.4525 9.29591 2.6989
      vertex 29.3472 9.62063 1.23952
      vertex 29.4628 9.29351 2.68826
    endloop
  endfacet
  facet normal -0.387368 -0.905445 -0.173537
    outer loop
      vertex 29.4628 9.29351 2.68826
      vertex 29.3472 9.62063 1.23952
      vertex 29.7541 9.44655 1.23952
    endloop
  endfacet
  facet normal 0.387549 0.905377 0.173488
    outer loop
      vertex 29.7011 10.5397 1.41318
      vertex 29.9105 10.1812 2.8163
      vertex 30.031 10.1533 2.69272
    endloop
  endfacet
  facet normal 0.387269 0.905477 0.173591
    outer loop
      vertex 29.7011 10.5397 1.41318
      vertex 30.031 10.1533 2.69272
      vertex 30.0821 10.1415 2.64027
    endloop
  endfacet
  facet normal 0.387483 0.905403 0.1735
    outer loop
      vertex 29.7011 10.5397 1.41318
      vertex 30.0821 10.1415 2.64027
      vertex 30.1745 10.3371 1.41318
    endloop
  endfacet
  facet normal 0.387379 0.905442 0.17353
    outer loop
      vertex 29.9105 10.1812 2.8163
      vertex 29.7011 10.5397 1.41318
      vertex 29.8268 10.2024 2.89253
    endloop
  endfacet
  facet normal 0.38733 0.905461 0.173539
    outer loop
      vertex 29.7011 10.5397 1.41318
      vertex 29.6649 10.2434 3.03996
      vertex 29.8268 10.2024 2.89253
    endloop
  endfacet
  facet normal 0.386811 0.905678 0.173567
    outer loop
      vertex 29.6649 10.2434 3.03996
      vertex 29.7011 10.5397 1.41318
      vertex 29.5944 10.2626 3.09689
    endloop
  endfacet
  facet normal -0.0495195 -0.115766 0.992041
    outer loop
      vertex 30.1745 10.3371 1.41318
      vertex 30.1746 10.3374 1.41322
      vertex 29.7012 10.5399 1.41322
    endloop
  endfacet
  facet normal -0.0694008 -0.162164 0.98432
    outer loop
      vertex 30.1745 10.3371 1.41318
      vertex 29.7012 10.5399 1.41322
      vertex 29.7011 10.5397 1.41318
    endloop
  endfacet
  facet normal 0.387994 0.906978 0.163866
    outer loop
      vertex 30.1746 10.3374 1.41322
      vertex 30.1754 10.339 1.40247
      vertex 29.7018 10.5416 1.40247
    endloop
  endfacet
  facet normal 0.387892 0.906806 0.165052
    outer loop
      vertex 30.1746 10.3374 1.41322
      vertex 29.7018 10.5416 1.40247
      vertex 29.7012 10.5399 1.41322
    endloop
  endfacet
  facet normal 0.383213 0.895675 0.225643
    outer loop
      vertex 30.1754 10.339 1.40247
      vertex 30.1785 10.3457 1.37061
      vertex 29.7045 10.5485 1.37061
    endloop
  endfacet
  facet normal 0.383096 0.89553 0.226413
    outer loop
      vertex 30.1754 10.339 1.40247
      vertex 29.7045 10.5485 1.37061
      vertex 29.7018 10.5416 1.40247
    endloop
  endfacet
  facet normal 0.376358 0.879651 0.290807
    outer loop
      vertex 30.1785 10.3457 1.37061
      vertex 30.1826 10.3543 1.33929
      vertex 29.7079 10.5574 1.33929
    endloop
  endfacet
  facet normal 0.376356 0.879648 0.29082
    outer loop
      vertex 30.1785 10.3457 1.37061
      vertex 29.7079 10.5574 1.33929
      vertex 29.7045 10.5485 1.37061
    endloop
  endfacet
  facet normal 0.368222 0.860815 0.351299
    outer loop
      vertex 30.1826 10.3543 1.33929
      vertex 30.1875 10.3647 1.30867
      vertex 29.712 10.5681 1.30867
    endloop
  endfacet
  facet normal 0.36844 0.861146 0.350257
    outer loop
      vertex 30.1826 10.3543 1.33929
      vertex 29.712 10.5681 1.30867
      vertex 29.7079 10.5574 1.33929
    endloop
  endfacet
  facet normal 0.358274 0.837497 0.412599
    outer loop
      vertex 30.1875 10.3647 1.30867
      vertex 30.1933 10.3769 1.27887
      vertex 29.7169 10.5807 1.27887
    endloop
  endfacet
  facet normal 0.35819 0.837361 0.412949
    outer loop
      vertex 30.1875 10.3647 1.30867
      vertex 29.7169 10.5807 1.27887
      vertex 29.712 10.5681 1.30867
    endloop
  endfacet
  facet normal 0.34659 0.810464 0.472254
    outer loop
      vertex 30.1933 10.3769 1.27887
      vertex 30.1999 10.3909 1.25
      vertex 29.7224 10.5951 1.25
    endloop
  endfacet
  facet normal 0.347015 0.811177 0.470715
    outer loop
      vertex 30.1933 10.3769 1.27887
      vertex 29.7224 10.5951 1.25
      vertex 29.7169 10.5807 1.27887
    endloop
  endfacet
  facet normal 0.334241 0.781473 0.526861
    outer loop
      vertex 30.1999 10.3909 1.25
      vertex 30.2072 10.4065 1.22223
      vertex 29.7286 10.6112 1.22223
    endloop
  endfacet
  facet normal 0.334053 0.781148 0.527462
    outer loop
      vertex 30.1999 10.3909 1.25
      vertex 29.7286 10.6112 1.22223
      vertex 29.7224 10.5951 1.25
    endloop
  endfacet
  facet normal 0.319835 0.747631 0.582026
    outer loop
      vertex 30.2072 10.4065 1.22223
      vertex 30.2154 10.4237 1.19563
      vertex 29.7355 10.629 1.19563
    endloop
  endfacet
  facet normal 0.319547 0.747118 0.582841
    outer loop
      vertex 30.2072 10.4065 1.22223
      vertex 29.7355 10.629 1.19563
      vertex 29.7286 10.6112 1.22223
    endloop
  endfacet
  facet normal 0.304142 0.710944 0.634079
    outer loop
      vertex 30.2154 10.4237 1.19563
      vertex 30.2242 10.4425 1.17033
      vertex 29.7429 10.6484 1.17033
    endloop
  endfacet
  facet normal 0.304135 0.710931 0.634097
    outer loop
      vertex 30.2154 10.4237 1.19563
      vertex 29.7429 10.6484 1.17033
      vertex 29.7355 10.629 1.19563
    endloop
  endfacet
  facet normal 0.287248 0.671264 0.683296
    outer loop
      vertex 30.2242 10.4425 1.17033
      vertex 30.2338 10.4627 1.14645
      vertex 29.751 10.6693 1.14645
    endloop
  endfacet
  facet normal 0.286858 0.670543 0.684167
    outer loop
      vertex 30.2242 10.4425 1.17033
      vertex 29.751 10.6693 1.14645
      vertex 29.7429 10.6484 1.17033
    endloop
  endfacet
  facet normal 0.268984 0.628667 0.729675
    outer loop
      vertex 30.2338 10.4627 1.14645
      vertex 30.244 10.4843 1.12408
      vertex 29.7595 10.6916 1.12408
    endloop
  endfacet
  facet normal 0.269165 0.629007 0.729315
    outer loop
      vertex 30.2338 10.4627 1.14645
      vertex 29.7595 10.6916 1.12408
      vertex 29.751 10.6693 1.14645
    endloop
  endfacet
  facet normal 0.249416 0.58301 0.773234
    outer loop
      vertex 30.244 10.4843 1.12408
      vertex 30.2548 10.5072 1.10333
      vertex 29.7686 10.7152 1.10333
    endloop
  endfacet
  facet normal 0.249592 0.583344 0.772925
    outer loop
      vertex 30.244 10.4843 1.12408
      vertex 29.7686 10.7152 1.10333
      vertex 29.7595 10.6916 1.12408
    endloop
  endfacet
  facet normal 0.229672 0.536672 0.811932
    outer loop
      vertex 30.2548 10.5072 1.10333
      vertex 30.2661 10.5312 1.08427
      vertex 29.7782 10.74 1.08427
    endloop
  endfacet
  facet normal 0.229224 0.535811 0.812627
    outer loop
      vertex 30.2548 10.5072 1.10333
      vertex 29.7782 10.74 1.08427
      vertex 29.7686 10.7152 1.10333
    endloop
  endfacet
  facet normal 0.207255 0.484551 0.849856
    outer loop
      vertex 30.2661 10.5312 1.08427
      vertex 30.278 10.5564 1.067
      vertex 29.7882 10.7659 1.067
    endloop
  endfacet
  facet normal 0.207909 0.485818 0.848973
    outer loop
      vertex 30.2661 10.5312 1.08427
      vertex 29.7882 10.7659 1.067
      vertex 29.7782 10.74 1.08427
    endloop
  endfacet
  facet normal 0.185508 0.433823 0.881694
    outer loop
      vertex 30.278 10.5564 1.067
      vertex 30.2903 10.5825 1.05157
      vertex 29.7985 10.7928 1.05157
    endloop
  endfacet
  facet normal 0.185805 0.434401 0.881347
    outer loop
      vertex 30.278 10.5564 1.067
      vertex 29.7985 10.7928 1.05157
      vertex 29.7882 10.7659 1.067
    endloop
  endfacet
  facet normal 0.162668 0.380148 0.910509
    outer loop
      vertex 30.2903 10.5825 1.05157
      vertex 30.303 10.6094 1.03807
      vertex 29.8092 10.8207 1.03807
    endloop
  endfacet
  facet normal 0.161973 0.378785 0.911201
    outer loop
      vertex 30.2903 10.5825 1.05157
      vertex 29.8092 10.8207 1.03807
      vertex 29.7985 10.7928 1.05157
    endloop
  endfacet
  facet normal 0.13858 0.324006 0.93585
    outer loop
      vertex 30.303 10.6094 1.03807
      vertex 30.3161 10.6371 1.02654
      vertex 29.8202 10.8492 1.02654
    endloop
  endfacet
  facet normal 0.138994 0.324823 0.935506
    outer loop
      vertex 30.303 10.6094 1.03807
      vertex 29.8202 10.8492 1.02654
      vertex 29.8092 10.8207 1.03807
    endloop
  endfacet
  facet normal 0.114292 0.267093 0.956869
    outer loop
      vertex 30.3161 10.6371 1.02654
      vertex 30.3295 10.6654 1.01704
      vertex 29.8315 10.8785 1.01704
    endloop
  endfacet
  facet normal 0.113935 0.266385 0.957109
    outer loop
      vertex 30.3161 10.6371 1.02654
      vertex 29.8315 10.8785 1.01704
      vertex 29.8202 10.8492 1.02654
    endloop
  endfacet
  facet normal 0.0894188 0.209006 0.973818
    outer loop
      vertex 30.3295 10.6654 1.01704
      vertex 30.3431 10.6942 1.00961
      vertex 29.8429 10.9082 1.00961
    endloop
  endfacet
  facet normal 0.0895347 0.209236 0.973757
    outer loop
      vertex 30.3295 10.6654 1.01704
      vertex 29.8429 10.9082 1.00961
      vertex 29.8315 10.8785 1.01704
    endloop
  endfacet
  facet normal 0.0640503 0.149709 0.986653
    outer loop
      vertex 30.3431 10.6942 1.00961
      vertex 30.3568 10.7234 1.00429
      vertex 29.8545 10.9383 1.00429
    endloop
  endfacet
  facet normal 0.0640472 0.149703 0.986654
    outer loop
      vertex 30.3431 10.6942 1.00961
      vertex 29.8545 10.9383 1.00429
      vertex 29.8429 10.9082 1.00961
    endloop
  endfacet
  facet normal 0.0385509 0.0901248 0.995184
    outer loop
      vertex 30.3568 10.7234 1.00429
      vertex 30.3707 10.7529 1.00108
      vertex 29.8662 10.9687 1.00108
    endloop
  endfacet
  facet normal 0.0386015 0.0902259 0.995173
    outer loop
      vertex 30.3568 10.7234 1.00429
      vertex 29.8662 10.9687 1.00108
      vertex 29.8545 10.9383 1.00429
    endloop
  endfacet
  facet normal 0.0107271 0.0312404 0.999454
    outer loop
      vertex 29.8662 10.9687 1.00108
      vertex 29.878 10.9992 1
      vertex 29.3567 11.1782 1
    endloop
  endfacet
  facet normal 0.0107359 0.0312617 0.999454
    outer loop
      vertex 29.8662 10.9687 1.00108
      vertex 29.3567 11.1782 1
      vertex 29.3473 11.1469 1.00108
    endloop
  endfacet
  facet normal -0.0106584 -0.0310646 -0.999461
    outer loop
      vertex 29.8427 10.9077 0.0032196
      vertex 29.8695 11.0005 4.94473e-05
      vertex 29.8773 10.9975 5.95108e-05
    endloop
  endfacet
  facet normal -0.0106643 -0.0310629 -0.999461
    outer loop
      vertex 29.8695 11.0005 4.94473e-05
      vertex 29.8427 10.9077 0.0032196
      vertex 29.3283 11.0843 0.0032196
    endloop
  endfacet
  facet normal -0.0106133 -0.030733 -0.999471
    outer loop
      vertex 29.3283 11.0843 0.0032196
      vertex 29.8313 11.0153 0
      vertex 29.8695 11.0005 4.94473e-05
    endloop
  endfacet
  facet normal -0.0106553 -0.03104 -0.999461
    outer loop
      vertex 29.8313 11.0153 0
      vertex 29.3283 11.0843 0.0032196
      vertex 29.3687 11.1741 0
    endloop
  endfacet
  facet normal -0.0105101 -0.0311053 -0.999461
    outer loop
      vertex 29.3687 11.1741 0
      vertex 29.3283 11.0843 0.0032196
      vertex 29.3566 11.1777 1.52016e-05
    endloop
  endfacet
  facet normal -0.0318657 -0.0927999 -0.995175
    outer loop
      vertex 29.8427 10.9077 0.0032196
      vertex 29.8076 10.8165 0.0128479
      vertex 29.3 10.9908 0.0128479
    endloop
  endfacet
  facet normal -0.0318707 -0.0928328 -0.995172
    outer loop
      vertex 29.3283 11.0843 0.0032196
      vertex 29.8427 10.9077 0.0032196
      vertex 29.3 10.9908 0.0128479
    endloop
  endfacet
  facet normal -0.0528839 -0.154009 -0.986653
    outer loop
      vertex 29.8076 10.8165 0.0128479
      vertex 29.7728 10.7261 0.0288239
      vertex 29.2719 10.8981 0.0288239
    endloop
  endfacet
  facet normal -0.052884 -0.15401 -0.986653
    outer loop
      vertex 29.3 10.9908 0.0128479
      vertex 29.8076 10.8165 0.0128479
      vertex 29.2719 10.8981 0.0288239
    endloop
  endfacet
  facet normal -0.0738112 -0.214996 -0.973822
    outer loop
      vertex 29.7728 10.7261 0.0288239
      vertex 29.7385 10.6369 0.0511169
      vertex 29.2442 10.8066 0.0511169
    endloop
  endfacet
  facet normal -0.0738008 -0.214923 -0.973838
    outer loop
      vertex 29.2719 10.8981 0.0288239
      vertex 29.7728 10.7261 0.0288239
      vertex 29.2442 10.8066 0.0511169
    endloop
  endfacet
  facet normal -0.0943321 -0.274882 -0.956839
    outer loop
      vertex 29.7385 10.6369 0.0511169
      vertex 29.7048 10.5493 0.0796051
      vertex 29.217 10.7167 0.0796051
    endloop
  endfacet
  facet normal -0.0943066 -0.274695 -0.956895
    outer loop
      vertex 29.2442 10.8066 0.0511169
      vertex 29.7385 10.6369 0.0511169
      vertex 29.217 10.7167 0.0796051
    endloop
  endfacet
  facet normal -0.114385 -0.333053 -0.935944
    outer loop
      vertex 29.7048 10.5493 0.0796051
      vertex 29.6717 10.4635 0.114182
      vertex 29.1904 10.6288 0.114182
    endloop
  endfacet
  facet normal -0.11444 -0.333476 -0.935787
    outer loop
      vertex 29.217 10.7167 0.0796051
      vertex 29.7048 10.5493 0.0796051
      vertex 29.1904 10.6288 0.114182
    endloop
  endfacet
  facet normal -0.134139 -0.390737 -0.910676
    outer loop
      vertex 29.6717 10.4635 0.114182
      vertex 29.6396 10.3801 0.154694
      vertex 29.1645 10.5432 0.154694
    endloop
  endfacet
  facet normal -0.134107 -0.390475 -0.910793
    outer loop
      vertex 29.1904 10.6288 0.114182
      vertex 29.6717 10.4635 0.114182
      vertex 29.1645 10.5432 0.154694
    endloop
  endfacet
  facet normal -0.153198 -0.446092 -0.881778
    outer loop
      vertex 29.6396 10.3801 0.154694
      vertex 29.6085 10.2993 0.200974
      vertex 29.1394 10.4604 0.200974
    endloop
  endfacet
  facet normal -0.153226 -0.446337 -0.881649
    outer loop
      vertex 29.1645 10.5432 0.154694
      vertex 29.6396 10.3801 0.154694
      vertex 29.1394 10.4604 0.200974
    endloop
  endfacet
  facet normal -0.17157 -0.499722 -0.849024
    outer loop
      vertex 29.6085 10.2993 0.200974
      vertex 29.5786 10.2215 0.252808
      vertex 29.1152 10.3806 0.252808
    endloop
  endfacet
  facet normal -0.171551 -0.499533 -0.849139
    outer loop
      vertex 29.1394 10.4604 0.200974
      vertex 29.6085 10.2993 0.200974
      vertex 29.1152 10.3806 0.252808
    endloop
  endfacet
  facet normal -0.189176 -0.550921 -0.812834
    outer loop
      vertex 29.5786 10.2215 0.252808
      vertex 29.5499 10.147 0.309982
      vertex 29.0921 10.3042 0.309982
    endloop
  endfacet
  facet normal -0.189185 -0.551028 -0.812759
    outer loop
      vertex 29.1152 10.3806 0.252808
      vertex 29.5786 10.2215 0.252808
      vertex 29.0921 10.3042 0.309982
    endloop
  endfacet
  facet normal -0.206134 -0.600228 -0.77281
    outer loop
      vertex 29.5499 10.147 0.309982
      vertex 29.5226 10.0762 0.372253
      vertex 29.0701 10.2316 0.372253
    endloop
  endfacet
  facet normal -0.206141 -0.600326 -0.772732
    outer loop
      vertex 29.0921 10.3042 0.309982
      vertex 29.5499 10.147 0.309982
      vertex 29.0701 10.2316 0.372253
    endloop
  endfacet
  facet normal -0.222108 -0.647091 -0.729343
    outer loop
      vertex 29.5226 10.0762 0.372253
      vertex 29.4969 10.0094 0.439346
      vertex 29.0494 10.163 0.439346
    endloop
  endfacet
  facet normal -0.222085 -0.646675 -0.729719
    outer loop
      vertex 29.0701 10.2316 0.372253
      vertex 29.5226 10.0762 0.372253
      vertex 29.0494 10.163 0.439346
    endloop
  endfacet
  facet normal -0.23702 -0.690451 -0.683446
    outer loop
      vertex 29.4969 10.0094 0.439346
      vertex 29.4728 9.94676 0.510986
      vertex 29.0299 10.0988 0.510986
    endloop
  endfacet
  facet normal -0.237023 -0.690547 -0.683348
    outer loop
      vertex 29.0494 10.163 0.439346
      vertex 29.4969 10.0094 0.439346
      vertex 29.0299 10.0988 0.510986
    endloop
  endfacet
  facet normal -0.25108 -0.731309 -0.63415
    outer loop
      vertex 29.4728 9.94676 0.510986
      vertex 29.4504 9.88865 0.586868
      vertex 29.0119 10.0392 0.586868
    endloop
  endfacet
  facet normal -0.251081 -0.731411 -0.634031
    outer loop
      vertex 29.0299 10.0988 0.510986
      vertex 29.4728 9.94676 0.510986
      vertex 29.0119 10.0392 0.586868
    endloop
  endfacet
  facet normal -0.264043 -0.769021 -0.582141
    outer loop
      vertex 29.4504 9.88865 0.586868
      vertex 29.4299 9.83529 0.666656
      vertex 28.9953 9.98451 0.666656
    endloop
  endfacet
  facet normal -0.264043 -0.769065 -0.582083
    outer loop
      vertex 29.0119 10.0392 0.586868
      vertex 29.4504 9.88865 0.586868
      vertex 28.9953 9.98451 0.666656
    endloop
  endfacet
  facet normal -0.275821 -0.803344 -0.527789
    outer loop
      vertex 29.4299 9.83529 0.666656
      vertex 29.4113 9.78692 0.75
      vertex 28.9803 9.9349 0.75
    endloop
  endfacet
  facet normal -0.275822 -0.803326 -0.527816
    outer loop
      vertex 28.9953 9.98451 0.666656
      vertex 29.4299 9.83529 0.666656
      vertex 28.9803 9.9349 0.75
    endloop
  endfacet
  facet normal -0.286453 -0.834124 -0.471362
    outer loop
      vertex 29.4113 9.78692 0.75
      vertex 29.3946 9.74373 0.836578
      vertex 28.9669 9.89061 0.836578
    endloop
  endfacet
  facet normal -0.286439 -0.834269 -0.471113
    outer loop
      vertex 28.9803 9.9349 0.75
      vertex 29.4113 9.78692 0.75
      vertex 28.9669 9.89061 0.836578
    endloop
  endfacet
  facet normal -0.295818 -0.861644 -0.412386
    outer loop
      vertex 29.3946 9.74373 0.836578
      vertex 29.3801 9.70592 0.92598
      vertex 28.9551 9.85183 0.92598
    endloop
  endfacet
  facet normal -0.295845 -0.86147 -0.412729
    outer loop
      vertex 28.9669 9.89061 0.836578
      vertex 29.3946 9.74373 0.836578
      vertex 28.9551 9.85183 0.92598
    endloop
  endfacet
  facet normal -0.303933 -0.885319 -0.351901
    outer loop
      vertex 29.3801 9.70592 0.92598
      vertex 29.3677 9.67366 1.01785
      vertex 28.9451 9.81874 1.01785
    endloop
  endfacet
  facet normal -0.303938 -0.885297 -0.351952
    outer loop
      vertex 28.9551 9.85183 0.92598
      vertex 29.3801 9.70592 0.92598
      vertex 28.9451 9.81874 1.01785
    endloop
  endfacet
  facet normal -0.310821 -0.905063 -0.290261
    outer loop
      vertex 29.3677 9.67366 1.01785
      vertex 29.3574 9.64707 1.11179
      vertex 28.9369 9.79148 1.11179
    endloop
  endfacet
  facet normal -0.310767 -0.905226 -0.28981
    outer loop
      vertex 28.9451 9.81874 1.01785
      vertex 29.3677 9.67366 1.01785
      vertex 28.9369 9.79148 1.11179
    endloop
  endfacet
  facet normal -0.316282 -0.921124 -0.226927
    outer loop
      vertex 29.3574 9.64707 1.11179
      vertex 29.3494 9.62627 1.20737
      vertex 28.9304 9.77014 1.20737
    endloop
  endfacet
  facet normal -0.316314 -0.921057 -0.227154
    outer loop
      vertex 28.9369 9.79148 1.11179
      vertex 29.3574 9.64707 1.11179
      vertex 28.9304 9.77014 1.20737
    endloop
  endfacet
  facet normal -0.320447 -0.933208 -0.162594
    outer loop
      vertex 29.3494 9.62627 1.20737
      vertex 29.3475 9.6213 1.23964
      vertex 28.9289 9.76504 1.23964
    endloop
  endfacet
  facet normal -0.320444 -0.933245 -0.162387
    outer loop
      vertex 28.9304 9.77014 1.20737
      vertex 29.3494 9.62627 1.20737
      vertex 28.9289 9.76504 1.23964
    endloop
  endfacet
  facet normal 0.0526094 0.153183 -0.986796
    outer loop
      vertex 29.3475 9.6213 1.23964
      vertex 29.3472 9.62063 1.23952
      vertex 28.9287 9.76436 1.23952
    endloop
  endfacet
  facet normal 0.0542646 0.15803 -0.985942
    outer loop
      vertex 28.9289 9.76504 1.23964
      vertex 29.3475 9.6213 1.23964
      vertex 28.9287 9.76436 1.23952
    endloop
  endfacet
  facet normal -0.319712 -0.931492 -0.173515
    outer loop
      vertex 29.3472 9.62063 1.23952
      vertex 29.086 9.3749 3.03996
      vertex 28.9851 9.395 3.11797
    endloop
  endfacet
  facet normal -0.319858 -0.931439 -0.173529
    outer loop
      vertex 29.086 9.3749 3.03996
      vertex 29.3472 9.62063 1.23952
      vertex 29.2418 9.34675 2.90388
    endloop
  endfacet
  facet normal -0.319742 -0.931475 -0.173547
    outer loop
      vertex 28.9287 9.76436 1.23952
      vertex 28.9483 9.40234 3.14647
      vertex 28.8264 9.42662 3.24074
    endloop
  endfacet
  facet normal -0.320144 -0.931343 -0.173518
    outer loop
      vertex 28.9287 9.76436 1.23952
      vertex 28.9851 9.395 3.11797
      vertex 28.9483 9.40234 3.14647
    endloop
  endfacet
  facet normal -0.31989 -0.931426 -0.173542
    outer loop
      vertex 28.9851 9.395 3.11797
      vertex 28.9287 9.76436 1.23952
      vertex 29.3472 9.62063 1.23952
    endloop
  endfacet
  facet normal 0.320023 0.931392 0.173475
    outer loop
      vertex 29.214 10.7069 1.41318
      vertex 29.5373 10.274 3.14102
      vertex 29.5944 10.2626 3.09689
    endloop
  endfacet
  facet normal 0.319734 0.931475 0.173562
    outer loop
      vertex 29.214 10.7069 1.41318
      vertex 29.5944 10.2626 3.09689
      vertex 29.7011 10.5397 1.41318
    endloop
  endfacet
  facet normal 0.319777 0.931465 0.173539
    outer loop
      vertex 29.5373 10.274 3.14102
      vertex 29.214 10.7069 1.41318
      vertex 29.4002 10.3013 3.24712
    endloop
  endfacet
  facet normal 0.319612 0.93152 0.173544
    outer loop
      vertex 29.214 10.7069 1.41318
      vertex 29.1203 10.3618 3.43811
      vertex 29.2629 10.331 3.34081
    endloop
  endfacet
  facet normal 0.31986 0.93144 0.173522
    outer loop
      vertex 29.214 10.7069 1.41318
      vertex 29.2629 10.331 3.34081
      vertex 29.3997 10.3014 3.24753
    endloop
  endfacet
  facet normal 0.327103 0.929151 0.172283
    outer loop
      vertex 29.214 10.7069 1.41318
      vertex 29.3997 10.3014 3.24753
      vertex 29.4002 10.3013 3.24712
    endloop
  endfacet
  facet normal 0.327022 0.928963 0.173451
    outer loop
      vertex 29.1203 10.3618 3.43811
      vertex 29.214 10.7069 1.41318
      vertex 29.1103 10.3642 3.44411
    endloop
  endfacet
  facet normal -0.0576926 -0.167974 0.984102
    outer loop
      vertex 29.7011 10.5397 1.41318
      vertex 29.7012 10.5399 1.41322
      vertex 29.2141 10.7072 1.41322
    endloop
  endfacet
  facet normal -0.0407438 -0.118698 0.992094
    outer loop
      vertex 29.7011 10.5397 1.41318
      vertex 29.2141 10.7072 1.41322
      vertex 29.214 10.7069 1.41318
    endloop
  endfacet
  facet normal 0.320132 0.932825 0.165384
    outer loop
      vertex 29.7012 10.5399 1.41322
      vertex 29.7018 10.5416 1.40247
      vertex 29.2146 10.7088 1.40247
    endloop
  endfacet
  facet normal 0.32096 0.934486 0.154015
    outer loop
      vertex 29.7012 10.5399 1.41322
      vertex 29.2146 10.7088 1.40247
      vertex 29.2141 10.7072 1.41322
    endloop
  endfacet
  facet normal 0.316396 0.921233 0.226327
    outer loop
      vertex 29.7018 10.5416 1.40247
      vertex 29.7045 10.5485 1.37061
      vertex 29.2168 10.716 1.37061
    endloop
  endfacet
  facet normal 0.315912 0.920528 0.229843
    outer loop
      vertex 29.7018 10.5416 1.40247
      vertex 29.2168 10.716 1.37061
      vertex 29.2146 10.7088 1.40247
    endloop
  endfacet
  facet normal 0.310548 0.904961 0.290869
    outer loop
      vertex 29.7045 10.5485 1.37061
      vertex 29.7079 10.5574 1.33929
      vertex 29.2195 10.725 1.33929
    endloop
  endfacet
  facet normal 0.311145 0.905943 0.287151
    outer loop
      vertex 29.7045 10.5485 1.37061
      vertex 29.2195 10.725 1.33929
      vertex 29.2168 10.716 1.37061
    endloop
  endfacet
  facet normal 0.304275 0.885839 0.350294
    outer loop
      vertex 29.7079 10.5574 1.33929
      vertex 29.712 10.5681 1.30867
      vertex 29.2229 10.7361 1.30867
    endloop
  endfacet
  facet normal 0.303522 0.884488 0.354337
    outer loop
      vertex 29.7079 10.5574 1.33929
      vertex 29.2229 10.7361 1.30867
      vertex 29.2195 10.725 1.33929
    endloop
  endfacet
  facet normal 0.29581 0.861418 0.412863
    outer loop
      vertex 29.712 10.5681 1.30867
      vertex 29.7169 10.5807 1.27887
      vertex 29.2268 10.749 1.27887
    endloop
  endfacet
  facet normal 0.296032 0.86184 0.411821
    outer loop
      vertex 29.712 10.5681 1.30867
      vertex 29.2268 10.749 1.27887
      vertex 29.2229 10.7361 1.30867
    endloop
  endfacet
  facet normal 0.286625 0.834389 0.470788
    outer loop
      vertex 29.7169 10.5807 1.27887
      vertex 29.7224 10.5951 1.25
      vertex 29.2313 10.7638 1.25
    endloop
  endfacet
  facet normal 0.286318 0.833776 0.472058
    outer loop
      vertex 29.7169 10.5807 1.27887
      vertex 29.2313 10.7638 1.25
      vertex 29.2268 10.749 1.27887
    endloop
  endfacet
  facet normal 0.275994 0.803501 0.527459
    outer loop
      vertex 29.7224 10.5951 1.25
      vertex 29.7286 10.6112 1.22223
      vertex 29.2363 10.7803 1.22223
    endloop
  endfacet
  facet normal 0.276064 0.803645 0.527204
    outer loop
      vertex 29.7224 10.5951 1.25
      vertex 29.2363 10.7803 1.22223
      vertex 29.2313 10.7638 1.25
    endloop
  endfacet
  facet normal 0.263879 0.768597 0.582774
    outer loop
      vertex 29.7286 10.6112 1.22223
      vertex 29.7355 10.629 1.19563
      vertex 29.2418 10.7985 1.19563
    endloop
  endfacet
  facet normal 0.264351 0.769604 0.58123
    outer loop
      vertex 29.7286 10.6112 1.22223
      vertex 29.2418 10.7985 1.19563
      vertex 29.2363 10.7803 1.22223
    endloop
  endfacet
  facet normal 0.251094 0.731275 0.634183
    outer loop
      vertex 29.7355 10.629 1.19563
      vertex 29.7429 10.6484 1.17033
      vertex 29.2478 10.8184 1.17033
    endloop
  endfacet
  facet normal 0.25098 0.731025 0.634517
    outer loop
      vertex 29.7355 10.629 1.19563
      vertex 29.2478 10.8184 1.17033
      vertex 29.2418 10.7985 1.19563
    endloop
  endfacet
  facet normal 0.236809 0.68987 0.684106
    outer loop
      vertex 29.7429 10.6484 1.17033
      vertex 29.751 10.6693 1.14645
      vertex 29.2543 10.8398 1.14645
    endloop
  endfacet
  facet normal 0.237101 0.690522 0.683347
    outer loop
      vertex 29.7429 10.6484 1.17033
      vertex 29.2543 10.8398 1.14645
      vertex 29.2478 10.8184 1.17033
    endloop
  endfacet
  facet normal 0.222162 0.647009 0.7294
    outer loop
      vertex 29.751 10.6693 1.14645
      vertex 29.7595 10.6916 1.12408
      vertex 29.2612 10.8627 1.12408
    endloop
  endfacet
  facet normal 0.221865 0.646337 0.730085
    outer loop
      vertex 29.751 10.6693 1.14645
      vertex 29.2612 10.8627 1.12408
      vertex 29.2543 10.8398 1.14645
    endloop
  endfacet
  facet normal 0.206042 0.600126 0.772914
    outer loop
      vertex 29.7595 10.6916 1.12408
      vertex 29.7686 10.7152 1.10333
      vertex 29.2685 10.8869 1.10333
    endloop
  endfacet
  facet normal 0.206145 0.600361 0.772704
    outer loop
      vertex 29.7595 10.6916 1.12408
      vertex 29.2685 10.8869 1.10333
      vertex 29.2612 10.8627 1.12408
    endloop
  endfacet
  facet normal 0.189211 0.551271 0.812588
    outer loop
      vertex 29.7686 10.7152 1.10333
      vertex 29.7782 10.74 1.08427
      vertex 29.2762 10.9123 1.08427
    endloop
  endfacet
  facet normal 0.189495 0.55193 0.812074
    outer loop
      vertex 29.7686 10.7152 1.10333
      vertex 29.2762 10.9123 1.08427
      vertex 29.2685 10.8869 1.10333
    endloop
  endfacet
  facet normal 0.171601 0.499825 0.848957
    outer loop
      vertex 29.7782 10.74 1.08427
      vertex 29.7882 10.7659 1.067
      vertex 29.2843 10.9389 1.067
    endloop
  endfacet
  facet normal 0.171357 0.499254 0.849342
    outer loop
      vertex 29.7782 10.74 1.08427
      vertex 29.2843 10.9389 1.067
      vertex 29.2762 10.9123 1.08427
    endloop
  endfacet
  facet normal 0.153414 0.446818 0.881373
    outer loop
      vertex 29.7882 10.7659 1.067
      vertex 29.7985 10.7928 1.05157
      vertex 29.2926 10.9665 1.05157
    endloop
  endfacet
  facet normal 0.153352 0.44667 0.881459
    outer loop
      vertex 29.7882 10.7659 1.067
      vertex 29.2926 10.9665 1.05157
      vertex 29.2843 10.9389 1.067
    endloop
  endfacet
  facet normal 0.13378 0.389604 0.911214
    outer loop
      vertex 29.7985 10.7928 1.05157
      vertex 29.8092 10.8207 1.03807
      vertex 29.3013 10.9951 1.03807
    endloop
  endfacet
  facet normal 0.133724 0.389471 0.911279
    outer loop
      vertex 29.7985 10.7928 1.05157
      vertex 29.3013 10.9951 1.03807
      vertex 29.2926 10.9665 1.05157
    endloop
  endfacet
  facet normal 0.114794 0.334161 0.935499
    outer loop
      vertex 29.8092 10.8207 1.03807
      vertex 29.8202 10.8492 1.02654
      vertex 29.3102 11.0244 1.02654
    endloop
  endfacet
  facet normal 0.114503 0.333464 0.935783
    outer loop
      vertex 29.8092 10.8207 1.03807
      vertex 29.3102 11.0244 1.02654
      vertex 29.3013 10.9951 1.03807
    endloop
  endfacet
  facet normal 0.0940441 0.274055 0.957105
    outer loop
      vertex 29.8202 10.8492 1.02654
      vertex 29.8315 10.8785 1.01704
      vertex 29.3192 11.0543 1.01704
    endloop
  endfacet
  facet normal 0.0946306 0.275466 0.956642
    outer loop
      vertex 29.8202 10.8492 1.02654
      vertex 29.3192 11.0543 1.01704
      vertex 29.3102 11.0244 1.02654
    endloop
  endfacet
  facet normal 0.0738948 0.215241 0.973761
    outer loop
      vertex 29.8315 10.8785 1.01704
      vertex 29.8429 10.9082 1.00961
      vertex 29.3285 11.0848 1.00961
    endloop
  endfacet
  facet normal 0.0737004 0.214771 0.97388
    outer loop
      vertex 29.8315 10.8785 1.01704
      vertex 29.3285 11.0848 1.00961
      vertex 29.3192 11.0543 1.01704
    endloop
  endfacet
  facet normal 0.0528759 0.154008 0.986654
    outer loop
      vertex 29.8429 10.9082 1.00961
      vertex 29.8545 10.9383 1.00429
      vertex 29.3378 11.1157 1.00429
    endloop
  endfacet
  facet normal 0.0528575 0.153963 0.986662
    outer loop
      vertex 29.8429 10.9082 1.00961
      vertex 29.3378 11.1157 1.00429
      vertex 29.3285 11.0848 1.00961
    endloop
  endfacet
  facet normal 0.0318744 0.092815 0.995173
    outer loop
      vertex 29.8545 10.9383 1.00429
      vertex 29.8662 10.9687 1.00108
      vertex 29.3473 11.1469 1.00108
    endloop
  endfacet
  facet normal 0.0318264 0.0926985 0.995185
    outer loop
      vertex 29.8545 10.9383 1.00429
      vertex 29.3473 11.1469 1.00108
      vertex 29.3378 11.1157 1.00429
    endloop
  endfacet
  facet normal 0.00840704 0.0319611 0.999454
    outer loop
      vertex 29.3473 11.1469 1.00108
      vertex 29.3567 11.1782 1
      vertex 28.8237 11.3184 1
    endloop
  endfacet
  facet normal 0.00840857 0.0319658 0.999454
    outer loop
      vertex 29.3473 11.1469 1.00108
      vertex 28.8237 11.3184 1
      vertex 28.8166 11.2865 1.00108
    endloop
  endfacet
  facet normal -0.00968776 -0.0313545 -0.999461
    outer loop
      vertex 29.3283 11.0843 0.0032196
      vertex 29.3546 11.1784 1.26276e-05
      vertex 29.3566 11.1777 1.52016e-05
    endloop
  endfacet
  facet normal -0.00834842 -0.0317288 -0.999462
    outer loop
      vertex 29.3546 11.1784 1.26276e-05
      vertex 29.3283 11.0843 0.0032196
      vertex 28.8023 11.2227 0.0032196
    endloop
  endfacet
  facet normal -0.00841242 -0.0325286 -0.999435
    outer loop
      vertex 28.8023 11.2227 0.0032196
      vertex 29.3445 11.1814 0
      vertex 29.3546 11.1784 1.26276e-05
    endloop
  endfacet
  facet normal -0.00835389 -0.0317582 -0.999461
    outer loop
      vertex 29.3445 11.1814 0
      vertex 28.8023 11.2227 0.0032196
      vertex 28.8712 11.3059 0
    endloop
  endfacet
  facet normal -0.00833369 -0.0317749 -0.99946
    outer loop
      vertex 28.8712 11.3059 0
      vertex 28.8023 11.2227 0.0032196
      vertex 28.8233 11.3166 5.92246e-05
    endloop
  endfacet
  facet normal -0.0249778 -0.0949191 -0.995172
    outer loop
      vertex 29.3283 11.0843 0.0032196
      vertex 29.3 10.9908 0.0128479
      vertex 28.7809 11.1274 0.0128479
    endloop
  endfacet
  facet normal -0.0249789 -0.0949344 -0.99517
    outer loop
      vertex 28.8023 11.2227 0.0032196
      vertex 29.3283 11.0843 0.0032196
      vertex 28.7809 11.1274 0.0128479
    endloop
  endfacet
  facet normal -0.0414447 -0.157478 -0.986653
    outer loop
      vertex 29.3 10.9908 0.0128479
      vertex 29.2719 10.8981 0.0288239
      vertex 28.7597 11.0329 0.0288239
    endloop
  endfacet
  facet normal -0.0414465 -0.157503 -0.986648
    outer loop
      vertex 28.7809 11.1274 0.0128479
      vertex 29.3 10.9908 0.0128479
      vertex 28.7597 11.0329 0.0288239
    endloop
  endfacet
  facet normal -0.0578311 -0.219758 -0.973839
    outer loop
      vertex 29.2719 10.8981 0.0288239
      vertex 29.2442 10.8066 0.0511169
      vertex 28.7388 10.9396 0.0511169
    endloop
  endfacet
  facet normal -0.0578295 -0.219735 -0.973844
    outer loop
      vertex 28.7597 11.0329 0.0288239
      vertex 29.2719 10.8981 0.0288239
      vertex 28.7388 10.9396 0.0511169
    endloop
  endfacet
  facet normal -0.0738929 -0.280872 -0.956896
    outer loop
      vertex 29.2442 10.8066 0.0511169
      vertex 29.217 10.7167 0.0796051
      vertex 28.7183 10.8479 0.0796051
    endloop
  endfacet
  facet normal -0.0738864 -0.280768 -0.956927
    outer loop
      vertex 28.7388 10.9396 0.0511169
      vertex 29.2442 10.8066 0.0511169
      vertex 28.7183 10.8479 0.0796051
    endloop
  endfacet
  facet normal -0.0897081 -0.34096 -0.935788
    outer loop
      vertex 29.217 10.7167 0.0796051
      vertex 29.1904 10.6288 0.114182
      vertex 28.6982 10.7583 0.114182
    endloop
  endfacet
  facet normal -0.08971 -0.340994 -0.935775
    outer loop
      vertex 28.7183 10.8479 0.0796051
      vertex 29.217 10.7167 0.0796051
      vertex 28.6982 10.7583 0.114182
    endloop
  endfacet
  facet normal -0.105093 -0.399256 -0.910797
    outer loop
      vertex 29.1904 10.6288 0.114182
      vertex 29.1645 10.5432 0.154694
      vertex 28.6786 10.6711 0.154694
    endloop
  endfacet
  facet normal -0.105104 -0.399475 -0.910699
    outer loop
      vertex 28.6982 10.7583 0.114182
      vertex 29.1904 10.6288 0.114182
      vertex 28.6786 10.6711 0.154694
    endloop
  endfacet
  facet normal -0.120067 -0.456386 -0.881644
    outer loop
      vertex 29.1645 10.5432 0.154694
      vertex 29.1394 10.4604 0.200974
      vertex 28.6597 10.5866 0.200974
    endloop
  endfacet
  facet normal -0.120056 -0.456099 -0.881794
    outer loop
      vertex 28.6786 10.6711 0.154694
      vertex 29.1645 10.5432 0.154694
      vertex 28.6597 10.5866 0.200974
    endloop
  endfacet
  facet normal -0.13436 -0.510806 -0.849131
    outer loop
      vertex 29.1394 10.4604 0.200974
      vertex 29.1152 10.3806 0.252808
      vertex 28.6415 10.5052 0.252808
    endloop
  endfacet
  facet normal -0.134358 -0.510708 -0.849191
    outer loop
      vertex 28.6597 10.5866 0.200974
      vertex 29.1394 10.4604 0.200974
      vertex 28.6415 10.5052 0.252808
    endloop
  endfacet
  facet normal -0.148282 -0.563401 -0.812768
    outer loop
      vertex 29.1152 10.3806 0.252808
      vertex 29.0921 10.3042 0.309982
      vertex 28.624 10.4274 0.309982
    endloop
  endfacet
  facet normal -0.148288 -0.563754 -0.812522
    outer loop
      vertex 28.6415 10.5052 0.252808
      vertex 29.1152 10.3806 0.252808
      vertex 28.624 10.4274 0.309982
    endloop
  endfacet
  facet normal -0.161459 -0.613861 -0.772726
    outer loop
      vertex 29.0921 10.3042 0.309982
      vertex 29.0701 10.2316 0.372253
      vertex 28.6074 10.3533 0.372253
    endloop
  endfacet
  facet normal -0.161459 -0.613465 -0.77304
    outer loop
      vertex 28.624 10.4274 0.309982
      vertex 29.0921 10.3042 0.309982
      vertex 28.6074 10.3533 0.372253
    endloop
  endfacet
  facet normal -0.173974 -0.661216 -0.729744
    outer loop
      vertex 29.0701 10.2316 0.372253
      vertex 29.0494 10.163 0.439346
      vertex 28.5918 10.2834 0.439346
    endloop
  endfacet
  facet normal -0.17397 -0.661429 -0.729552
    outer loop
      vertex 28.6074 10.3533 0.372253
      vertex 29.0701 10.2316 0.372253
      vertex 28.5918 10.2834 0.439346
    endloop
  endfacet
  facet normal -0.185871 -0.706058 -0.683325
    outer loop
      vertex 29.0494 10.163 0.439346
      vertex 29.0299 10.0988 0.510986
      vertex 28.5771 10.218 0.510986
    endloop
  endfacet
  facet normal -0.185858 -0.706384 -0.682993
    outer loop
      vertex 28.5918 10.2834 0.439346
      vertex 29.0494 10.163 0.439346
      vertex 28.5771 10.218 0.510986
    endloop
  endfacet
  facet normal -0.196797 -0.74783 -0.634051
    outer loop
      vertex 29.0299 10.0988 0.510986
      vertex 29.0119 10.0392 0.586868
      vertex 28.5635 10.1572 0.586868
    endloop
  endfacet
  facet normal -0.196811 -0.747618 -0.634298
    outer loop
      vertex 28.5771 10.218 0.510986
      vertex 29.0299 10.0988 0.510986
      vertex 28.5635 10.1572 0.586868
    endloop
  endfacet
  facet normal -0.206845 -0.786396 -0.582063
    outer loop
      vertex 29.0119 10.0392 0.586868
      vertex 28.9953 9.98451 0.666656
      vertex 28.5509 10.1014 0.666656
    endloop
  endfacet
  facet normal -0.206871 -0.786111 -0.582438
    outer loop
      vertex 28.5635 10.1572 0.586868
      vertex 29.0119 10.0392 0.586868
      vertex 28.5509 10.1014 0.666656
    endloop
  endfacet
  facet normal -0.216026 -0.821421 -0.527826
    outer loop
      vertex 28.9953 9.98451 0.666656
      vertex 28.9803 9.9349 0.75
      vertex 28.5396 10.0508 0.75
    endloop
  endfacet
  facet normal -0.216036 -0.821341 -0.527946
    outer loop
      vertex 28.5509 10.1014 0.666656
      vertex 28.9953 9.98451 0.666656
      vertex 28.5396 10.0508 0.75
    endloop
  endfacet
  facet normal -0.224453 -0.853034 -0.471119
    outer loop
      vertex 28.9803 9.9349 0.75
      vertex 28.9669 9.89061 0.836578
      vertex 28.5295 10.0057 0.836578
    endloop
  endfacet
  facet normal -0.224408 -0.853292 -0.470674
    outer loop
      vertex 28.5396 10.0508 0.75
      vertex 28.9803 9.9349 0.75
      vertex 28.5295 10.0057 0.836578
    endloop
  endfacet
  facet normal -0.231749 -0.880895 -0.412695
    outer loop
      vertex 28.9669 9.89061 0.836578
      vertex 28.9551 9.85183 0.92598
      vertex 28.5206 9.96614 0.92598
    endloop
  endfacet
  facet normal -0.231765 -0.880825 -0.412834
    outer loop
      vertex 28.5295 10.0057 0.836578
      vertex 28.9669 9.89061 0.836578
      vertex 28.5206 9.96614 0.92598
    endloop
  endfacet
  facet normal -0.238181 -0.905202 -0.351964
    outer loop
      vertex 28.9551 9.85183 0.92598
      vertex 28.9451 9.81874 1.01785
      vertex 28.5131 9.93241 1.01785
    endloop
  endfacet
  facet normal -0.238161 -0.905267 -0.351811
    outer loop
      vertex 28.5206 9.96614 0.92598
      vertex 28.9551 9.85183 0.92598
      vertex 28.5131 9.93241 1.01785
    endloop
  endfacet
  facet normal -0.24346 -0.92559 -0.289844
    outer loop
      vertex 28.9451 9.81874 1.01785
      vertex 28.9369 9.79148 1.11179
      vertex 28.5068 9.90461 1.11179
    endloop
  endfacet
  facet normal -0.243512 -0.925463 -0.290207
    outer loop
      vertex 28.5131 9.93241 1.01785
      vertex 28.9451 9.81874 1.01785
      vertex 28.5068 9.90461 1.11179
    endloop
  endfacet
  facet normal -0.247787 -0.941814 -0.227128
    outer loop
      vertex 28.9369 9.79148 1.11179
      vertex 28.9304 9.77014 1.20737
      vertex 28.502 9.88285 1.20737
    endloop
  endfacet
  facet normal -0.247746 -0.941886 -0.226874
    outer loop
      vertex 28.5068 9.90461 1.11179
      vertex 28.9369 9.79148 1.11179
      vertex 28.502 9.88285 1.20737
    endloop
  endfacet
  facet normal -0.251033 -0.954245 -0.162479
    outer loop
      vertex 28.9304 9.77014 1.20737
      vertex 28.9289 9.76504 1.23964
      vertex 28.5008 9.87766 1.23964
    endloop
  endfacet
  facet normal -0.251042 -0.954188 -0.162798
    outer loop
      vertex 28.502 9.88285 1.20737
      vertex 28.9304 9.77014 1.20737
      vertex 28.5008 9.87766 1.23964
    endloop
  endfacet
  facet normal 0.0424779 0.161499 -0.985958
    outer loop
      vertex 28.9289 9.76504 1.23964
      vertex 28.9287 9.76436 1.23952
      vertex 28.5006 9.87696 1.23952
    endloop
  endfacet
  facet normal 0.0413862 0.157321 -0.98668
    outer loop
      vertex 28.5008 9.87766 1.23964
      vertex 28.9289 9.76504 1.23964
      vertex 28.5006 9.87696 1.23952
    endloop
  endfacet
  facet normal -0.290956 -0.925848 -0.241143
    outer loop
      vertex 28.5253 9.46984 3.43828
      vertex 28.6667 9.44947 3.34588
      vertex 28.5256 9.46979 3.43811
    endloop
  endfacet
  facet normal -0.250613 -0.952404 -0.173552
    outer loop
      vertex 28.9287 9.76436 1.23952
      vertex 28.6667 9.44947 3.34588
      vertex 28.5253 9.46984 3.43828
    endloop
  endfacet
  facet normal -0.250547 -0.952422 -0.173547
    outer loop
      vertex 28.6667 9.44947 3.34588
      vertex 28.9287 9.76436 1.23952
      vertex 28.8172 9.4278 3.24753
    endloop
  endfacet
  facet normal -0.250251 -0.9525 -0.173543
    outer loop
      vertex 28.8172 9.4278 3.24753
      vertex 28.9287 9.76436 1.23952
      vertex 28.8264 9.42662 3.24074
    endloop
  endfacet
  facet normal -0.250654 -0.952397 -0.173529
    outer loop
      vertex 28.5006 9.87696 1.23952
      vertex 28.5253 9.46984 3.43828
      vertex 28.4134 9.48762 3.50233
    endloop
  endfacet
  facet normal -0.250511 -0.952433 -0.173537
    outer loop
      vertex 28.5253 9.46984 3.43828
      vertex 28.5006 9.87696 1.23952
      vertex 28.9287 9.76436 1.23952
    endloop
  endfacet
  facet normal 0.250539 0.952431 0.173506
    outer loop
      vertex 28.716 10.8379 1.41318
      vertex 29.1103 10.3642 3.44411
      vertex 29.214 10.7069 1.41318
    endloop
  endfacet
  facet normal 0.250249 0.952495 0.173577
    outer loop
      vertex 29.1103 10.3642 3.44411
      vertex 28.716 10.8379 1.41318
      vertex 28.9721 10.3861 3.52318
    endloop
  endfacet
  facet normal 0.247737 0.953073 0.174006
    outer loop
      vertex 28.9721 10.3861 3.52318
      vertex 28.716 10.8379 1.41318
      vertex 28.9644 10.3873 3.52757
    endloop
  endfacet
  facet normal 0.250465 0.95245 0.173511
    outer loop
      vertex 28.716 10.8379 1.41318
      vertex 28.6647 10.4371 3.68733
      vertex 28.8188 10.4105 3.6109
    endloop
  endfacet
  facet normal 0.251017 0.952314 0.173459
    outer loop
      vertex 28.716 10.8379 1.41318
      vertex 28.8188 10.4105 3.6109
      vertex 28.9644 10.3873 3.52757
    endloop
  endfacet
  facet normal 0.250231 0.952511 0.173517
    outer loop
      vertex 28.6647 10.4371 3.68733
      vertex 28.716 10.8379 1.41318
      vertex 28.6276 10.4435 3.7057
    endloop
  endfacet
  facet normal -0.0319902 -0.121612 0.992062
    outer loop
      vertex 29.214 10.7069 1.41318
      vertex 29.2141 10.7072 1.41322
      vertex 28.7161 10.8382 1.41322
    endloop
  endfacet
  facet normal -0.0319902 -0.121612 0.992062
    outer loop
      vertex 29.214 10.7069 1.41318
      vertex 28.7161 10.8382 1.41322
      vertex 28.716 10.8379 1.41318
    endloop
  endfacet
  facet normal 0.251498 0.955541 0.153918
    outer loop
      vertex 29.2141 10.7072 1.41322
      vertex 29.2146 10.7088 1.40247
      vertex 28.7165 10.8399 1.40247
    endloop
  endfacet
  facet normal 0.251108 0.954593 0.160302
    outer loop
      vertex 29.2141 10.7072 1.41322
      vertex 28.7165 10.8399 1.40247
      vertex 28.7161 10.8382 1.41322
    endloop
  endfacet
  facet normal 0.247441 0.941257 0.2298
    outer loop
      vertex 29.2146 10.7088 1.40247
      vertex 29.2168 10.716 1.37061
      vertex 28.7181 10.8471 1.37061
    endloop
  endfacet
  facet normal 0.247983 0.942184 0.225376
    outer loop
      vertex 29.2146 10.7088 1.40247
      vertex 28.7181 10.8471 1.37061
      vertex 28.7165 10.8399 1.40247
    endloop
  endfacet
  facet normal 0.243781 0.926329 0.287202
    outer loop
      vertex 29.2168 10.716 1.37061
      vertex 29.2195 10.725 1.33929
      vertex 28.7202 10.8564 1.33929
    endloop
  endfacet
  facet normal 0.243238 0.925269 0.291054
    outer loop
      vertex 29.2168 10.716 1.37061
      vertex 28.7202 10.8564 1.33929
      vertex 28.7181 10.8471 1.37061
    endloop
  endfacet
  facet normal 0.237935 0.90437 0.354262
    outer loop
      vertex 29.2195 10.725 1.33929
      vertex 29.2229 10.7361 1.30867
      vertex 28.7227 10.8677 1.30867
    endloop
  endfacet
  facet normal 0.238089 0.904702 0.35331
    outer loop
      vertex 29.2195 10.725 1.33929
      vertex 28.7227 10.8677 1.30867
      vertex 28.7202 10.8564 1.33929
    endloop
  endfacet
  facet normal 0.231797 0.881286 0.411832
    outer loop
      vertex 29.2229 10.7361 1.30867
      vertex 29.2268 10.749 1.27887
      vertex 28.7257 10.8808 1.27887
    endloop
  endfacet
  facet normal 0.231961 0.881664 0.410929
    outer loop
      vertex 29.2229 10.7361 1.30867
      vertex 28.7257 10.8808 1.27887
      vertex 28.7227 10.8677 1.30867
    endloop
  endfacet
  facet normal 0.224224 0.852593 0.472026
    outer loop
      vertex 29.2268 10.749 1.27887
      vertex 29.2313 10.7638 1.25
      vertex 28.729 10.8959 1.25
    endloop
  endfacet
  facet normal 0.224297 0.852772 0.471668
    outer loop
      vertex 29.2268 10.749 1.27887
      vertex 28.729 10.8959 1.25
      vertex 28.7257 10.8808 1.27887
    endloop
  endfacet
  facet normal 0.216101 0.821805 0.527198
    outer loop
      vertex 29.2313 10.7638 1.25
      vertex 29.2363 10.7803 1.22223
      vertex 28.7328 10.9127 1.22223
    endloop
  endfacet
  facet normal 0.216177 0.821998 0.526865
    outer loop
      vertex 29.2313 10.7638 1.25
      vertex 28.7328 10.9127 1.22223
      vertex 28.729 10.8959 1.25
    endloop
  endfacet
  facet normal 0.207027 0.786951 0.581247
    outer loop
      vertex 29.2363 10.7803 1.22223
      vertex 29.2418 10.7985 1.19563
      vertex 28.737 10.9313 1.19563
    endloop
  endfacet
  facet normal 0.206735 0.786188 0.582383
    outer loop
      vertex 29.2363 10.7803 1.22223
      vertex 28.737 10.9313 1.19563
      vertex 28.7328 10.9127 1.22223
    endloop
  endfacet
  facet normal 0.196643 0.747449 0.634549
    outer loop
      vertex 29.2418 10.7985 1.19563
      vertex 29.2478 10.8184 1.17033
      vertex 28.7415 10.9516 1.17033
    endloop
  endfacet
  facet normal 0.196615 0.747375 0.634644
    outer loop
      vertex 29.2418 10.7985 1.19563
      vertex 28.7415 10.9516 1.17033
      vertex 28.737 10.9313 1.19563
    endloop
  endfacet
  facet normal 0.185734 0.706097 0.683323
    outer loop
      vertex 29.2478 10.8184 1.17033
      vertex 29.2543 10.8398 1.14645
      vertex 28.7464 10.9734 1.14645
    endloop
  endfacet
  facet normal 0.18584 0.706388 0.682993
    outer loop
      vertex 29.2478 10.8184 1.17033
      vertex 28.7464 10.9734 1.14645
      vertex 28.7415 10.9516 1.17033
    endloop
  endfacet
  facet normal 0.173774 0.660858 0.730116
    outer loop
      vertex 29.2543 10.8398 1.14645
      vertex 29.2612 10.8627 1.12408
      vertex 28.7516 10.9967 1.12408
    endloop
  endfacet
  facet normal 0.174007 0.661515 0.729465
    outer loop
      vertex 29.2543 10.8398 1.14645
      vertex 28.7516 10.9967 1.12408
      vertex 28.7464 10.9734 1.14645
    endloop
  endfacet
  facet normal 0.161478 0.613855 0.772727
    outer loop
      vertex 29.2612 10.8627 1.12408
      vertex 29.2685 10.8869 1.10333
      vertex 28.7572 11.0214 1.10333
    endloop
  endfacet
  facet normal 0.161223 0.613129 0.773356
    outer loop
      vertex 29.2612 10.8627 1.12408
      vertex 28.7572 11.0214 1.10333
      vertex 28.7516 10.9967 1.12408
    endloop
  endfacet
  facet normal 0.148561 0.564335 0.812069
    outer loop
      vertex 29.2685 10.8869 1.10333
      vertex 29.2762 10.9123 1.08427
      vertex 28.763 11.0474 1.08427
    endloop
  endfacet
  facet normal 0.148102 0.563007 0.813074
    outer loop
      vertex 29.2685 10.8869 1.10333
      vertex 28.763 11.0474 1.08427
      vertex 28.7572 11.0214 1.10333
    endloop
  endfacet
  facet normal 0.134363 0.510501 0.849315
    outer loop
      vertex 29.2762 10.9123 1.08427
      vertex 29.2843 10.9389 1.067
      vertex 28.7691 11.0745 1.067
    endloop
  endfacet
  facet normal 0.134477 0.510834 0.849097
    outer loop
      vertex 29.2762 10.9123 1.08427
      vertex 28.7691 11.0745 1.067
      vertex 28.763 11.0474 1.08427
    endloop
  endfacet
  facet normal 0.12017 0.456664 0.881486
    outer loop
      vertex 29.2843 10.9389 1.067
      vertex 29.2926 10.9665 1.05157
      vertex 28.7754 11.1026 1.05157
    endloop
  endfacet
  facet normal 0.120274 0.456972 0.881312
    outer loop
      vertex 29.2843 10.9389 1.067
      vertex 28.7754 11.1026 1.05157
      vertex 28.7691 11.0745 1.067
    endloop
  endfacet
  facet normal 0.104746 0.398279 0.911264
    outer loop
      vertex 29.2926 10.9665 1.05157
      vertex 29.3013 10.9951 1.03807
      vertex 28.7819 11.1317 1.03807
    endloop
  endfacet
  facet normal 0.105025 0.399109 0.910869
    outer loop
      vertex 29.2926 10.9665 1.05157
      vertex 28.7819 11.1317 1.03807
      vertex 28.7754 11.1026 1.05157
    endloop
  endfacet
  facet normal 0.0896947 0.340997 0.935776
    outer loop
      vertex 29.3013 10.9951 1.03807
      vertex 29.3102 11.0244 1.02654
      vertex 28.7886 11.1616 1.02654
    endloop
  endfacet
  facet normal 0.0896287 0.340799 0.935854
    outer loop
      vertex 29.3013 10.9951 1.03807
      vertex 28.7886 11.1616 1.02654
      vertex 28.7819 11.1317 1.03807
    endloop
  endfacet
  facet normal 0.0740958 0.28165 0.956652
    outer loop
      vertex 29.3102 11.0244 1.02654
      vertex 29.3192 11.0543 1.01704
      vertex 28.7954 11.1921 1.01704
    endloop
  endfacet
  facet normal 0.0740404 0.281483 0.956706
    outer loop
      vertex 29.3102 11.0244 1.02654
      vertex 28.7954 11.1921 1.01704
      vertex 28.7886 11.1616 1.02654
    endloop
  endfacet
  facet normal 0.0577762 0.219625 0.973872
    outer loop
      vertex 29.3192 11.0543 1.01704
      vertex 29.3285 11.0848 1.00961
      vertex 28.8024 11.2232 1.00961
    endloop
  endfacet
  facet normal 0.0577866 0.219656 0.973864
    outer loop
      vertex 29.3192 11.0543 1.01704
      vertex 28.8024 11.2232 1.00961
      vertex 28.7954 11.1921 1.01704
    endloop
  endfacet
  facet normal 0.0414152 0.157408 0.986665
    outer loop
      vertex 29.3285 11.0848 1.00961
      vertex 29.3378 11.1157 1.00429
      vertex 28.8095 11.2547 1.00429
    endloop
  endfacet
  facet normal 0.0413837 0.157312 0.986682
    outer loop
      vertex 29.3285 11.0848 1.00961
      vertex 28.8095 11.2547 1.00429
      vertex 28.8024 11.2232 1.00961
    endloop
  endfacet
  facet normal 0.0249361 0.0947964 0.995184
    outer loop
      vertex 29.3378 11.1157 1.00429
      vertex 29.3473 11.1469 1.00108
      vertex 28.8166 11.2865 1.00108
    endloop
  endfacet
  facet normal 0.0249644 0.0948826 0.995175
    outer loop
      vertex 29.3378 11.1157 1.00429
      vertex 28.8166 11.2865 1.00108
      vertex 28.8095 11.2547 1.00429
    endloop
  endfacet
  facet normal 0.00603924 0.0324931 0.999454
    outer loop
      vertex 28.8166 11.2865 1.00108
      vertex 28.8237 11.3184 1
      vertex 28.2819 11.4191 1
    endloop
  endfacet
  facet normal 0.00604585 0.0325198 0.999453
    outer loop
      vertex 28.8166 11.2865 1.00108
      vertex 28.2819 11.4191 1
      vertex 28.2771 11.3868 1.00108
    endloop
  endfacet
  facet normal -0.00632204 -0.0322248 -0.999461
    outer loop
      vertex 28.8023 11.2227 0.0032196
      vertex 28.8152 11.3185 4.92006e-05
      vertex 28.8233 11.3166 5.92246e-05
    endloop
  endfacet
  facet normal -0.00599755 -0.0322685 -0.999461
    outer loop
      vertex 28.8152 11.3185 4.92006e-05
      vertex 28.8023 11.2227 0.0032196
      vertex 28.2675 11.3221 0.0032196
    endloop
  endfacet
  facet normal -0.00599761 -0.0322786 -0.999461
    outer loop
      vertex 28.2675 11.3221 0.0032196
      vertex 28.7755 11.3274 0
      vertex 28.8152 11.3185 4.92006e-05
    endloop
  endfacet
  facet normal -0.00599774 -0.0322671 -0.999461
    outer loop
      vertex 28.7755 11.3274 0
      vertex 28.2675 11.3221 0.0032196
      vertex 28.294 11.4169 0
    endloop
  endfacet
  facet normal -0.00598387 -0.032271 -0.999461
    outer loop
      vertex 28.294 11.4169 0
      vertex 28.2675 11.3221 0.0032196
      vertex 28.2818 11.4187 1.49234e-05
    endloop
  endfacet
  facet normal -0.0179246 -0.0965184 -0.99517
    outer loop
      vertex 28.8023 11.2227 0.0032196
      vertex 28.7809 11.1274 0.0128479
      vertex 28.2532 11.2254 0.0128479
    endloop
  endfacet
  facet normal -0.0179243 -0.096438 -0.995178
    outer loop
      vertex 28.2675 11.3221 0.0032196
      vertex 28.8023 11.2227 0.0032196
      vertex 28.2532 11.2254 0.0128479
    endloop
  endfacet
  facet normal -0.0297379 -0.16013 -0.986648
    outer loop
      vertex 28.7809 11.1274 0.0128479
      vertex 28.7597 11.0329 0.0288239
      vertex 28.239 11.1296 0.0288239
    endloop
  endfacet
  facet normal -0.0297379 -0.16013 -0.986648
    outer loop
      vertex 28.2532 11.2254 0.0128479
      vertex 28.7809 11.1274 0.0128479
      vertex 28.239 11.1296 0.0288239
    endloop
  endfacet
  facet normal -0.0415212 -0.223388 -0.973845
    outer loop
      vertex 28.7597 11.0329 0.0288239
      vertex 28.7388 10.9396 0.0511169
      vertex 28.225 11.0351 0.0511169
    endloop
  endfacet
  facet normal -0.0415202 -0.223573 -0.973802
    outer loop
      vertex 28.239 11.1296 0.0288239
      vertex 28.7597 11.0329 0.0288239
      vertex 28.225 11.0351 0.0511169
    endloop
  endfacet
  facet normal -0.0530869 -0.28542 -0.956931
    outer loop
      vertex 28.7388 10.9396 0.0511169
      vertex 28.7183 10.8479 0.0796051
      vertex 28.2113 10.9422 0.0796051
    endloop
  endfacet
  facet normal -0.0530849 -0.285602 -0.956877
    outer loop
      vertex 28.225 11.0351 0.0511169
      vertex 28.7388 10.9396 0.0511169
      vertex 28.2113 10.9422 0.0796051
    endloop
  endfacet
  facet normal -0.0644281 -0.346665 -0.935774
    outer loop
      vertex 28.7183 10.8479 0.0796051
      vertex 28.6982 10.7583 0.114182
      vertex 28.1978 10.8513 0.114182
    endloop
  endfacet
  facet normal -0.0644325 -0.346419 -0.935865
    outer loop
      vertex 28.2113 10.9422 0.0796051
      vertex 28.7183 10.8479 0.0796051
      vertex 28.1978 10.8513 0.114182
    endloop
  endfacet
  facet normal -0.0754072 -0.406146 -0.910691
    outer loop
      vertex 28.6982 10.7583 0.114182
      vertex 28.6786 10.6711 0.154694
      vertex 28.1847 10.7628 0.154694
    endloop
  endfacet
  facet normal -0.0754165 -0.40579 -0.91085
    outer loop
      vertex 28.1978 10.8513 0.114182
      vertex 28.6982 10.7583 0.114182
      vertex 28.1847 10.7628 0.154694
    endloop
  endfacet
  facet normal -0.0861394 -0.463689 -0.881801
    outer loop
      vertex 28.6786 10.6711 0.154694
      vertex 28.6597 10.5866 0.200974
      vertex 28.172 10.6772 0.200974
    endloop
  endfacet
  facet normal -0.0861316 -0.463908 -0.881686
    outer loop
      vertex 28.1847 10.7628 0.154694
      vertex 28.6786 10.6711 0.154694
      vertex 28.172 10.6772 0.200974
    endloop
  endfacet
  facet normal -0.0965686 -0.519164 -0.849201
    outer loop
      vertex 28.6597 10.5866 0.200974
      vertex 28.6415 10.5052 0.252808
      vertex 28.1598 10.5948 0.252808
    endloop
  endfacet
  facet normal -0.0965439 -0.519696 -0.848879
    outer loop
      vertex 28.172 10.6772 0.200974
      vertex 28.6597 10.5866 0.200974
      vertex 28.1598 10.5948 0.252808
    endloop
  endfacet
  facet normal -0.106464 -0.57315 -0.812505
    outer loop
      vertex 28.6415 10.5052 0.252808
      vertex 28.624 10.4274 0.309982
      vertex 28.1481 10.5158 0.309982
    endloop
  endfacet
  facet normal -0.1065 -0.572555 -0.81292
    outer loop
      vertex 28.1598 10.5948 0.252808
      vertex 28.6415 10.5052 0.252808
      vertex 28.1481 10.5158 0.309982
    endloop
  endfacet
  facet normal -0.116007 -0.623652 -0.773046
    outer loop
      vertex 28.624 10.4274 0.309982
      vertex 28.6074 10.3533 0.372253
      vertex 28.137 10.4408 0.372253
    endloop
  endfacet
  facet normal -0.115961 -0.624272 -0.772552
    outer loop
      vertex 28.1481 10.5158 0.309982
      vertex 28.624 10.4274 0.309982
      vertex 28.137 10.4408 0.372253
    endloop
  endfacet
  facet normal -0.124997 -0.672381 -0.729575
    outer loop
      vertex 28.6074 10.3533 0.372253
      vertex 28.5918 10.2834 0.439346
      vertex 28.1265 10.3699 0.439346
    endloop
  endfacet
  facet normal -0.125021 -0.672114 -0.729817
    outer loop
      vertex 28.137 10.4408 0.372253
      vertex 28.6074 10.3533 0.372253
      vertex 28.1265 10.3699 0.439346
    endloop
  endfacet
  facet normal -0.133369 -0.718163 -0.682975
    outer loop
      vertex 28.5918 10.2834 0.439346
      vertex 28.5771 10.218 0.510986
      vertex 28.1167 10.3035 0.510986
    endloop
  endfacet
  facet normal -0.133421 -0.717697 -0.683454
    outer loop
      vertex 28.1265 10.3699 0.439346
      vertex 28.5918 10.2834 0.439346
      vertex 28.1167 10.3035 0.510986
    endloop
  endfacet
  facet normal -0.141211 -0.760071 -0.634311
    outer loop
      vertex 28.5771 10.218 0.510986
      vertex 28.5635 10.1572 0.586868
      vertex 28.1076 10.2419 0.586868
    endloop
  endfacet
  facet normal -0.141186 -0.760255 -0.634097
    outer loop
      vertex 28.1167 10.3035 0.510986
      vertex 28.5771 10.218 0.510986
      vertex 28.1076 10.2419 0.586868
    endloop
  endfacet
  facet normal -0.148623 -0.799203 -0.582396
    outer loop
      vertex 28.5635 10.1572 0.586868
      vertex 28.5509 10.1014 0.666656
      vertex 28.0992 10.1854 0.666656
    endloop
  endfacet
  facet normal -0.148556 -0.799605 -0.581861
    outer loop
      vertex 28.1076 10.2419 0.586868
      vertex 28.5635 10.1572 0.586868
      vertex 28.0992 10.1854 0.666656
    endloop
  endfacet
  facet normal -0.155249 -0.834954 -0.527968
    outer loop
      vertex 28.5509 10.1014 0.666656
      vertex 28.5396 10.0508 0.75
      vertex 28.0916 10.1341 0.75
    endloop
  endfacet
  facet normal -0.155261 -0.834897 -0.528055
    outer loop
      vertex 28.0992 10.1854 0.666656
      vertex 28.5509 10.1014 0.666656
      vertex 28.0916 10.1341 0.75
    endloop
  endfacet
  facet normal -0.161126 -0.867469 -0.470676
    outer loop
      vertex 28.5396 10.0508 0.75
      vertex 28.5295 10.0057 0.836578
      vertex 28.0848 10.0883 0.836578
    endloop
  endfacet
  facet normal -0.161223 -0.867084 -0.471352
    outer loop
      vertex 28.0916 10.1341 0.75
      vertex 28.5396 10.0508 0.75
      vertex 28.0848 10.0883 0.836578
    endloop
  endfacet
  facet normal -0.166367 -0.895493 -0.412814
    outer loop
      vertex 28.5295 10.0057 0.836578
      vertex 28.5206 9.96614 0.92598
      vertex 28.0789 10.0482 0.92598
    endloop
  endfacet
  facet normal -0.166345 -0.895563 -0.41267
    outer loop
      vertex 28.0848 10.0883 0.836578
      vertex 28.5295 10.0057 0.836578
      vertex 28.0789 10.0482 0.92598
    endloop
  endfacet
  facet normal -0.170928 -0.920319 -0.351848
    outer loop
      vertex 28.5206 9.96614 0.92598
      vertex 28.5131 9.93241 1.01785
      vertex 28.0738 10.014 1.01785
    endloop
  endfacet
  facet normal -0.170963 -0.920231 -0.352061
    outer loop
      vertex 28.0789 10.0482 0.92598
      vertex 28.5206 9.96614 0.92598
      vertex 28.0738 10.014 1.01785
    endloop
  endfacet
  facet normal -0.17487 -0.940865 -0.290161
    outer loop
      vertex 28.5131 9.93241 1.01785
      vertex 28.5068 9.90461 1.11179
      vertex 28.0697 9.98585 1.11179
    endloop
  endfacet
  facet normal -0.174778 -0.941048 -0.289622
    outer loop
      vertex 28.0738 10.014 1.01785
      vertex 28.5131 9.93241 1.01785
      vertex 28.0697 9.98585 1.11179
    endloop
  endfacet
  facet normal -0.177941 -0.957518 -0.226927
    outer loop
      vertex 28.5068 9.90461 1.11179
      vertex 28.502 9.88285 1.20737
      vertex 28.0664 9.9638 1.20737
    endloop
  endfacet
  facet normal -0.17796 -0.957489 -0.227034
    outer loop
      vertex 28.0697 9.98585 1.11179
      vertex 28.5068 9.90461 1.11179
      vertex 28.0664 9.9638 1.20737
    endloop
  endfacet
  facet normal -0.18026 -0.970066 -0.162719
    outer loop
      vertex 28.502 9.88285 1.20737
      vertex 28.5008 9.87766 1.23964
      vertex 28.0656 9.95853 1.23964
    endloop
  endfacet
  facet normal -0.180267 -0.970037 -0.162885
    outer loop
      vertex 28.0664 9.9638 1.20737
      vertex 28.502 9.88285 1.20737
      vertex 28.0656 9.95853 1.23964
    endloop
  endfacet
  facet normal 0.029846 0.160599 -0.986568
    outer loop
      vertex 28.5008 9.87766 1.23964
      vertex 28.5006 9.87696 1.23952
      vertex 28.0655 9.95782 1.23952
    endloop
  endfacet
  facet normal 0.030185 0.16244 -0.986257
    outer loop
      vertex 28.0656 9.95853 1.23964
      vertex 28.5008 9.87766 1.23964
      vertex 28.0655 9.95782 1.23952
    endloop
  endfacet
  facet normal -0.179955 -0.968246 -0.173539
    outer loop
      vertex 28.5006 9.87696 1.23952
      vertex 28.2151 9.505 3.6109
      vertex 28.0789 9.51873 3.67553
    endloop
  endfacet
  facet normal -0.179893 -0.968259 -0.173533
    outer loop
      vertex 28.2151 9.505 3.6109
      vertex 28.5006 9.87696 1.23952
      vertex 28.3668 9.4917 3.52785
    endloop
  endfacet
  facet normal -0.179808 -0.968275 -0.173531
    outer loop
      vertex 28.3668 9.4917 3.52785
      vertex 28.5006 9.87696 1.23952
      vertex 28.4134 9.48762 3.50233
    endloop
  endfacet
  facet normal -0.179796 -0.968276 -0.173538
    outer loop
      vertex 28.0655 9.95782 1.23952
      vertex 28.0451 9.52214 3.69159
      vertex 28.0016 9.52652 3.71222
    endloop
  endfacet
  facet normal -0.180133 -0.968215 -0.173529
    outer loop
      vertex 28.0655 9.95782 1.23952
      vertex 28.0789 9.51873 3.67553
      vertex 28.0451 9.52214 3.69159
    endloop
  endfacet
  facet normal -0.179942 -0.968249 -0.173537
    outer loop
      vertex 28.0789 9.51873 3.67553
      vertex 28.0655 9.95782 1.23952
      vertex 28.5006 9.87696 1.23952
    endloop
  endfacet
  facet normal 0.179992 0.968244 0.173515
    outer loop
      vertex 28.2098 10.932 1.41318
      vertex 28.6276 10.4435 3.7057
      vertex 28.716 10.8379 1.41318
    endloop
  endfacet
  facet normal 0.179504 0.968315 0.173619
    outer loop
      vertex 28.6276 10.4435 3.7057
      vertex 28.2098 10.932 1.41318
      vertex 28.5209 10.4542 3.75634
    endloop
  endfacet
  facet normal 0.180038 0.968232 0.173532
    outer loop
      vertex 28.2098 10.932 1.41318
      vertex 28.1693 10.4938 3.90016
      vertex 28.3361 10.4749 3.83256
    endloop
  endfacet
  facet normal 0.179821 0.968269 0.17355
    outer loop
      vertex 28.2098 10.932 1.41318
      vertex 28.3361 10.4749 3.83256
      vertex 28.5024 10.4561 3.76514
    endloop
  endfacet
  facet normal 0.181816 0.967952 0.173238
    outer loop
      vertex 28.2098 10.932 1.41318
      vertex 28.5024 10.4561 3.76514
      vertex 28.5209 10.4542 3.75634
    endloop
  endfacet
  facet normal 0.17996 0.968246 0.173533
    outer loop
      vertex 28.1693 10.4938 3.90016
      vertex 28.2098 10.932 1.41318
      vertex 28.1453 10.4968 3.90831
    endloop
  endfacet
  facet normal -0.0231474 -0.124543 0.991944
    outer loop
      vertex 28.716 10.8379 1.41318
      vertex 28.7161 10.8382 1.41322
      vertex 28.2098 10.9323 1.41322
    endloop
  endfacet
  facet normal -0.0245612 -0.132124 0.990929
    outer loop
      vertex 28.716 10.8379 1.41318
      vertex 28.2098 10.9323 1.41322
      vertex 28.2098 10.932 1.41318
    endloop
  endfacet
  facet normal 0.180335 0.970475 0.160181
    outer loop
      vertex 28.7161 10.8382 1.41322
      vertex 28.7165 10.8399 1.40247
      vertex 28.2101 10.934 1.40247
    endloop
  endfacet
  facet normal 0.180418 0.970728 0.158545
    outer loop
      vertex 28.7161 10.8382 1.41322
      vertex 28.2101 10.934 1.40247
      vertex 28.2098 10.9323 1.41322
    endloop
  endfacet
  facet normal 0.178154 0.957838 0.225407
    outer loop
      vertex 28.7165 10.8399 1.40247
      vertex 28.7181 10.8471 1.37061
      vertex 28.2111 10.9414 1.37061
    endloop
  endfacet
  facet normal 0.177885 0.95729 0.22793
    outer loop
      vertex 28.7165 10.8399 1.40247
      vertex 28.2111 10.9414 1.37061
      vertex 28.2101 10.934 1.40247
    endloop
  endfacet
  facet normal 0.174891 0.940595 0.291022
    outer loop
      vertex 28.7181 10.8471 1.37061
      vertex 28.7202 10.8564 1.33929
      vertex 28.2125 10.9508 1.33929
    endloop
  endfacet
  facet normal 0.174991 0.940833 0.290192
    outer loop
      vertex 28.7181 10.8471 1.37061
      vertex 28.2125 10.9508 1.33929
      vertex 28.2111 10.9414 1.37061
    endloop
  endfacet
  facet normal 0.170924 0.919735 0.353374
    outer loop
      vertex 28.7202 10.8564 1.33929
      vertex 28.7227 10.8677 1.30867
      vertex 28.2142 10.9622 1.30867
    endloop
  endfacet
  facet normal 0.171098 0.920194 0.352093
    outer loop
      vertex 28.7202 10.8564 1.33929
      vertex 28.2142 10.9622 1.30867
      vertex 28.2125 10.9508 1.33929
    endloop
  endfacet
  facet normal 0.166606 0.896368 0.410813
    outer loop
      vertex 28.7227 10.8677 1.30867
      vertex 28.7257 10.8808 1.27887
      vertex 28.2162 10.9755 1.27887
    endloop
  endfacet
  facet normal 0.166553 0.896215 0.411167
    outer loop
      vertex 28.7227 10.8677 1.30867
      vertex 28.2162 10.9755 1.27887
      vertex 28.2142 10.9622 1.30867
    endloop
  endfacet
  facet normal 0.161144 0.866849 0.471811
    outer loop
      vertex 28.7257 10.8808 1.27887
      vertex 28.729 10.8959 1.25
      vertex 28.2185 10.9908 1.25
    endloop
  endfacet
  facet normal 0.161088 0.86668 0.472141
    outer loop
      vertex 28.7257 10.8808 1.27887
      vertex 28.2185 10.9908 1.25
      vertex 28.2162 10.9755 1.27887
    endloop
  endfacet
  facet normal 0.155439 0.835648 0.526812
    outer loop
      vertex 28.729 10.8959 1.25
      vertex 28.7328 10.9127 1.22223
      vertex 28.221 11.0079 1.22223
    endloop
  endfacet
  facet normal 0.155203 0.834893 0.528077
    outer loop
      vertex 28.729 10.8959 1.25
      vertex 28.221 11.0079 1.22223
      vertex 28.2185 10.9908 1.25
    endloop
  endfacet
  facet normal 0.148576 0.799255 0.582337
    outer loop
      vertex 28.7328 10.9127 1.22223
      vertex 28.737 10.9313 1.19563
      vertex 28.2238 11.0267 1.19563
    endloop
  endfacet
  facet normal 0.148823 0.800082 0.581137
    outer loop
      vertex 28.7328 10.9127 1.22223
      vertex 28.2238 11.0267 1.19563
      vertex 28.221 11.0079 1.22223
    endloop
  endfacet
  facet normal 0.141117 0.759758 0.634708
    outer loop
      vertex 28.737 10.9313 1.19563
      vertex 28.7415 10.9516 1.17033
      vertex 28.2268 11.0472 1.17033
    endloop
  endfacet
  facet normal 0.141441 0.760877 0.633293
    outer loop
      vertex 28.737 10.9313 1.19563
      vertex 28.2268 11.0472 1.17033
      vertex 28.2238 11.0267 1.19563
    endloop
  endfacet
  facet normal 0.133528 0.71813 0.682978
    outer loop
      vertex 28.7415 10.9516 1.17033
      vertex 28.7464 10.9734 1.14645
      vertex 28.2301 11.0694 1.14645
    endloop
  endfacet
  facet normal 0.133109 0.716643 0.68462
    outer loop
      vertex 28.7415 10.9516 1.17033
      vertex 28.2301 11.0694 1.14645
      vertex 28.2268 11.0472 1.17033
    endloop
  endfacet
  facet normal 0.125017 0.672471 0.729489
    outer loop
      vertex 28.7464 10.9734 1.14645
      vertex 28.7516 10.9967 1.12408
      vertex 28.2336 11.093 1.12408
    endloop
  endfacet
  facet normal 0.125082 0.672704 0.729263
    outer loop
      vertex 28.7464 10.9734 1.14645
      vertex 28.2336 11.093 1.12408
      vertex 28.2301 11.0694 1.14645
    endloop
  endfacet
  facet normal 0.115826 0.623373 0.773298
    outer loop
      vertex 28.7516 10.9967 1.12408
      vertex 28.7572 11.0214 1.10333
      vertex 28.2373 11.118 1.10333
    endloop
  endfacet
  facet normal 0.116031 0.624132 0.772656
    outer loop
      vertex 28.7516 10.9967 1.12408
      vertex 28.2373 11.118 1.10333
      vertex 28.2336 11.093 1.12408
    endloop
  endfacet
  facet normal 0.106287 0.572349 0.813093
    outer loop
      vertex 28.7572 11.0214 1.10333
      vertex 28.763 11.0474 1.08427
      vertex 28.2412 11.1443 1.08427
    endloop
  endfacet
  facet normal 0.106481 0.573079 0.812553
    outer loop
      vertex 28.7572 11.0214 1.10333
      vertex 28.2412 11.1443 1.08427
      vertex 28.2373 11.118 1.10333
    endloop
  endfacet
  facet normal 0.0964784 0.519377 0.849081
    outer loop
      vertex 28.763 11.0474 1.08427
      vertex 28.7691 11.0745 1.067
      vertex 28.2453 11.1718 1.067
    endloop
  endfacet
  facet normal 0.0963808 0.519004 0.849321
    outer loop
      vertex 28.763 11.0474 1.08427
      vertex 28.2453 11.1718 1.067
      vertex 28.2412 11.1443 1.08427
    endloop
  endfacet
  facet normal 0.0863944 0.464568 0.881313
    outer loop
      vertex 28.7691 11.0745 1.067
      vertex 28.7754 11.1026 1.05157
      vertex 28.2495 11.2004 1.05157
    endloop
  endfacet
  facet normal 0.0860499 0.463237 0.882047
    outer loop
      vertex 28.7691 11.0745 1.067
      vertex 28.2495 11.2004 1.05157
      vertex 28.2453 11.1718 1.067
    endloop
  endfacet
  facet normal 0.0753835 0.405734 0.910877
    outer loop
      vertex 28.7754 11.1026 1.05157
      vertex 28.7819 11.1317 1.03807
      vertex 28.2539 11.2298 1.03807
    endloop
  endfacet
  facet normal 0.0756378 0.406727 0.910413
    outer loop
      vertex 28.7754 11.1026 1.05157
      vertex 28.2539 11.2298 1.03807
      vertex 28.2495 11.2004 1.05157
    endloop
  endfacet
  facet normal 0.0643533 0.346462 0.935854
    outer loop
      vertex 28.7819 11.1317 1.03807
      vertex 28.7886 11.1616 1.02654
      vertex 28.2583 11.2601 1.02654
    endloop
  endfacet
  facet normal 0.06442 0.346725 0.935752
    outer loop
      vertex 28.7819 11.1317 1.03807
      vertex 28.2583 11.2601 1.02654
      vertex 28.2539 11.2298 1.03807
    endloop
  endfacet
  facet normal 0.0531964 0.286132 0.956712
    outer loop
      vertex 28.7886 11.1616 1.02654
      vertex 28.7954 11.1921 1.01704
      vertex 28.2629 11.2911 1.01704
    endloop
  endfacet
  facet normal 0.0530097 0.285391 0.956944
    outer loop
      vertex 28.7886 11.1616 1.02654
      vertex 28.2629 11.2911 1.01704
      vertex 28.2583 11.2601 1.02654
    endloop
  endfacet
  facet normal 0.041507 0.22332 0.973861
    outer loop
      vertex 28.7954 11.1921 1.01704
      vertex 28.8024 11.2232 1.00961
      vertex 28.2676 11.3226 1.00961
    endloop
  endfacet
  facet normal 0.0415517 0.223498 0.973818
    outer loop
      vertex 28.7954 11.1921 1.01704
      vertex 28.2676 11.3226 1.00961
      vertex 28.2629 11.2911 1.01704
    endloop
  endfacet
  facet normal 0.0297423 0.159935 0.986679
    outer loop
      vertex 28.8024 11.2232 1.00961
      vertex 28.8095 11.2547 1.00429
      vertex 28.2723 11.3546 1.00429
    endloop
  endfacet
  facet normal 0.0296794 0.159683 0.986722
    outer loop
      vertex 28.8024 11.2232 1.00961
      vertex 28.2723 11.3546 1.00429
      vertex 28.2676 11.3226 1.00961
    endloop
  endfacet
  facet normal 0.0179318 0.0964528 0.995176
    outer loop
      vertex 28.8095 11.2547 1.00429
      vertex 28.8166 11.2865 1.00108
      vertex 28.2771 11.3868 1.00108
    endloop
  endfacet
  facet normal 0.0179515 0.0965317 0.995168
    outer loop
      vertex 28.8095 11.2547 1.00429
      vertex 28.2771 11.3868 1.00108
      vertex 28.2723 11.3546 1.00429
    endloop
  endfacet
  facet normal 0.00363708 0.0328777 0.999453
    outer loop
      vertex 28.2771 11.3868 1.00108
      vertex 28.2819 11.4191 1
      vertex 27.7341 11.4797 1
    endloop
  endfacet
  facet normal 0.0036312 0.0328434 0.999454
    outer loop
      vertex 28.2771 11.3868 1.00108
      vertex 27.7341 11.4797 1
      vertex 27.7317 11.4471 1.00108
    endloop
  endfacet
  facet normal -0.00346445 -0.032644 -0.999461
    outer loop
      vertex 28.2675 11.3221 0.0032196
      vertex 28.2797 11.419 1.24042e-05
      vertex 28.2818 11.4187 1.49234e-05
    endloop
  endfacet
  facet normal -0.00360899 -0.0326258 -0.999461
    outer loop
      vertex 28.2797 11.419 1.24042e-05
      vertex 28.2675 11.3221 0.0032196
      vertex 27.7269 11.3819 0.0032196
    endloop
  endfacet
  facet normal -0.00360067 -0.0327495 -0.999457
    outer loop
      vertex 27.7269 11.3819 0.0032196
      vertex 28.2695 11.4205 0
      vertex 28.2797 11.419 1.24042e-05
    endloop
  endfacet
  facet normal -0.00361064 -0.0326097 -0.999462
    outer loop
      vertex 28.2695 11.4205 0
      vertex 27.7269 11.3819 0.0032196
      vertex 27.7827 11.4744 0
    endloop
  endfacet
  facet normal -0.0036194 -0.0326044 -0.999462
    outer loop
      vertex 27.7827 11.4744 0
      vertex 27.7269 11.3819 0.0032196
      vertex 27.734 11.478 5.89209e-05
    endloop
  endfacet
  facet normal -0.0107999 -0.0974915 -0.995178
    outer loop
      vertex 28.2675 11.3221 0.0032196
      vertex 28.2532 11.2254 0.0128479
      vertex 27.7197 11.2845 0.0128479
    endloop
  endfacet
  facet normal -0.0107938 -0.0975778 -0.995169
    outer loop
      vertex 27.7269 11.3819 0.0032196
      vertex 28.2675 11.3221 0.0032196
      vertex 27.7197 11.2845 0.0128479
    endloop
  endfacet
  facet normal -0.0179286 -0.16188 -0.986648
    outer loop
      vertex 28.2532 11.2254 0.0128479
      vertex 28.239 11.1296 0.0288239
      vertex 27.7126 11.1879 0.0288239
    endloop
  endfacet
  facet normal -0.0179302 -0.161858 -0.986651
    outer loop
      vertex 27.7197 11.2845 0.0128479
      vertex 28.2532 11.2254 0.0128479
      vertex 27.7126 11.1879 0.0288239
    endloop
  endfacet
  facet normal -0.0250212 -0.226018 -0.973802
    outer loop
      vertex 28.239 11.1296 0.0288239
      vertex 28.225 11.0351 0.0511169
      vertex 27.7056 11.0926 0.0511169
    endloop
  endfacet
  facet normal -0.0250257 -0.225961 -0.973815
    outer loop
      vertex 27.7126 11.1879 0.0288239
      vertex 28.239 11.1296 0.0288239
      vertex 27.7056 11.0926 0.0511169
    endloop
  endfacet
  facet normal -0.0319363 -0.288722 -0.95688
    outer loop
      vertex 28.225 11.0351 0.0511169
      vertex 28.2113 10.9422 0.0796051
      vertex 27.6987 10.9989 0.0796051
    endloop
  endfacet
  facet normal -0.0319478 -0.288586 -0.956921
    outer loop
      vertex 27.7056 11.0926 0.0511169
      vertex 28.225 11.0351 0.0511169
      vertex 27.6987 10.9989 0.0796051
    endloop
  endfacet
  facet normal -0.0387682 -0.350229 -0.935861
    outer loop
      vertex 28.2113 10.9422 0.0796051
      vertex 28.1978 10.8513 0.114182
      vertex 27.6919 10.9073 0.114182
    endloop
  endfacet
  facet normal -0.0387553 -0.35037 -0.935809
    outer loop
      vertex 27.6987 10.9989 0.0796051
      vertex 28.2113 10.9422 0.0796051
      vertex 27.6919 10.9073 0.114182
    endloop
  endfacet
  facet normal -0.0454348 -0.410228 -0.910851
    outer loop
      vertex 28.1978 10.8513 0.114182
      vertex 28.1847 10.7628 0.154694
      vertex 27.6854 10.8181 0.154694
    endloop
  endfacet
  facet normal -0.0454229 -0.410347 -0.910797
    outer loop
      vertex 27.6919 10.9073 0.114182
      vertex 28.1978 10.8513 0.114182
      vertex 27.6854 10.8181 0.154694
    endloop
  endfacet
  facet normal -0.0519396 -0.468979 -0.881681
    outer loop
      vertex 28.1847 10.7628 0.154694
      vertex 28.172 10.6772 0.200974
      vertex 27.679 10.7318 0.200974
    endloop
  endfacet
  facet normal -0.0519407 -0.468969 -0.881686
    outer loop
      vertex 27.6854 10.8181 0.154694
      vertex 28.1847 10.7628 0.154694
      vertex 27.679 10.7318 0.200974
    endloop
  endfacet
  facet normal -0.0581596 -0.525379 -0.848878
    outer loop
      vertex 28.172 10.6772 0.200974
      vertex 28.1598 10.5948 0.252808
      vertex 27.6729 10.6487 0.252808
    endloop
  endfacet
  facet normal -0.0581734 -0.525265 -0.848948
    outer loop
      vertex 27.679 10.7318 0.200974
      vertex 28.172 10.6772 0.200974
      vertex 27.6729 10.6487 0.252808
    endloop
  endfacet
  facet normal -0.0641275 -0.578832 -0.812922
    outer loop
      vertex 28.1598 10.5948 0.252808
      vertex 28.1481 10.5158 0.309982
      vertex 27.667 10.5691 0.309982
    endloop
  endfacet
  facet normal -0.0640998 -0.579039 -0.812776
    outer loop
      vertex 27.6729 10.6487 0.252808
      vertex 28.1598 10.5948 0.252808
      vertex 27.667 10.5691 0.309982
    endloop
  endfacet
  facet normal -0.0698128 -0.631102 -0.772552
    outer loop
      vertex 28.1481 10.5158 0.309982
      vertex 28.137 10.4408 0.372253
      vertex 27.6615 10.4934 0.372253
    endloop
  endfacet
  facet normal -0.0698733 -0.630695 -0.772879
    outer loop
      vertex 27.667 10.5691 0.309982
      vertex 28.1481 10.5158 0.309982
      vertex 27.6615 10.4934 0.372253
    endloop
  endfacet
  facet normal -0.0752734 -0.679484 -0.729819
    outer loop
      vertex 28.137 10.4408 0.372253
      vertex 28.1265 10.3699 0.439346
      vertex 27.6562 10.422 0.439346
    endloop
  endfacet
  facet normal -0.0752081 -0.679875 -0.729461
    outer loop
      vertex 27.6615 10.4934 0.372253
      vertex 28.137 10.4408 0.372253
      vertex 27.6562 10.422 0.439346
    endloop
  endfacet
  facet normal -0.0802879 -0.725553 -0.683467
    outer loop
      vertex 28.1265 10.3699 0.439346
      vertex 28.1167 10.3035 0.510986
      vertex 27.6513 10.355 0.510986
    endloop
  endfacet
  facet normal -0.080344 -0.725255 -0.683777
    outer loop
      vertex 27.6562 10.422 0.439346
      vertex 28.1265 10.3699 0.439346
      vertex 27.6513 10.355 0.510986
    endloop
  endfacet
  facet normal -0.0850432 -0.768557 -0.634103
    outer loop
      vertex 28.1167 10.3035 0.510986
      vertex 28.1076 10.2419 0.586868
      vertex 27.6467 10.2929 0.586868
    endloop
  endfacet
  facet normal -0.0850455 -0.768547 -0.634116
    outer loop
      vertex 27.6513 10.355 0.510986
      vertex 28.1167 10.3035 0.510986
      vertex 27.6467 10.2929 0.586868
    endloop
  endfacet
  facet normal -0.0893867 -0.808375 -0.581842
    outer loop
      vertex 28.1076 10.2419 0.586868
      vertex 28.0992 10.1854 0.666656
      vertex 27.6425 10.2359 0.666656
    endloop
  endfacet
  facet normal -0.0894297 -0.808199 -0.582079
    outer loop
      vertex 27.6467 10.2929 0.586868
      vertex 28.1076 10.2419 0.586868
      vertex 27.6425 10.2359 0.666656
    endloop
  endfacet
  facet normal -0.0933706 -0.844063 -0.528053
    outer loop
      vertex 28.0992 10.1854 0.666656
      vertex 28.0916 10.1341 0.75
      vertex 27.6387 10.1842 0.75
    endloop
  endfacet
  facet normal -0.0933436 -0.844158 -0.527905
    outer loop
      vertex 27.6425 10.2359 0.666656
      vertex 28.0992 10.1854 0.666656
      vertex 27.6387 10.1842 0.75
    endloop
  endfacet
  facet normal -0.0971168 -0.876586 -0.471344
    outer loop
      vertex 28.0916 10.1341 0.75
      vertex 28.0848 10.0883 0.836578
      vertex 27.6353 10.1381 0.836578
    endloop
  endfacet
  facet normal -0.0970055 -0.876922 -0.470742
    outer loop
      vertex 27.6387 10.1842 0.75
      vertex 28.0916 10.1341 0.75
      vertex 27.6353 10.1381 0.836578
    endloop
  endfacet
  facet normal -0.100344 -0.905326 -0.412693
    outer loop
      vertex 28.0848 10.0883 0.836578
      vertex 28.0789 10.0482 0.92598
      vertex 27.6323 10.0977 0.92598
    endloop
  endfacet
  facet normal -0.10031 -0.905412 -0.412514
    outer loop
      vertex 27.6353 10.1381 0.836578
      vertex 28.0848 10.0883 0.836578
      vertex 27.6323 10.0977 0.92598
    endloop
  endfacet
  facet normal -0.103086 -0.930292 -0.352038
    outer loop
      vertex 28.0789 10.0482 0.92598
      vertex 28.0738 10.014 1.01785
      vertex 27.6298 10.0632 1.01785
    endloop
  endfacet
  facet normal -0.103106 -0.93025 -0.352143
    outer loop
      vertex 27.6323 10.0977 0.92598
      vertex 28.0789 10.0482 0.92598
      vertex 27.6298 10.0632 1.01785
    endloop
  endfacet
  facet normal -0.105354 -0.951311 -0.289668
    outer loop
      vertex 28.0738 10.014 1.01785
      vertex 28.0697 9.98585 1.11179
      vertex 27.6277 10.0348 1.11179
    endloop
  endfacet
  facet normal -0.105406 -0.951225 -0.289931
    outer loop
      vertex 27.6298 10.0632 1.01785
      vertex 28.0738 10.014 1.01785
      vertex 27.6277 10.0348 1.11179
    endloop
  endfacet
  facet normal -0.107066 -0.96799 -0.227009
    outer loop
      vertex 28.0697 9.98585 1.11179
      vertex 28.0664 9.9638 1.20737
      vertex 27.6261 10.0125 1.20737
    endloop
  endfacet
  facet normal -0.107185 -0.967837 -0.227603
    outer loop
      vertex 27.6277 10.0348 1.11179
      vertex 28.0697 9.98585 1.11179
      vertex 27.6261 10.0125 1.20737
    endloop
  endfacet
  facet normal -0.1085 -0.980668 -0.162842
    outer loop
      vertex 28.0664 9.9638 1.20737
      vertex 28.0656 9.95853 1.23964
      vertex 27.6257 10.0072 1.23964
    endloop
  endfacet
  facet normal -0.108476 -0.980741 -0.162421
    outer loop
      vertex 27.6261 10.0125 1.20737
      vertex 28.0664 9.9638 1.20737
      vertex 27.6257 10.0072 1.23964
    endloop
  endfacet
  facet normal 0.0181635 0.164135 -0.986271
    outer loop
      vertex 28.0656 9.95853 1.23964
      vertex 28.0655 9.95782 1.23952
      vertex 27.6256 10.0065 1.23952
    endloop
  endfacet
  facet normal 0.0184081 0.16638 -0.98589
    outer loop
      vertex 27.6257 10.0072 1.23964
      vertex 28.0656 9.95853 1.23964
      vertex 27.6256 10.0065 1.23952
    endloop
  endfacet
  facet normal -0.108218 -0.978867 -0.173516
    outer loop
      vertex 28.0655 9.95782 1.23952
      vertex 27.7012 9.53777 3.83638
      vertex 27.6415 9.54027 3.85951
    endloop
  endfacet
  facet normal -0.108375 -0.978847 -0.173535
    outer loop
      vertex 27.7012 9.53777 3.83638
      vertex 28.0655 9.95782 1.23952
      vertex 27.885 9.53005 3.76514
    endloop
  endfacet
  facet normal -0.108395 -0.978844 -0.173536
    outer loop
      vertex 27.885 9.53005 3.76514
      vertex 28.0655 9.95782 1.23952
      vertex 28.0016 9.52652 3.71222
    endloop
  endfacet
  facet normal -0.108227 -0.978863 -0.173533
    outer loop
      vertex 27.6256 10.0065 1.23952
      vertex 27.6415 9.54027 3.85951
      vertex 27.5914 9.54237 3.87891
    endloop
  endfacet
  facet normal -0.108321 -0.978853 -0.173531
    outer loop
      vertex 27.6415 9.54027 3.85951
      vertex 27.6256 10.0065 1.23952
      vertex 28.0655 9.95782 1.23952
    endloop
  endfacet
  facet normal 0.10842 0.978842 0.173532
    outer loop
      vertex 27.6979 10.9887 1.41318
      vertex 28.1453 10.4968 3.90831
      vertex 28.2098 10.932 1.41318
    endloop
  endfacet
  facet normal 0.107931 0.978879 0.173627
    outer loop
      vertex 28.1453 10.4968 3.90831
      vertex 27.6979 10.9887 1.41318
      vertex 28.0694 10.5008 3.93294
    endloop
  endfacet
  facet normal 0.108389 0.978845 0.173533
    outer loop
      vertex 27.6979 10.9887 1.41318
      vertex 27.815 10.5144 4.01541
      vertex 27.9915 10.505 3.95819
    endloop
  endfacet
  facet normal 0.108994 0.978792 0.173454
    outer loop
      vertex 27.6979 10.9887 1.41318
      vertex 27.9915 10.505 3.95819
      vertex 28.0694 10.5008 3.93294
    endloop
  endfacet
  facet normal 0.108425 0.978842 0.173531
    outer loop
      vertex 27.815 10.5144 4.01541
      vertex 27.6979 10.9887 1.41318
      vertex 27.6637 10.5241 4.05523
    endloop
  endfacet
  facet normal -0.0146144 -0.13215 0.991122
    outer loop
      vertex 28.2098 10.932 1.41318
      vertex 28.2098 10.9323 1.41322
      vertex 27.698 10.9889 1.41322
    endloop
  endfacet
  facet normal -0.0206189 -0.186152 0.982305
    outer loop
      vertex 28.2098 10.932 1.41318
      vertex 27.698 10.9889 1.41322
      vertex 27.6979 10.9887 1.41318
    endloop
  endfacet
  facet normal 0.108683 0.981402 0.158232
    outer loop
      vertex 28.2098 10.9323 1.41322
      vertex 28.2101 10.934 1.40247
      vertex 27.6981 10.9907 1.40247
    endloop
  endfacet
  facet normal 0.108411 0.980292 0.16515
    outer loop
      vertex 28.2098 10.9323 1.41322
      vertex 27.6981 10.9907 1.40247
      vertex 27.698 10.9889 1.41322
    endloop
  endfacet
  facet normal 0.107064 0.967726 0.22813
    outer loop
      vertex 28.2101 10.934 1.40247
      vertex 28.2111 10.9414 1.37061
      vertex 27.6986 10.9981 1.37061
    endloop
  endfacet
  facet normal 0.107208 0.968085 0.226536
    outer loop
      vertex 28.2101 10.934 1.40247
      vertex 27.6986 10.9981 1.37061
      vertex 27.6981 10.9907 1.40247
    endloop
  endfacet
  facet normal 0.105273 0.951165 0.290177
    outer loop
      vertex 28.2111 10.9414 1.37061
      vertex 28.2125 10.9508 1.33929
      vertex 27.6993 11.0076 1.33929
    endloop
  endfacet
  facet normal 0.105211 0.950981 0.290803
    outer loop
      vertex 28.2111 10.9414 1.37061
      vertex 27.6993 11.0076 1.33929
      vertex 27.6986 10.9981 1.37061
    endloop
  endfacet
  facet normal 0.102984 0.930291 0.35207
    outer loop
      vertex 28.2125 10.9508 1.33929
      vertex 28.2142 10.9622 1.30867
      vertex 27.7002 11.0191 1.30867
    endloop
  endfacet
  facet normal 0.10295 0.930179 0.352375
    outer loop
      vertex 28.2125 10.9508 1.33929
      vertex 27.7002 11.0191 1.30867
      vertex 27.6993 11.0076 1.33929
    endloop
  endfacet
  facet normal 0.100282 0.906053 0.41111
    outer loop
      vertex 28.2142 10.9622 1.30867
      vertex 28.2162 10.9755 1.27887
      vertex 27.7012 11.0325 1.27887
    endloop
  endfacet
  facet normal 0.100314 0.906172 0.41084
    outer loop
      vertex 28.2142 10.9622 1.30867
      vertex 27.7012 11.0325 1.27887
      vertex 27.7002 11.0191 1.30867
    endloop
  endfacet
  facet normal 0.096923 0.876211 0.47208
    outer loop
      vertex 28.2162 10.9755 1.27887
      vertex 28.2185 10.9908 1.25
      vertex 27.7023 11.0479 1.25
    endloop
  endfacet
  facet normal 0.0970236 0.876617 0.471307
    outer loop
      vertex 28.2162 10.9755 1.27887
      vertex 27.7023 11.0479 1.25
      vertex 27.7012 11.0325 1.27887
    endloop
  endfacet
  facet normal 0.0933091 0.844024 0.528127
    outer loop
      vertex 28.2185 10.9908 1.25
      vertex 28.221 11.0079 1.22223
      vertex 27.7036 11.0651 1.22223
    endloop
  endfacet
  facet normal 0.0934109 0.844461 0.527409
    outer loop
      vertex 28.2185 10.9908 1.25
      vertex 27.7036 11.0651 1.22223
      vertex 27.7023 11.0479 1.25
    endloop
  endfacet
  facet normal 0.0896489 0.808867 0.581117
    outer loop
      vertex 28.221 11.0079 1.22223
      vertex 28.2238 11.0267 1.19563
      vertex 27.705 11.0842 1.19563
    endloop
  endfacet
  facet normal 0.0891961 0.806819 0.584027
    outer loop
      vertex 28.221 11.0079 1.22223
      vertex 27.705 11.0842 1.19563
      vertex 27.7036 11.0651 1.22223
    endloop
  endfacet
  facet normal 0.0851517 0.769174 0.633341
    outer loop
      vertex 28.2238 11.0267 1.19563
      vertex 28.2268 11.0472 1.17033
      vertex 27.7065 11.1048 1.17033
    endloop
  endfacet
  facet normal 0.0853571 0.770143 0.632134
    outer loop
      vertex 28.2238 11.0267 1.19563
      vertex 27.7065 11.1048 1.17033
      vertex 27.705 11.0842 1.19563
    endloop
  endfacet
  facet normal 0.080221 0.724487 0.684604
    outer loop
      vertex 28.2268 11.0472 1.17033
      vertex 28.2301 11.0694 1.14645
      vertex 27.7081 11.1272 1.14645
    endloop
  endfacet
  facet normal 0.0801852 0.724312 0.684794
    outer loop
      vertex 28.2268 11.0472 1.17033
      vertex 27.7081 11.1272 1.14645
      vertex 27.7065 11.1048 1.17033
    endloop
  endfacet
  facet normal 0.0753192 0.68008 0.729258
    outer loop
      vertex 28.2301 11.0694 1.14645
      vertex 28.2336 11.093 1.12408
      vertex 27.7099 11.151 1.12408
    endloop
  endfacet
  facet normal 0.0752845 0.679905 0.729426
    outer loop
      vertex 28.2301 11.0694 1.14645
      vertex 27.7099 11.151 1.12408
      vertex 27.7081 11.1272 1.14645
    endloop
  endfacet
  facet normal 0.0698803 0.630964 0.772658
    outer loop
      vertex 28.2336 11.093 1.12408
      vertex 28.2373 11.118 1.10333
      vertex 27.7118 11.1762 1.10333
    endloop
  endfacet
  facet normal 0.0698785 0.630955 0.772666
    outer loop
      vertex 28.2336 11.093 1.12408
      vertex 27.7118 11.1762 1.10333
      vertex 27.7099 11.151 1.12408
    endloop
  endfacet
  facet normal 0.0641408 0.579354 0.812548
    outer loop
      vertex 28.2373 11.118 1.10333
      vertex 28.2412 11.1443 1.08427
      vertex 27.7137 11.2027 1.08427
    endloop
  endfacet
  facet normal 0.0641982 0.579659 0.812326
    outer loop
      vertex 28.2373 11.118 1.10333
      vertex 27.7137 11.2027 1.08427
      vertex 27.7118 11.1762 1.10333
    endloop
  endfacet
  facet normal 0.0580584 0.524705 0.849302
    outer loop
      vertex 28.2412 11.1443 1.08427
      vertex 28.2453 11.1718 1.067
      vertex 27.7157 11.2304 1.067
    endloop
  endfacet
  facet normal 0.0581389 0.525141 0.849027
    outer loop
      vertex 28.2412 11.1443 1.08427
      vertex 27.7157 11.2304 1.067
      vertex 27.7137 11.2027 1.08427
    endloop
  endfacet
  facet normal 0.0517957 0.468276 0.882063
    outer loop
      vertex 28.2453 11.1718 1.067
      vertex 28.2495 11.2004 1.05157
      vertex 27.7179 11.2592 1.05157
    endloop
  endfacet
  facet normal 0.0518438 0.46854 0.88192
    outer loop
      vertex 28.2453 11.1718 1.067
      vertex 27.7179 11.2592 1.05157
      vertex 27.7157 11.2304 1.067
    endloop
  endfacet
  facet normal 0.045529 0.411225 0.910396
    outer loop
      vertex 28.2495 11.2004 1.05157
      vertex 28.2539 11.2298 1.03807
      vertex 27.7201 11.2889 1.03807
    endloop
  endfacet
  facet normal 0.0454147 0.410586 0.91069
    outer loop
      vertex 28.2495 11.2004 1.05157
      vertex 27.7201 11.2889 1.03807
      vertex 27.7179 11.2592 1.05157
    endloop
  endfacet
  facet normal 0.0388371 0.350449 0.935776
    outer loop
      vertex 28.2539 11.2298 1.03807
      vertex 28.2583 11.2601 1.02654
      vertex 27.7223 11.3195 1.02654
    endloop
  endfacet
  facet normal 0.0387386 0.349893 0.935988
    outer loop
      vertex 28.2539 11.2298 1.03807
      vertex 27.7223 11.3195 1.02654
      vertex 27.7201 11.2889 1.03807
    endloop
  endfacet
  facet normal 0.0319442 0.288516 0.956942
    outer loop
      vertex 28.2583 11.2601 1.02654
      vertex 28.2629 11.2911 1.01704
      vertex 27.7246 11.3507 1.01704
    endloop
  endfacet
  facet normal 0.0320242 0.288973 0.956801
    outer loop
      vertex 28.2583 11.2601 1.02654
      vertex 27.7246 11.3507 1.01704
      vertex 27.7223 11.3195 1.02654
    endloop
  endfacet
  facet normal 0.0250325 0.225962 0.973815
    outer loop
      vertex 28.2629 11.2911 1.01704
      vertex 28.2676 11.3226 1.00961
      vertex 27.7269 11.3825 1.00961
    endloop
  endfacet
  facet normal 0.0249931 0.225734 0.973868
    outer loop
      vertex 28.2629 11.2911 1.01704
      vertex 27.7269 11.3825 1.00961
      vertex 27.7246 11.3507 1.01704
    endloop
  endfacet
  facet normal 0.0178661 0.161419 0.986724
    outer loop
      vertex 28.2676 11.3226 1.00961
      vertex 28.2723 11.3546 1.00429
      vertex 27.7293 11.4147 1.00429
    endloop
  endfacet
  facet normal 0.0179115 0.161682 0.98668
    outer loop
      vertex 28.2676 11.3226 1.00961
      vertex 27.7293 11.4147 1.00429
      vertex 27.7269 11.3825 1.00961
    endloop
  endfacet
  facet normal 0.0107907 0.0975991 0.995167
    outer loop
      vertex 28.2723 11.3546 1.00429
      vertex 28.2771 11.3868 1.00108
      vertex 27.7317 11.4471 1.00108
    endloop
  endfacet
  facet normal 0.0108237 0.0977916 0.995148
    outer loop
      vertex 28.2723 11.3546 1.00429
      vertex 27.7317 11.4471 1.00108
      vertex 27.7293 11.4147 1.00429
    endloop
  endfacet
  facet normal 0.00121701 0.0330211 0.999454
    outer loop
      vertex 27.7317 11.4471 1.00108
      vertex 27.7341 11.4797 1
      vertex 27.1833 11.5 1
    endloop
  endfacet
  facet normal 0.00121589 0.0330095 0.999454
    outer loop
      vertex 27.7317 11.4471 1.00108
      vertex 27.1833 11.5 1
      vertex 27.1833 11.4673 1.00108
    endloop
  endfacet
  facet normal -0.00116897 -0.0327854 -0.999462
    outer loop
      vertex 27.7269 11.3819 0.0032196
      vertex 27.7257 11.4786 4.89467e-05
      vertex 27.734 11.478 5.89209e-05
    endloop
  endfacet
  facet normal -0.00120625 -0.0327859 -0.999462
    outer loop
      vertex 27.7257 11.4786 4.89467e-05
      vertex 27.7269 11.3819 0.0032196
      vertex 27.1833 11.4019 0.0032196
    endloop
  endfacet
  facet normal -0.00116398 -0.0330844 -0.999452
    outer loop
      vertex 27.1833 11.4019 0.0032196
      vertex 27.6853 11.4815 0
      vertex 27.7257 11.4786 4.89467e-05
    endloop
  endfacet
  facet normal -0.00120903 -0.0328007 -0.999461
    outer loop
      vertex 27.6853 11.4815 0
      vertex 27.1833 11.4019 0.0032196
      vertex 27.1834 11.5 0
    endloop
  endfacet
  facet normal -4.67683e-05 -0.0328019 -0.999462
    outer loop
      vertex 27.1834 11.5 0
      vertex 27.1833 11.4019 0.0032196
      vertex 27.1833 11.5 4.67935e-09
    endloop
  endfacet
  facet normal -0.00360319 -0.0981093 -0.995169
    outer loop
      vertex 27.7269 11.3819 0.0032196
      vertex 27.7197 11.2845 0.0128479
      vertex 27.1833 11.3042 0.0128479
    endloop
  endfacet
  facet normal -0.00360831 -0.0980739 -0.995173
    outer loop
      vertex 27.1833 11.4019 0.0032196
      vertex 27.7269 11.3819 0.0032196
      vertex 27.1833 11.3042 0.0128479
    endloop
  endfacet
  facet normal -0.00599533 -0.162735 -0.986652
    outer loop
      vertex 27.7197 11.2845 0.0128479
      vertex 27.7126 11.1879 0.0288239
      vertex 27.1833 11.2074 0.0288239
    endloop
  endfacet
  facet normal -0.00598035 -0.162836 -0.986635
    outer loop
      vertex 27.1833 11.3042 0.0128479
      vertex 27.7197 11.2845 0.0128479
      vertex 27.1833 11.2074 0.0288239
    endloop
  endfacet
  facet normal -0.00835146 -0.227186 -0.973816
    outer loop
      vertex 27.7126 11.1879 0.0288239
      vertex 27.7056 11.0926 0.0511169
      vertex 27.1833 11.1118 0.0511169
    endloop
  endfacet
  facet normal -0.00836623 -0.22709 -0.973838
    outer loop
      vertex 27.1833 11.2074 0.0288239
      vertex 27.7126 11.1879 0.0288239
      vertex 27.1833 11.1118 0.0511169
    endloop
  endfacet
  facet normal -0.0106963 -0.290151 -0.956921
    outer loop
      vertex 27.7056 11.0926 0.0511169
      vertex 27.6987 10.9989 0.0796051
      vertex 27.1833 11.0179 0.0796051
    endloop
  endfacet
  facet normal -0.0106718 -0.290305 -0.956875
    outer loop
      vertex 27.1833 11.1118 0.0511169
      vertex 27.7056 11.0926 0.0511169
      vertex 27.1833 11.0179 0.0796051
    endloop
  endfacet
  facet normal -0.0129526 -0.352283 -0.935804
    outer loop
      vertex 27.6987 10.9989 0.0796051
      vertex 27.6919 10.9073 0.114182
      vertex 27.1833 10.926 0.114182
    endloop
  endfacet
  facet normal -0.0129806 -0.352115 -0.935867
    outer loop
      vertex 27.1833 11.0179 0.0796051
      vertex 27.6987 10.9989 0.0796051
      vertex 27.1833 10.926 0.114182
    endloop
  endfacet
  facet normal -0.0152006 -0.412554 -0.910806
    outer loop
      vertex 27.6919 10.9073 0.114182
      vertex 27.6854 10.8181 0.154694
      vertex 27.1833 10.8366 0.154694
    endloop
  endfacet
  facet normal -0.0151742 -0.412705 -0.910738
    outer loop
      vertex 27.1833 10.926 0.114182
      vertex 27.6919 10.9073 0.114182
      vertex 27.1833 10.8366 0.154694
    endloop
  endfacet
  facet normal -0.0173127 -0.471533 -0.881679
    outer loop
      vertex 27.6854 10.8181 0.154694
      vertex 27.679 10.7318 0.200974
      vertex 27.1833 10.75 0.200974
    endloop
  endfacet
  facet normal -0.0173636 -0.471257 -0.881825
    outer loop
      vertex 27.1833 10.8366 0.154694
      vertex 27.6854 10.8181 0.154694
      vertex 27.1833 10.75 0.200974
    endloop
  endfacet
  facet normal -0.0194159 -0.528113 -0.848952
    outer loop
      vertex 27.679 10.7318 0.200974
      vertex 27.6729 10.6487 0.252808
      vertex 27.1833 10.6667 0.252808
    endloop
  endfacet
  facet normal -0.0193941 -0.528224 -0.848884
    outer loop
      vertex 27.1833 10.75 0.200974
      vertex 27.679 10.7318 0.200974
      vertex 27.1833 10.6667 0.252808
    endloop
  endfacet
  facet normal -0.0214246 -0.582195 -0.812767
    outer loop
      vertex 27.6729 10.6487 0.252808
      vertex 27.667 10.5691 0.309982
      vertex 27.1833 10.5869 0.309982
    endloop
  endfacet
  facet normal -0.0214073 -0.582278 -0.812708
    outer loop
      vertex 27.1833 10.6667 0.252808
      vertex 27.6729 10.6487 0.252808
      vertex 27.1833 10.5869 0.309982
    endloop
  endfacet
  facet normal -0.0233377 -0.634096 -0.772902
    outer loop
      vertex 27.667 10.5691 0.309982
      vertex 27.6615 10.4934 0.372253
      vertex 27.1833 10.511 0.372253
    endloop
  endfacet
  facet normal -0.023335 -0.634108 -0.772892
    outer loop
      vertex 27.1833 10.5869 0.309982
      vertex 27.667 10.5691 0.309982
      vertex 27.1833 10.511 0.372253
    endloop
  endfacet
  facet normal -0.0250074 -0.683585 -0.729443
    outer loop
      vertex 27.6615 10.4934 0.372253
      vertex 27.6562 10.422 0.439346
      vertex 27.1833 10.4393 0.439346
    endloop
  endfacet
  facet normal -0.0251392 -0.683043 -0.729945
    outer loop
      vertex 27.1833 10.511 0.372253
      vertex 27.6615 10.4934 0.372253
      vertex 27.1833 10.4393 0.439346
    endloop
  endfacet
  facet normal -0.0269546 -0.729177 -0.683794
    outer loop
      vertex 27.6562 10.422 0.439346
      vertex 27.6513 10.355 0.510986
      vertex 27.1833 10.3723 0.510986
    endloop
  endfacet
  facet normal -0.0267092 -0.730103 -0.682815
    outer loop
      vertex 27.1833 10.4393 0.439346
      vertex 27.6562 10.422 0.439346
      vertex 27.1833 10.3723 0.510986
    endloop
  endfacet
  facet normal -0.0285143 -0.772721 -0.634105
    outer loop
      vertex 27.6513 10.355 0.510986
      vertex 27.6467 10.2929 0.586868
      vertex 27.1833 10.31 0.586868
    endloop
  endfacet
  facet normal -0.0285586 -0.772569 -0.634288
    outer loop
      vertex 27.1833 10.3723 0.510986
      vertex 27.6513 10.355 0.510986
      vertex 27.1833 10.31 0.586868
    endloop
  endfacet
  facet normal -0.0299056 -0.812583 -0.582078
    outer loop
      vertex 27.6467 10.2929 0.586868
      vertex 27.6425 10.2359 0.666656
      vertex 27.1833 10.2528 0.666656
    endloop
  endfacet
  facet normal -0.0299771 -0.812362 -0.582382
    outer loop
      vertex 27.1833 10.31 0.586868
      vertex 27.6467 10.2929 0.586868
      vertex 27.1833 10.2528 0.666656
    endloop
  endfacet
  facet normal -0.03131 -0.848724 -0.527908
    outer loop
      vertex 27.6425 10.2359 0.666656
      vertex 27.6387 10.1842 0.75
      vertex 27.1833 10.201 0.75
    endloop
  endfacet
  facet normal -0.0312425 -0.848909 -0.527614
    outer loop
      vertex 27.1833 10.2528 0.666656
      vertex 27.6425 10.2359 0.666656
      vertex 27.1833 10.201 0.75
    endloop
  endfacet
  facet normal -0.0323802 -0.881679 -0.470737
    outer loop
      vertex 27.6387 10.1842 0.75
      vertex 27.6353 10.1381 0.836578
      vertex 27.1833 10.1547 0.836578
    endloop
  endfacet
  facet normal -0.0325138 -0.881357 -0.47133
    outer loop
      vertex 27.1833 10.201 0.75
      vertex 27.6387 10.1842 0.75
      vertex 27.1833 10.1547 0.836578
    endloop
  endfacet
  facet normal -0.0334536 -0.910344 -0.412499
    outer loop
      vertex 27.6353 10.1381 0.836578
      vertex 27.6323 10.0977 0.92598
      vertex 27.1833 10.1142 0.92598
    endloop
  endfacet
  facet normal -0.0334344 -0.910383 -0.412413
    outer loop
      vertex 27.1833 10.1547 0.836578
      vertex 27.6353 10.1381 0.836578
      vertex 27.1833 10.1142 0.92598
    endloop
  endfacet
  facet normal -0.0343539 -0.935305 -0.352171
    outer loop
      vertex 27.6323 10.0977 0.92598
      vertex 27.6298 10.0632 1.01785
      vertex 27.1833 10.0796 1.01785
    endloop
  endfacet
  facet normal -0.0343699 -0.935277 -0.352243
    outer loop
      vertex 27.1833 10.1142 0.92598
      vertex 27.6323 10.0977 0.92598
      vertex 27.1833 10.0796 1.01785
    endloop
  endfacet
  facet normal -0.0350797 -0.956406 -0.289925
    outer loop
      vertex 27.6298 10.0632 1.01785
      vertex 27.6277 10.0348 1.11179
      vertex 27.1833 10.0511 1.11179
    endloop
  endfacet
  facet normal -0.0351265 -0.95634 -0.290139
    outer loop
      vertex 27.1833 10.0796 1.01785
      vertex 27.6298 10.0632 1.01785
      vertex 27.1833 10.0511 1.11179
    endloop
  endfacet
  facet normal -0.0358205 -0.973088 -0.227633
    outer loop
      vertex 27.6277 10.0348 1.11179
      vertex 27.6261 10.0125 1.20737
      vertex 27.1833 10.0288 1.20737
    endloop
  endfacet
  facet normal -0.0356966 -0.973225 -0.227065
    outer loop
      vertex 27.1833 10.0511 1.11179
      vertex 27.6277 10.0348 1.11179
      vertex 27.1833 10.0288 1.20737
    endloop
  endfacet
  facet normal -0.0363307 -0.986056 -0.162399
    outer loop
      vertex 27.6261 10.0125 1.20737
      vertex 27.6257 10.0072 1.23964
      vertex 27.1833 10.0235 1.23964
    endloop
  endfacet
  facet normal -0.0363006 -0.986129 -0.161961
    outer loop
      vertex 27.1833 10.0288 1.20737
      vertex 27.6261 10.0125 1.20737
      vertex 27.1833 10.0235 1.23964
    endloop
  endfacet
  facet normal 0.00619499 0.168101 -0.98575
    outer loop
      vertex 27.6257 10.0072 1.23964
      vertex 27.6256 10.0065 1.23952
      vertex 27.1833 10.0228 1.23952
    endloop
  endfacet
  facet normal 0.00622526 0.168961 -0.985603
    outer loop
      vertex 27.1833 10.0235 1.23964
      vertex 27.6257 10.0072 1.23964
      vertex 27.1833 10.0228 1.23952
    endloop
  endfacet
  facet normal -0.0361693 -0.984165 -0.173527
    outer loop
      vertex 27.6256 10.0065 1.23952
      vertex 27.3356 9.53721 3.96156
      vertex 27.2124 9.53502 3.99966
    endloop
  endfacet
  facet normal -0.0361926 -0.984163 -0.173529
    outer loop
      vertex 27.3356 9.53721 3.96156
      vertex 27.6256 10.0065 1.23952
      vertex 27.534 9.54074 3.90016
    endloop
  endfacet
  facet normal -0.0362958 -0.984159 -0.173532
    outer loop
      vertex 27.534 9.54074 3.90016
      vertex 27.6256 10.0065 1.23952
      vertex 27.5914 9.54237 3.87891
    endloop
  endfacet
  facet normal -0.036087 -0.984165 -0.173544
    outer loop
      vertex 27.1833 10.0228 1.23952
      vertex 27.2124 9.53502 3.99966
      vertex 27.1833 9.5345 4.00866
    endloop
  endfacet
  facet normal -0.036269 -0.984159 -0.173541
    outer loop
      vertex 27.2124 9.53502 3.99966
      vertex 27.1833 10.0228 1.23952
      vertex 27.6256 10.0065 1.23952
    endloop
  endfacet
  facet normal 0.036146 0.984165 0.173532
    outer loop
      vertex 27.1833 11.0076 1.41318
      vertex 27.6637 10.5241 4.05523
      vertex 27.6979 10.9887 1.41318
    endloop
  endfacet
  facet normal 0.0360748 0.984165 0.173545
    outer loop
      vertex 27.6637 10.5241 4.05523
      vertex 27.1833 11.0076 1.41318
      vertex 27.6114 10.5237 4.06837
    endloop
  endfacet
  facet normal 0.0359562 0.984166 0.173564
    outer loop
      vertex 27.1833 11.0076 1.41318
      vertex 27.4441 10.5224 4.1104
      vertex 27.6114 10.5237 4.06837
    endloop
  endfacet
  facet normal 0.0363549 0.984158 0.173524
    outer loop
      vertex 27.4441 10.5224 4.1104
      vertex 27.1833 11.0076 1.41318
      vertex 27.1833 10.5231 4.16107
    endloop
  endfacet
  facet normal -0.00707632 -0.192708 0.981231
    outer loop
      vertex 27.6979 10.9887 1.41318
      vertex 27.698 10.9889 1.41322
      vertex 27.1833 11.0078 1.41322
    endloop
  endfacet
  facet normal -0.00720268 -0.196111 0.980555
    outer loop
      vertex 27.6979 10.9887 1.41318
      vertex 27.1833 11.0078 1.41322
      vertex 27.1833 11.0076 1.41318
    endloop
  endfacet
  facet normal 0.0361835 0.985569 0.165362
    outer loop
      vertex 27.698 10.9889 1.41322
      vertex 27.6981 10.9907 1.40247
      vertex 27.1833 11.0096 1.40247
    endloop
  endfacet
  facet normal 0.0361925 0.985623 0.165035
    outer loop
      vertex 27.698 10.9889 1.41322
      vertex 27.1833 11.0096 1.40247
      vertex 27.1833 11.0078 1.41322
    endloop
  endfacet
  facet normal 0.0356993 0.973326 0.226631
    outer loop
      vertex 27.6981 10.9907 1.40247
      vertex 27.6986 10.9981 1.37061
      vertex 27.1833 11.017 1.37061
    endloop
  endfacet
  facet normal 0.0357385 0.973448 0.226099
    outer loop
      vertex 27.6981 10.9907 1.40247
      vertex 27.1833 11.017 1.37061
      vertex 27.1833 11.0096 1.40247
    endloop
  endfacet
  facet normal 0.0350215 0.956143 0.2908
    outer loop
      vertex 27.6986 10.9981 1.37061
      vertex 27.6993 11.0076 1.33929
      vertex 27.1833 11.0265 1.33929
    endloop
  endfacet
  facet normal 0.035077 0.956358 0.290083
    outer loop
      vertex 27.6986 10.9981 1.37061
      vertex 27.1833 11.0265 1.33929
      vertex 27.1833 11.017 1.37061
    endloop
  endfacet
  facet normal 0.0343782 0.935267 0.35227
    outer loop
      vertex 27.6993 11.0076 1.33929
      vertex 27.7002 11.0191 1.30867
      vertex 27.1833 11.0381 1.30867
    endloop
  endfacet
  facet normal 0.0342323 0.934596 0.35406
    outer loop
      vertex 27.6993 11.0076 1.33929
      vertex 27.1833 11.0381 1.30867
      vertex 27.1833 11.0265 1.33929
    endloop
  endfacet
  facet normal 0.0336011 0.911099 0.410816
    outer loop
      vertex 27.7002 11.0191 1.30867
      vertex 27.7012 11.0325 1.27887
      vertex 27.1833 11.0516 1.27887
    endloop
  endfacet
  facet normal 0.0334633 0.910379 0.41242
    outer loop
      vertex 27.7002 11.0191 1.30867
      vertex 27.1833 11.0516 1.27887
      vertex 27.1833 11.0381 1.30867
    endloop
  endfacet
  facet normal 0.0324347 0.881341 0.471366
    outer loop
      vertex 27.7012 11.0325 1.27887
      vertex 27.7023 11.0479 1.25
      vertex 27.1833 11.067 1.25
    endloop
  endfacet
  facet normal 0.0325225 0.881852 0.470403
    outer loop
      vertex 27.7012 11.0325 1.27887
      vertex 27.1833 11.067 1.25
      vertex 27.1833 11.0516 1.27887
    endloop
  endfacet
  facet normal 0.0313321 0.849067 0.527356
    outer loop
      vertex 27.7023 11.0479 1.25
      vertex 27.7036 11.0651 1.22223
      vertex 27.1833 11.0843 1.22223
    endloop
  endfacet
  facet normal 0.0312208 0.848356 0.528504
    outer loop
      vertex 27.7023 11.0479 1.25
      vertex 27.1833 11.0843 1.22223
      vertex 27.1833 11.067 1.25
    endloop
  endfacet
  facet normal 0.0296984 0.811187 0.584032
    outer loop
      vertex 27.7036 11.0651 1.22223
      vertex 27.705 11.0842 1.19563
      vertex 27.1833 11.1033 1.19563
    endloop
  endfacet
  facet normal 0.0300147 0.813367 0.580976
    outer loop
      vertex 27.7036 11.0651 1.22223
      vertex 27.1833 11.1033 1.19563
      vertex 27.1833 11.0843 1.22223
    endloop
  endfacet
  facet normal 0.0285631 0.774311 0.63216
    outer loop
      vertex 27.705 11.0842 1.19563
      vertex 27.7065 11.1048 1.17033
      vertex 27.1833 11.1241 1.17033
    endloop
  endfacet
  facet normal 0.0282692 0.77215 0.634811
    outer loop
      vertex 27.705 11.0842 1.19563
      vertex 27.1833 11.1241 1.17033
      vertex 27.1833 11.1033 1.19563
    endloop
  endfacet
  facet normal 0.0267798 0.728189 0.684853
    outer loop
      vertex 27.7065 11.1048 1.17033
      vertex 27.7081 11.1272 1.14645
      vertex 27.1833 11.1465 1.14645
    endloop
  endfacet
  facet normal 0.0268947 0.729083 0.683897
    outer loop
      vertex 27.7065 11.1048 1.17033
      vertex 27.1833 11.1465 1.14645
      vertex 27.1833 11.1241 1.17033
    endloop
  endfacet
  facet normal 0.0250561 0.683656 0.729374
    outer loop
      vertex 27.7081 11.1272 1.14645
      vertex 27.7099 11.151 1.12408
      vertex 27.1833 11.1703 1.12408
    endloop
  endfacet
  facet normal 0.025179 0.68466 0.728427
    outer loop
      vertex 27.7081 11.1272 1.14645
      vertex 27.1833 11.1703 1.12408
      vertex 27.1833 11.1465 1.14645
    endloop
  endfacet
  facet normal 0.0232886 0.634434 0.772626
    outer loop
      vertex 27.7099 11.151 1.12408
      vertex 27.7118 11.1762 1.10333
      vertex 27.1833 11.1956 1.10333
    endloop
  endfacet
  facet normal 0.0232356 0.633981 0.772999
    outer loop
      vertex 27.7099 11.151 1.12408
      vertex 27.1833 11.1956 1.10333
      vertex 27.1833 11.1703 1.12408
    endloop
  endfacet
  facet normal 0.0214248 0.582754 0.812366
    outer loop
      vertex 27.7118 11.1762 1.10333
      vertex 27.7137 11.2027 1.08427
      vertex 27.1833 11.2222 1.08427
    endloop
  endfacet
  facet normal 0.0213756 0.582319 0.81268
    outer loop
      vertex 27.7118 11.1762 1.10333
      vertex 27.1833 11.2222 1.08427
      vertex 27.1833 11.1956 1.10333
    endloop
  endfacet
  facet normal 0.0194362 0.527952 0.849052
    outer loop
      vertex 27.7137 11.2027 1.08427
      vertex 27.7157 11.2304 1.067
      vertex 27.1833 11.25 1.067
    endloop
  endfacet
  facet normal 0.0193967 0.527591 0.849277
    outer loop
      vertex 27.7137 11.2027 1.08427
      vertex 27.1833 11.25 1.067
      vertex 27.1833 11.2222 1.08427
    endloop
  endfacet
  facet normal 0.017362 0.471153 0.88188
    outer loop
      vertex 27.7157 11.2304 1.067
      vertex 27.7179 11.2592 1.05157
      vertex 27.1833 11.2789 1.05157
    endloop
  endfacet
  facet normal 0.0173364 0.470913 0.882009
    outer loop
      vertex 27.7157 11.2304 1.067
      vertex 27.1833 11.2789 1.05157
      vertex 27.1833 11.25 1.067
    endloop
  endfacet
  facet normal 0.015227 0.41282 0.910685
    outer loop
      vertex 27.7179 11.2592 1.05157
      vertex 27.7201 11.2889 1.03807
      vertex 27.1833 11.3087 1.03807
    endloop
  endfacet
  facet normal 0.0152044 0.412603 0.910784
    outer loop
      vertex 27.7179 11.2592 1.05157
      vertex 27.1833 11.3087 1.03807
      vertex 27.1833 11.2789 1.05157
    endloop
  endfacet
  facet normal 0.0129216 0.351755 0.936003
    outer loop
      vertex 27.7201 11.2889 1.03807
      vertex 27.7223 11.3195 1.02654
      vertex 27.1833 11.3393 1.02654
    endloop
  endfacet
  facet normal 0.0130045 0.352568 0.935696
    outer loop
      vertex 27.7201 11.2889 1.03807
      vertex 27.1833 11.3393 1.02654
      vertex 27.1833 11.3087 1.03807
    endloop
  endfacet
  facet normal 0.0106815 0.290546 0.956801
    outer loop
      vertex 27.7223 11.3195 1.02654
      vertex 27.7246 11.3507 1.01704
      vertex 27.1833 11.3706 1.01704
    endloop
  endfacet
  facet normal 0.0106683 0.290415 0.956841
    outer loop
      vertex 27.7223 11.3195 1.02654
      vertex 27.1833 11.3706 1.01704
      vertex 27.1833 11.3393 1.02654
    endloop
  endfacet
  facet normal 0.0083495 0.226939 0.973873
    outer loop
      vertex 27.7246 11.3507 1.01704
      vertex 27.7269 11.3825 1.00961
      vertex 27.1833 11.4025 1.00961
    endloop
  endfacet
  facet normal 0.00833924 0.226836 0.973897
    outer loop
      vertex 27.7246 11.3507 1.01704
      vertex 27.1833 11.4025 1.00961
      vertex 27.1833 11.3706 1.01704
    endloop
  endfacet
  facet normal 0.00595504 0.162573 0.986679
    outer loop
      vertex 27.7269 11.3825 1.00961
      vertex 27.7293 11.4147 1.00429
      vertex 27.1833 11.4347 1.00429
    endloop
  endfacet
  facet normal 0.00599723 0.163005 0.986607
    outer loop
      vertex 27.7269 11.3825 1.00961
      vertex 27.1833 11.4347 1.00429
      vertex 27.1833 11.4025 1.00961
    endloop
  endfacet
  facet normal 0.00362175 0.0983251 0.995148
    outer loop
      vertex 27.7293 11.4147 1.00429
      vertex 27.7317 11.4471 1.00108
      vertex 27.1833 11.4673 1.00108
    endloop
  endfacet
  facet normal 0.00358944 0.0979917 0.995181
    outer loop
      vertex 27.7293 11.4147 1.00429
      vertex 27.1833 11.4673 1.00108
      vertex 27.1833 11.4347 1.00429
    endloop
  endfacet
  facet normal 0.832131 -0.554579 -0.000607963
    outer loop
      vertex 25.8649 10.4866 4.36758
      vertex 25.5367 9.99424 4.28076
      vertex 25.8751 10.502 4.28076
    endloop
  endfacet
  facet normal 0.0271696 -0.0181165 0.999467
    outer loop
      vertex 25.8751 10.502 4.28076
      vertex 25.6966 9.96673 4.27591
      vertex 26.0603 10.5028 4.27574
    endloop
  endfacet
  facet normal 0.0271968 -0.0181255 0.999466
    outer loop
      vertex 25.6966 9.96673 4.27591
      vertex 25.8751 10.502 4.28076
      vertex 25.5367 9.99424 4.28076
    endloop
  endfacet
  facet normal 0.0271884 -0.0181234 0.999466
    outer loop
      vertex 26.0603 10.5028 4.27574
      vertex 25.8893 9.93358 4.27007
      vertex 26.2694 10.5038 4.27007
    endloop
  endfacet
  facet normal 0.0271731 -0.0181188 0.999467
    outer loop
      vertex 25.8893 9.93358 4.27007
      vertex 26.0603 10.5028 4.27574
      vertex 25.6966 9.96673 4.27591
    endloop
  endfacet
  facet normal 0.081594 -0.0543845 0.995181
    outer loop
      vertex 26.2694 10.5038 4.27007
      vertex 26.0123 9.85072 4.25546
      vertex 26.4572 10.5065 4.25482
    endloop
  endfacet
  facet normal 0.0815764 -0.0543776 0.995183
    outer loop
      vertex 26.0123 9.85072 4.25546
      vertex 26.2694 10.5038 4.27007
      vertex 25.8893 9.93358 4.27007
    endloop
  endfacet
  facet normal 0.0815826 -0.0543862 0.995182
    outer loop
      vertex 26.4572 10.5065 4.25482
      vertex 26.1593 9.75167 4.23799
      vertex 26.6645 10.5095 4.23799
    endloop
  endfacet
  facet normal 0.0816158 -0.0543992 0.995178
    outer loop
      vertex 26.1593 9.75167 4.23799
      vertex 26.4572 10.5065 4.25482
      vertex 26.0123 9.85072 4.25546
    endloop
  endfacet
  facet normal 0.135519 -0.0903432 0.986647
    outer loop
      vertex 26.6645 10.5095 4.23799
      vertex 26.2439 9.61451 4.21381
      vertex 26.8541 10.514 4.21236
    endloop
  endfacet
  facet normal 0.135524 -0.0903456 0.986646
    outer loop
      vertex 26.2439 9.61451 4.21381
      vertex 26.6645 10.5095 4.23799
      vertex 26.1593 9.75167 4.23799
    endloop
  endfacet
  facet normal 0.135531 -0.0903594 0.986644
    outer loop
      vertex 26.8541 10.514 4.21236
      vertex 26.3818 9.50346 4.18469
      vertex 27.0588 10.5189 4.18469
    endloop
  endfacet
  facet normal 0.135567 -0.0903759 0.986638
    outer loop
      vertex 26.2439 9.61451 4.21381
      vertex 26.3818 9.50346 4.18469
      vertex 26.8541 10.514 4.21236
    endloop
  endfacet
  facet normal 0.13558 -0.0903591 0.986637
    outer loop
      vertex 26.3818 9.50346 4.18469
      vertex 26.2439 9.61451 4.21381
      vertex 26.3134 9.50183 4.19394
    endloop
  endfacet
  facet normal 0.18901 -0.125978 0.973861
    outer loop
      vertex 26.7735 9.51656 4.1104
      vertex 27.1833 10.5231 4.16107
      vertex 27.0588 10.5189 4.18469
    endloop
  endfacet
  facet normal 0.188877 -0.125925 0.973893
    outer loop
      vertex 27.1833 10.5231 4.16107
      vertex 26.7735 9.51656 4.1104
      vertex 27.4441 10.5224 4.1104
    endloop
  endfacet
  facet normal 0.188919 -0.125954 0.973882
    outer loop
      vertex 26.7735 9.51656 4.1104
      vertex 27.0588 10.5189 4.18469
      vertex 26.3818 9.50346 4.18469
    endloop
  endfacet
  facet normal 0.241647 -0.161063 0.956904
    outer loop
      vertex 27.161 9.53331 4.01541
      vertex 27.6637 10.5241 4.05523
      vertex 27.6114 10.5237 4.06837
    endloop
  endfacet
  facet normal 0.24165 -0.161065 0.956903
    outer loop
      vertex 27.161 9.53331 4.01541
      vertex 27.6114 10.5237 4.06837
      vertex 27.4441 10.5224 4.1104
    endloop
  endfacet
  facet normal 0.241531 -0.161006 0.956943
    outer loop
      vertex 27.6637 10.5241 4.05523
      vertex 27.161 9.53331 4.01541
      vertex 27.815 10.5144 4.01541
    endloop
  endfacet
  facet normal 0.24154 -0.161036 0.956936
    outer loop
      vertex 27.161 9.53331 4.01541
      vertex 27.4441 10.5224 4.1104
      vertex 26.7735 9.51656 4.1104
    endloop
  endfacet
  facet normal 0.293022 -0.195331 0.93594
    outer loop
      vertex 27.815 10.5144 4.01541
      vertex 27.3356 9.53721 3.96156
      vertex 27.9915 10.505 3.95819
    endloop
  endfacet
  facet normal 0.292926 -0.195286 0.93598
    outer loop
      vertex 27.815 10.5144 4.01541
      vertex 27.2124 9.53502 3.99966
      vertex 27.3356 9.53721 3.96156
    endloop
  endfacet
  facet normal 0.292963 -0.195308 0.935963
    outer loop
      vertex 27.815 10.5144 4.01541
      vertex 27.1833 9.5345 4.00866
      vertex 27.2124 9.53502 3.99966
    endloop
  endfacet
  facet normal 0.293659 -0.195755 0.935652
    outer loop
      vertex 27.1833 9.5345 4.00866
      vertex 27.815 10.5144 4.01541
      vertex 27.161 9.53331 4.01541
    endloop
  endfacet
  facet normal 0.293405 -0.195165 0.935855
    outer loop
      vertex 28.0694 10.5008 3.93294
      vertex 28.1693 10.4938 3.90016
      vertex 28.1453 10.4968 3.90831
    endloop
  endfacet
  facet normal 0.292861 -0.195279 0.936001
    outer loop
      vertex 27.534 9.54074 3.90016
      vertex 28.0694 10.5008 3.93294
      vertex 27.9915 10.505 3.95819
    endloop
  endfacet
  facet normal 0.293357 -0.195549 0.93579
    outer loop
      vertex 28.0694 10.5008 3.93294
      vertex 27.534 9.54074 3.90016
      vertex 28.1693 10.4938 3.90016
    endloop
  endfacet
  facet normal 0.293114 -0.195393 0.935898
    outer loop
      vertex 27.534 9.54074 3.90016
      vertex 27.9915 10.505 3.95819
      vertex 27.3356 9.53721 3.96156
    endloop
  endfacet
  facet normal 0.343252 -0.228838 0.91094
    outer loop
      vertex 28.1693 10.4938 3.90016
      vertex 27.7012 9.53777 3.83638
      vertex 28.3361 10.4749 3.83256
    endloop
  endfacet
  facet normal 0.343332 -0.228875 0.9109
    outer loop
      vertex 28.1693 10.4938 3.90016
      vertex 27.6415 9.54027 3.85951
      vertex 27.7012 9.53777 3.83638
    endloop
  endfacet
  facet normal 0.343167 -0.228787 0.910985
    outer loop
      vertex 28.1693 10.4938 3.90016
      vertex 27.5914 9.54237 3.87891
      vertex 27.6415 9.54027 3.85951
    endloop
  endfacet
  facet normal 0.343663 -0.229082 0.910723
    outer loop
      vertex 27.5914 9.54237 3.87891
      vertex 28.1693 10.4938 3.90016
      vertex 27.534 9.54074 3.90016
    endloop
  endfacet
  facet normal 0.343392 -0.228941 0.910861
    outer loop
      vertex 28.3361 10.4749 3.83256
      vertex 27.885 9.53005 3.76514
      vertex 28.5024 10.4561 3.76514
    endloop
  endfacet
  facet normal 0.343423 -0.228954 0.910846
    outer loop
      vertex 27.885 9.53005 3.76514
      vertex 28.3361 10.4749 3.83256
      vertex 27.7012 9.53777 3.83638
    endloop
  endfacet
  facet normal 0.39231 -0.261531 0.88187
    outer loop
      vertex 28.0451 9.52214 3.69159
      vertex 28.6276 10.4435 3.7057
      vertex 28.5209 10.4542 3.75634
    endloop
  endfacet
  facet normal 0.392547 -0.261642 0.881732
    outer loop
      vertex 28.0451 9.52214 3.69159
      vertex 28.5209 10.4542 3.75634
      vertex 28.5024 10.4561 3.76514
    endloop
  endfacet
  facet normal 0.391768 -0.261193 0.882211
    outer loop
      vertex 28.6276 10.4435 3.7057
      vertex 28.0451 9.52214 3.69159
      vertex 28.6647 10.4371 3.68733
    endloop
  endfacet
  facet normal 0.391995 -0.261397 0.88205
    outer loop
      vertex 28.5024 10.4561 3.76514
      vertex 28.0016 9.52652 3.71222
      vertex 28.0451 9.52214 3.69159
    endloop
  endfacet
  facet normal 0.39232 -0.261561 0.881856
    outer loop
      vertex 28.0016 9.52652 3.71222
      vertex 28.5024 10.4561 3.76514
      vertex 27.885 9.53005 3.76514
    endloop
  endfacet
  facet normal 0.392258 -0.26152 0.881896
    outer loop
      vertex 28.6647 10.4371 3.68733
      vertex 28.2151 9.505 3.6109
      vertex 28.8188 10.4105 3.6109
    endloop
  endfacet
  facet normal 0.392151 -0.261473 0.881958
    outer loop
      vertex 28.6647 10.4371 3.68733
      vertex 28.0789 9.51873 3.67553
      vertex 28.2151 9.505 3.6109
    endloop
  endfacet
  facet normal 0.39254 -0.261718 0.881712
    outer loop
      vertex 28.0789 9.51873 3.67553
      vertex 28.6647 10.4371 3.68733
      vertex 28.0451 9.52214 3.69159
    endloop
  endfacet
  facet normal 0.438809 -0.292535 0.849629
    outer loop
      vertex 28.9644 10.3873 3.52757
      vertex 28.3668 9.4917 3.52785
      vertex 28.9721 10.3861 3.52318
    endloop
  endfacet
  facet normal 0.439356 -0.2929 0.849221
    outer loop
      vertex 28.8188 10.4105 3.6109
      vertex 28.3668 9.4917 3.52785
      vertex 28.9644 10.3873 3.52757
    endloop
  endfacet
  facet normal 0.439271 -0.292863 0.849277
    outer loop
      vertex 28.3668 9.4917 3.52785
      vertex 28.8188 10.4105 3.6109
      vertex 28.2151 9.505 3.6109
    endloop
  endfacet
  facet normal 0.43942 -0.292958 0.849168
    outer loop
      vertex 28.5256 9.46979 3.43811
      vertex 29.1103 10.3642 3.44411
      vertex 28.9721 10.3861 3.52318
    endloop
  endfacet
  facet normal 0.439277 -0.292864 0.849274
    outer loop
      vertex 29.1103 10.3642 3.44411
      vertex 28.5256 9.46979 3.43811
      vertex 29.1203 10.3618 3.43811
    endloop
  endfacet
  facet normal 0.43454 -0.290878 0.852388
    outer loop
      vertex 28.9721 10.3861 3.52318
      vertex 28.5253 9.46984 3.43828
      vertex 28.5256 9.46979 3.43811
    endloop
  endfacet
  facet normal 0.439477 -0.292984 0.849129
    outer loop
      vertex 28.9721 10.3861 3.52318
      vertex 28.4134 9.48762 3.50233
      vertex 28.5253 9.46984 3.43828
    endloop
  endfacet
  facet normal 0.4394 -0.292937 0.849185
    outer loop
      vertex 28.4134 9.48762 3.50233
      vertex 28.9721 10.3861 3.52318
      vertex 28.3668 9.4917 3.52785
    endloop
  endfacet
  facet normal 0.484759 -0.32318 0.81275
    outer loop
      vertex 29.1203 10.3618 3.43811
      vertex 28.6667 9.44947 3.34588
      vertex 29.2629 10.331 3.34081
    endloop
  endfacet
  facet normal 0.484729 -0.323167 0.812773
    outer loop
      vertex 28.6667 9.44947 3.34588
      vertex 29.1203 10.3618 3.43811
      vertex 28.5256 9.46979 3.43811
    endloop
  endfacet
  facet normal 0.484459 -0.323028 0.81299
    outer loop
      vertex 29.2629 10.331 3.34081
      vertex 28.8172 9.4278 3.24753
      vertex 29.3997 10.3014 3.24753
    endloop
  endfacet
  facet normal 0.484657 -0.32311 0.812839
    outer loop
      vertex 28.8172 9.4278 3.24753
      vertex 29.2629 10.331 3.34081
      vertex 28.6667 9.44947 3.34588
    endloop
  endfacet
  facet normal 0.528022 -0.351964 0.772861
    outer loop
      vertex 29.4002 10.3013 3.24712
      vertex 28.9483 9.40234 3.14647
      vertex 29.5373 10.274 3.14102
    endloop
  endfacet
  facet normal 0.547526 -0.359822 0.755476
    outer loop
      vertex 29.3997 10.3014 3.24753
      vertex 28.9483 9.40234 3.14647
      vertex 29.4002 10.3013 3.24712
    endloop
  endfacet
  facet normal 0.527763 -0.351878 0.773077
    outer loop
      vertex 29.3997 10.3014 3.24753
      vertex 28.8264 9.42662 3.24074
      vertex 28.9483 9.40234 3.14647
    endloop
  endfacet
  facet normal 0.52647 -0.351041 0.774338
    outer loop
      vertex 28.8264 9.42662 3.24074
      vertex 29.3997 10.3014 3.24753
      vertex 28.8172 9.4278 3.24753
    endloop
  endfacet
  facet normal 0.527477 -0.351692 0.773357
    outer loop
      vertex 29.086 9.3749 3.03996
      vertex 29.5944 10.2626 3.09689
      vertex 29.5373 10.274 3.14102
    endloop
  endfacet
  facet normal 0.528138 -0.352031 0.772751
    outer loop
      vertex 29.5944 10.2626 3.09689
      vertex 29.086 9.3749 3.03996
      vertex 29.6649 10.2434 3.03996
    endloop
  endfacet
  facet normal 0.527693 -0.351779 0.77317
    outer loop
      vertex 29.5373 10.274 3.14102
      vertex 28.9851 9.395 3.11797
      vertex 29.086 9.3749 3.03996
    endloop
  endfacet
  facet normal 0.528192 -0.35208 0.772692
    outer loop
      vertex 28.9851 9.395 3.11797
      vertex 29.5373 10.274 3.14102
      vertex 28.9483 9.40234 3.14647
    endloop
  endfacet
  facet normal 0.568745 -0.379141 0.729919
    outer loop
      vertex 29.8268 10.2024 2.89253
      vertex 29.338 9.3224 2.8163
      vertex 29.9105 10.1812 2.8163
    endloop
  endfacet
  facet normal 0.568707 -0.379123 0.729958
    outer loop
      vertex 29.6649 10.2434 3.03996
      vertex 29.338 9.3224 2.8163
      vertex 29.8268 10.2024 2.89253
    endloop
  endfacet
  facet normal 0.568641 -0.379114 0.730014
    outer loop
      vertex 29.6649 10.2434 3.03996
      vertex 29.2418 9.34675 2.90388
      vertex 29.338 9.3224 2.8163
    endloop
  endfacet
  facet normal 0.568892 -0.379196 0.729775
    outer loop
      vertex 29.2418 9.34675 2.90388
      vertex 29.6649 10.2434 3.03996
      vertex 29.086 9.3749 3.03996
    endloop
  endfacet
  facet normal 0.607313 -0.40484 0.683575
    outer loop
      vertex 29.9105 10.1812 2.8163
      vertex 29.4525 9.29591 2.6989
      vertex 30.031 10.1533 2.69272
    endloop
  endfacet
  facet normal 0.607274 -0.404826 0.683618
    outer loop
      vertex 29.4525 9.29591 2.6989
      vertex 29.9105 10.1812 2.8163
      vertex 29.338 9.3224 2.8163
    endloop
  endfacet
  facet normal 0.60769 -0.404977 0.683159
    outer loop
      vertex 29.5709 9.26853 2.5775
      vertex 30.0821 10.1415 2.64027
      vertex 30.031 10.1533 2.69272
    endloop
  endfacet
  facet normal 0.606706 -0.404485 0.684324
    outer loop
      vertex 30.0821 10.1415 2.64027
      vertex 29.5709 9.26853 2.5775
      vertex 30.1409 10.1235 2.5775
    endloop
  endfacet
  facet normal 0.607104 -0.404757 0.68381
    outer loop
      vertex 30.031 10.1533 2.69272
      vertex 29.4628 9.29351 2.68826
      vertex 29.5709 9.26853 2.5775
    endloop
  endfacet
  facet normal 0.609111 -0.40607 0.681242
    outer loop
      vertex 29.4628 9.29351 2.68826
      vertex 30.031 10.1533 2.69272
      vertex 29.4525 9.29591 2.6989
    endloop
  endfacet
  facet normal 0.643232 -0.428836 0.634313
    outer loop
      vertex 29.5709 9.26853 2.5775
      vertex 30.2452 10.0944 2.45206
      vertex 30.1409 10.1235 2.5775
    endloop
  endfacet
  facet normal 0.643211 -0.428813 0.634349
    outer loop
      vertex 30.2452 10.0944 2.45206
      vertex 29.5709 9.26853 2.5775
      vertex 30.3512 10.0648 2.32457
    endloop
  endfacet
  facet normal 0.643277 -0.428924 0.634207
    outer loop
      vertex 29.6613 9.24983 2.47316
      vertex 30.3512 10.0648 2.32457
      vertex 29.5709 9.26853 2.5775
    endloop
  endfacet
  facet normal 0.643125 -0.428745 0.634482
    outer loop
      vertex 30.3512 10.0648 2.32457
      vertex 29.6613 9.24983 2.47316
      vertex 29.7849 9.21534 2.32457
    endloop
  endfacet
  facet normal 0.676377 -0.450913 0.582401
    outer loop
      vertex 29.7849 9.21534 2.32457
      vertex 30.4535 10.0393 2.18602
      vertex 30.3512 10.0648 2.32457
    endloop
  endfacet
  facet normal 0.676351 -0.450883 0.582455
    outer loop
      vertex 30.4535 10.0393 2.18602
      vertex 29.7849 9.21534 2.32457
      vertex 29.8822 9.1911 2.19282
    endloop
  endfacet
  facet normal 0.67638 -0.450903 0.582406
    outer loop
      vertex 29.8822 9.1911 2.19282
      vertex 30.5476 10.0159 2.05862
      vertex 30.4535 10.0393 2.18602
    endloop
  endfacet
  facet normal 0.676379 -0.450901 0.582409
    outer loop
      vertex 29.9747 9.16805 2.06755
      vertex 30.5476 10.0159 2.05862
      vertex 29.8822 9.1911 2.19282
    endloop
  endfacet
  facet normal 0.676262 -0.45082 0.582607
    outer loop
      vertex 30.5476 10.0159 2.05862
      vertex 29.9747 9.16805 2.06755
      vertex 29.9813 9.16641 2.05862
    endloop
  endfacet
  facet normal 0.706386 -0.470902 0.52846
    outer loop
      vertex 29.9813 9.16641 2.05862
      vertex 30.5801 10.0089 2.00894
      vertex 30.5476 10.0159 2.05862
    endloop
  endfacet
  facet normal 0.706543 -0.471033 0.528133
    outer loop
      vertex 30.5801 10.0089 2.00894
      vertex 29.9813 9.16641 2.05862
      vertex 30.6401 9.9918 1.91342
    endloop
  endfacet
  facet normal 0.706612 -0.471117 0.527966
    outer loop
      vertex 30.6401 9.9918 1.91342
      vertex 29.9813 9.16641 2.05862
      vertex 30.0716 9.14705 1.92049
    endloop
  endfacet
  facet normal 0.706452 -0.471007 0.528278
    outer loop
      vertex 30.0716 9.14705 1.92049
      vertex 30.6559 9.98729 1.88827
      vertex 30.6401 9.9918 1.91342
    endloop
  endfacet
  facet normal 0.706579 -0.471105 0.528021
    outer loop
      vertex 30.6559 9.98729 1.88827
      vertex 30.0716 9.14705 1.92049
      vertex 30.7234 9.96803 1.78076
    endloop
  endfacet
  facet normal 0.706374 -0.470858 0.528515
    outer loop
      vertex 30.0906 9.14298 1.89147
      vertex 30.7234 9.96803 1.78076
      vertex 30.0716 9.14705 1.92049
    endloop
  endfacet
  facet normal 0.706597 -0.471098 0.528002
    outer loop
      vertex 30.7234 9.96803 1.78076
      vertex 30.0906 9.14298 1.89147
      vertex 30.1601 9.12314 1.78076
    endloop
  endfacet
  facet normal 0.733776 -0.489219 0.471421
    outer loop
      vertex 30.1601 9.12314 1.78076
      vertex 30.8831 9.92952 1.49222
      vertex 30.7234 9.96803 1.78076
    endloop
  endfacet
  facet normal 0.73378 -0.489227 0.471407
    outer loop
      vertex 30.8831 9.92952 1.49222
      vertex 30.1601 9.12314 1.78076
      vertex 30.3198 9.08464 1.49222
    endloop
  endfacet
  facet normal 0.687884 -0.61275 0.389041
    outer loop
      vertex 30.9213 9.92235 1.41318
      vertex 30.9266 9.9215 1.40247
      vertex 30.9232 9.92221 1.4096
    endloop
  endfacet
  facet normal 0.757291 -0.504647 0.414539
    outer loop
      vertex 30.3198 9.08464 1.49222
      vertex 30.9319 9.92105 1.39224
      vertex 30.9266 9.9215 1.40247
    endloop
  endfacet
  facet normal 0.75835 -0.505828 0.411149
    outer loop
      vertex 30.9319 9.92105 1.39224
      vertex 30.3198 9.08464 1.49222
      vertex 30.943 9.92011 1.37061
    endloop
  endfacet
  facet normal 0.757218 -0.50457 0.414765
    outer loop
      vertex 30.9213 9.92235 1.41318
      vertex 30.3198 9.08464 1.49222
      vertex 30.9266 9.9215 1.40247
    endloop
  endfacet
  facet normal 0.758051 -0.505409 0.412213
    outer loop
      vertex 30.3198 9.08464 1.49222
      vertex 30.9213 9.92235 1.41318
      vertex 30.8831 9.92952 1.49222
    endloop
  endfacet
  facet normal 0.568965 -0.752631 0.331397
    outer loop
      vertex 30.9232 9.92221 1.4096
      vertex 30.9214 9.92243 1.41319
      vertex 30.9213 9.92235 1.41318
    endloop
  endfacet
  facet normal 0.888063 -0.0901587 0.450794
    outer loop
      vertex 30.9214 9.92243 1.41319
      vertex 30.9232 9.92221 1.4096
      vertex 30.9214 9.92258 1.41322
    endloop
  endfacet
  facet normal 0.757961 -0.505323 0.412484
    outer loop
      vertex 30.3919 9.07112 1.34321
      vertex 30.9481 9.92025 1.36141
      vertex 30.943 9.92011 1.37061
    endloop
  endfacet
  facet normal 0.757925 -0.505303 0.412577
    outer loop
      vertex 30.3919 9.07112 1.34321
      vertex 30.943 9.92011 1.37061
      vertex 30.3198 9.08464 1.49222
    endloop
  endfacet
  facet normal 0.757497 -0.505045 0.413677
    outer loop
      vertex 30.9481 9.92025 1.36141
      vertex 30.3919 9.07112 1.34321
      vertex 30.9604 9.92058 1.33929
    endloop
  endfacet
  facet normal 0.758307 -0.505597 0.411512
    outer loop
      vertex 30.9604 9.92058 1.33929
      vertex 30.3919 9.07112 1.34321
      vertex 30.9626 9.92086 1.33558
    endloop
  endfacet
  facet normal 0.705599 -0.588561 0.394621
    outer loop
      vertex 30.3919 9.07112 1.34321
      vertex 30.4424 9.0622 1.23961
      vertex 30.4425 9.06234 1.23964
    endloop
  endfacet
  facet normal 0.743361 -0.530056 0.40799
    outer loop
      vertex 30.4424 9.0622 1.23961
      vertex 30.3919 9.07112 1.34321
      vertex 30.4421 9.06171 1.23952
    endloop
  endfacet
  facet normal 0.756652 -0.504709 0.415627
    outer loop
      vertex 30.4425 9.06234 1.23964
      vertex 30.9832 9.9239 1.30151
      vertex 30.9786 9.9229 1.30867
    endloop
  endfacet
  facet normal 0.760486 -0.507113 0.405583
    outer loop
      vertex 30.3919 9.07112 1.34321
      vertex 30.9652 9.9212 1.33113
      vertex 30.9626 9.92086 1.33558
    endloop
  endfacet
  facet normal 0.757509 -0.504991 0.41372
    outer loop
      vertex 30.9652 9.9212 1.33113
      vertex 30.3919 9.07112 1.34321
      vertex 30.9786 9.9229 1.30867
    endloop
  endfacet
  facet normal 0.757753 -0.505186 0.413033
    outer loop
      vertex 30.4425 9.06234 1.23964
      vertex 30.9786 9.9229 1.30867
      vertex 30.3919 9.07112 1.34321
    endloop
  endfacet
  facet normal 0.758277 -0.50545 0.411748
    outer loop
      vertex 30.9832 9.9239 1.30151
      vertex 30.4425 9.06234 1.23964
      vertex 30.9976 9.92706 1.27887
    endloop
  endfacet
  facet normal 0.759119 -0.505895 0.409644
    outer loop
      vertex 30.9976 9.92706 1.27887
      vertex 30.4425 9.06234 1.23964
      vertex 31.0018 9.92835 1.27268
    endloop
  endfacet
  facet normal 0.758584 -0.505601 0.410996
    outer loop
      vertex 30.4549 9.05972 1.21353
      vertex 31.0018 9.92835 1.27268
      vertex 30.4425 9.06234 1.23964
    endloop
  endfacet
  facet normal 0.757126 -0.504922 0.414506
    outer loop
      vertex 30.4647 9.05853 1.19418
      vertex 31.0018 9.92835 1.27268
      vertex 30.4549 9.05972 1.21353
    endloop
  endfacet
  facet normal 0.757632 -0.505128 0.413327
    outer loop
      vertex 31.0018 9.92835 1.27268
      vertex 30.4647 9.05853 1.19418
      vertex 31.0173 9.93304 1.25
    endloop
  endfacet
  facet normal 0.755806 -0.504254 0.417713
    outer loop
      vertex 31.0173 9.93304 1.25
      vertex 30.4647 9.05853 1.19418
      vertex 31.0212 9.93452 1.24473
    endloop
  endfacet
  facet normal 0.758457 -0.505567 0.411272
    outer loop
      vertex 31.0212 9.93452 1.24473
      vertex 30.4647 9.05853 1.19418
      vertex 31.0376 9.94082 1.22223
    endloop
  endfacet
  facet normal 0.755383 -0.503816 0.419005
    outer loop
      vertex 31.0376 9.94082 1.22223
      vertex 30.4647 9.05853 1.19418
      vertex 31.0411 9.9424 1.21782
    endloop
  endfacet
  facet normal 0.757772 -0.505213 0.412967
    outer loop
      vertex 31.0411 9.9424 1.21782
      vertex 30.4647 9.05853 1.19418
      vertex 31.0585 9.95036 1.19563
    endloop
  endfacet
  facet normal 0.807106 -0.400907 0.433422
    outer loop
      vertex 30.4647 9.05853 1.19418
      vertex 30.4549 9.05972 1.21353
      vertex 30.4579 9.0591 1.20737
    endloop
  endfacet
  facet normal 0.761604 -0.507747 0.402682
    outer loop
      vertex 31.0585 9.95036 1.19563
      vertex 30.4647 9.05853 1.19418
      vertex 31.0597 9.95101 1.19418
    endloop
  endfacet
  facet normal 0.757538 -0.508064 0.409887
    outer loop
      vertex 30.5366 9.0622 1.04052
      vertex 31.1616 10.0285 1.08317
      vertex 31.1602 10.0273 1.08427
    endloop
  endfacet
  facet normal 0.778454 -0.519087 0.352928
    outer loop
      vertex 30.5366 9.0622 1.04052
      vertex 31.141 10.0103 1.10186
      vertex 31.1394 10.0089 1.10333
    endloop
  endfacet
  facet normal 0.77918 -0.519373 0.3509
    outer loop
      vertex 30.5366 9.0622 1.04052
      vertex 31.1206 9.9935 1.12217
      vertex 31.1187 9.99194 1.12408
    endloop
  endfacet
  facet normal 0.77887 -0.519245 0.351776
    outer loop
      vertex 31.2236 10.0908 1.03771
      vertex 30.5366 9.0622 1.04052
      vertex 31.2358 10.1045 1.03092
    endloop
  endfacet
  facet normal 0.795156 -0.53028 0.294161
    outer loop
      vertex 31.223 10.0901 1.03807
      vertex 30.5366 9.0622 1.04052
      vertex 31.2236 10.0908 1.03771
    endloop
  endfacet
  facet normal 0.779673 -0.51981 0.349152
    outer loop
      vertex 31.203 10.0688 1.05102
      vertex 30.5366 9.0622 1.04052
      vertex 31.223 10.0901 1.03807
    endloop
  endfacet
  facet normal 0.757771 -0.505966 0.412045
    outer loop
      vertex 31.2021 10.0679 1.05157
      vertex 30.5366 9.0622 1.04052
      vertex 31.203 10.0688 1.05102
    endloop
  endfacet
  facet normal 0.777581 -0.518456 0.355767
    outer loop
      vertex 31.1822 10.0481 1.06621
      vertex 30.5366 9.0622 1.04052
      vertex 31.2021 10.0679 1.05157
    endloop
  endfacet
  facet normal 0.801345 -0.531881 0.273767
    outer loop
      vertex 31.1812 10.047 1.067
      vertex 30.5366 9.0622 1.04052
      vertex 31.1822 10.0481 1.06621
    endloop
  endfacet
  facet normal 0.779353 -0.519543 0.350264
    outer loop
      vertex 31.1616 10.0285 1.08317
      vertex 30.5366 9.0622 1.04052
      vertex 31.1812 10.047 1.067
    endloop
  endfacet
  facet normal 0.779836 -0.51971 0.348936
    outer loop
      vertex 31.141 10.0103 1.10186
      vertex 30.5366 9.0622 1.04052
      vertex 31.1602 10.0273 1.08427
    endloop
  endfacet
  facet normal 0.778578 -0.519142 0.352573
    outer loop
      vertex 31.1206 9.9935 1.12217
      vertex 30.5366 9.0622 1.04052
      vertex 31.1394 10.0089 1.10333
    endloop
  endfacet
  facet normal 0.777819 -0.518859 0.35466
    outer loop
      vertex 31.1004 9.97815 1.14404
      vertex 30.5366 9.0622 1.04052
      vertex 31.1187 9.99194 1.12408
    endloop
  endfacet
  facet normal 0.778416 -0.519047 0.35307
    outer loop
      vertex 31.0982 9.97649 1.14645
      vertex 30.5366 9.0622 1.04052
      vertex 31.1004 9.97815 1.14404
    endloop
  endfacet
  facet normal 0.779476 -0.519371 0.350244
    outer loop
      vertex 31.0807 9.96432 1.16735
      vertex 30.5366 9.0622 1.04052
      vertex 31.0982 9.97649 1.14645
    endloop
  endfacet
  facet normal 0.779348 -0.51934 0.350576
    outer loop
      vertex 31.0782 9.96258 1.17033
      vertex 30.5366 9.0622 1.04052
      vertex 31.0807 9.96432 1.16735
    endloop
  endfacet
  facet normal 0.778931 -0.519243 0.351643
    outer loop
      vertex 31.0614 9.95206 1.19201
      vertex 30.5366 9.0622 1.04052
      vertex 31.0782 9.96258 1.17033
    endloop
  endfacet
  facet normal 0.776601 -0.51884 0.357346
    outer loop
      vertex 31.0597 9.95101 1.19418
      vertex 30.5366 9.0622 1.04052
      vertex 31.0614 9.95206 1.19201
    endloop
  endfacet
  facet normal 0.778931 -0.519299 0.351561
    outer loop
      vertex 30.497 9.05831 1.12229
      vertex 31.0597 9.95101 1.19418
      vertex 30.4647 9.05853 1.19418
    endloop
  endfacet
  facet normal 0.77693 -0.518487 0.357143
    outer loop
      vertex 30.5018 9.05827 1.11179
      vertex 31.0597 9.95101 1.19418
      vertex 30.497 9.05831 1.12229
    endloop
  endfacet
  facet normal 0.778916 -0.519226 0.351701
    outer loop
      vertex 31.0597 9.95101 1.19418
      vertex 30.5018 9.05827 1.11179
      vertex 30.5366 9.0622 1.04052
    endloop
  endfacet
  facet normal 0.0303524 -0.0607048 -0.997694
    outer loop
      vertex 31.3228 10.2148 1.00108
      vertex 31.3413 10.2418 1
      vertex 31.323 10.2149 1.00108
    endloop
  endfacet
  facet normal 0.776059 -0.517316 0.360716
    outer loop
      vertex 31.3228 10.2148 1.00108
      vertex 30.5572 9.06552 1
      vertex 31.3413 10.2418 1
    endloop
  endfacet
  facet normal 0.783319 -0.52213 0.337332
    outer loop
      vertex 31.3039 10.1885 1.00426
      vertex 30.5572 9.06552 1
      vertex 31.3228 10.2148 1.00108
    endloop
  endfacet
  facet normal 0.621758 -0.410895 -0.66677
    outer loop
      vertex 31.3038 10.1883 1.00429
      vertex 30.5572 9.06552 1
      vertex 31.3039 10.1885 1.00426
    endloop
  endfacet
  facet normal 0.777903 -0.518627 0.354813
    outer loop
      vertex 31.2844 10.1628 1.00955
      vertex 30.5572 9.06552 1
      vertex 31.3038 10.1883 1.00429
    endloop
  endfacet
  facet normal 0.495706 -0.335491 0.801075
    outer loop
      vertex 31.2841 10.1625 1.00961
      vertex 30.5572 9.06552 1
      vertex 31.2844 10.1628 1.00955
    endloop
  endfacet
  facet normal 0.778885 -0.519201 0.351807
    outer loop
      vertex 31.2644 10.1379 1.01692
      vertex 30.5572 9.06552 1
      vertex 31.2841 10.1625 1.00961
    endloop
  endfacet
  facet normal 0.810287 -0.538023 0.232306
    outer loop
      vertex 31.2641 10.1375 1.01704
      vertex 30.5572 9.06552 1
      vertex 31.2644 10.1379 1.01692
    endloop
  endfacet
  facet normal 0.780811 -0.520389 0.34573
    outer loop
      vertex 31.2442 10.1138 1.02631
      vertex 30.5572 9.06552 1
      vertex 31.2641 10.1375 1.01704
    endloop
  endfacet
  facet normal 0.714663 -0.481104 0.507736
    outer loop
      vertex 31.2437 10.1133 1.02654
      vertex 30.5572 9.06552 1
      vertex 31.2442 10.1138 1.02631
    endloop
  endfacet
  facet normal 0.776195 -0.517675 0.359908
    outer loop
      vertex 31.2358 10.1045 1.03092
      vertex 30.5572 9.06552 1
      vertex 31.2437 10.1133 1.02654
    endloop
  endfacet
  facet normal 0.778423 -0.518932 0.353225
    outer loop
      vertex 30.5366 9.0622 1.04052
      vertex 30.5572 9.06552 1
      vertex 31.2358 10.1045 1.03092
    endloop
  endfacet
  facet normal 0.635839 -0.728873 0.253877
    outer loop
      vertex 30.5572 9.06552 1
      vertex 30.5467 9.06333 1.02001
      vertex 30.5477 9.06345 1.01785
    endloop
  endfacet
  facet normal 0.799513 -0.475071 0.36754
    outer loop
      vertex 30.5572 9.06552 1
      vertex 30.5366 9.0622 1.04052
      vertex 30.5467 9.06333 1.02001
    endloop
  endfacet
  facet normal -0.995046 -0.0172625 0.0979036
    outer loop
      vertex 0.00106812 9.58175 3.74073
      vertex 0.00427246 10.561 3.94596
      vertex 0.00106812 10.5666 3.91438
    endloop
  endfacet
  facet normal -0.995045 -0.0172658 0.0979193
    outer loop
      vertex 0.00427246 10.561 3.94596
      vertex 0.00106812 9.58175 3.74073
      vertex 0.00427246 9.57618 3.77231
    endloop
  endfacet
  facet normal -0.986257 -0.0286895 0.162707
    outer loop
      vertex 0.00427246 9.57618 3.77231
      vertex 0.00959778 10.5555 3.97727
      vertex 0.00427246 10.561 3.94596
    endloop
  endfacet
  facet normal -0.98626 -0.0286859 0.162689
    outer loop
      vertex 0.00959778 10.5555 3.97727
      vertex 0.00427246 9.57618 3.77231
      vertex 0.00959778 9.57066 3.80362
    endloop
  endfacet
  facet normal -0.973097 -0.0400069 0.226895
    outer loop
      vertex 0.00959778 9.57066 3.80362
      vertex 0.0170288 10.55 4.00817
      vertex 0.00959778 10.5555 3.97727
    endloop
  endfacet
  facet normal -0.973083 -0.0400193 0.226954
    outer loop
      vertex 0.0170288 10.55 4.00817
      vertex 0.00959778 9.57066 3.80362
      vertex 0.0170288 9.56521 3.83452
    endloop
  endfacet
  facet normal -0.955734 -0.0510943 0.289762
    outer loop
      vertex 0.0170288 9.56521 3.83452
      vertex 0.0265198 10.5447 4.03854
      vertex 0.0170288 10.55 4.00817
    endloop
  endfacet
  facet normal -0.955762 -0.0510755 0.289673
    outer loop
      vertex 0.0265198 10.5447 4.03854
      vertex 0.0170288 9.56521 3.83452
      vertex 0.0265198 9.55985 3.86489
    endloop
  endfacet
  facet normal -0.934048 -0.0620159 0.351721
    outer loop
      vertex 0.0265198 9.55985 3.86489
      vertex 0.0380554 10.5394 4.06824
      vertex 0.0265198 10.5447 4.03854
    endloop
  endfacet
  facet normal -0.934 -0.062042 0.351844
    outer loop
      vertex 0.0380554 10.5394 4.06824
      vertex 0.0265198 9.55985 3.86489
      vertex 0.0380554 9.55462 3.89459
    endloop
  endfacet
  facet normal -0.908437 -0.0725916 0.411672
    outer loop
      vertex 0.0380554 9.55462 3.89459
      vertex 0.0515594 10.5343 4.09714
      vertex 0.0380554 10.5394 4.06824
    endloop
  endfacet
  facet normal -0.908437 -0.0725916 0.411672
    outer loop
      vertex 0.0515594 10.5343 4.09714
      vertex 0.0380554 9.55462 3.89459
      vertex 0.0515594 9.54952 3.92349
    endloop
  endfacet
  facet normal -0.87877 -0.0828758 0.469994
    outer loop
      vertex 0.0515594 9.54952 3.92349
      vertex 0.0669861 10.5294 4.12512
      vertex 0.0515594 10.5343 4.09714
    endloop
  endfacet
  facet normal -0.878819 -0.0828569 0.469906
    outer loop
      vertex 0.0669861 10.5294 4.12512
      vertex 0.0515594 9.54952 3.92349
      vertex 0.0669861 9.54458 3.95147
    endloop
  endfacet
  facet normal -0.845712 -0.0926654 0.525533
    outer loop
      vertex 0.0669861 9.54458 3.95147
      vertex 0.084259 10.5246 4.15207
      vertex 0.0669861 10.5294 4.12512
    endloop
  endfacet
  facet normal -0.845635 -0.092691 0.525651
    outer loop
      vertex 0.084259 10.5246 4.15207
      vertex 0.0669861 9.54458 3.95147
      vertex 0.084259 9.53983 3.97842
    endloop
  endfacet
  facet normal -0.808573 -0.102179 0.579456
    outer loop
      vertex 0.084259 9.53983 3.97842
      vertex 0.103317 10.5201 4.17787
      vertex 0.084259 10.5246 4.15207
    endloop
  endfacet
  facet normal -0.808665 -0.102152 0.579332
    outer loop
      vertex 0.103317 10.5201 4.17787
      vertex 0.084259 9.53983 3.97842
      vertex 0.103317 9.53528 4.00422
    endloop
  endfacet
  facet normal -0.768242 -0.111162 0.630434
    outer loop
      vertex 0.103317 9.53528 4.00422
      vertex 0.124069 10.5158 4.2024
      vertex 0.103317 10.5201 4.17787
    endloop
  endfacet
  facet normal -0.768286 -0.111151 0.630383
    outer loop
      vertex 0.124069 10.5158 4.2024
      vertex 0.103317 9.53528 4.00422
      vertex 0.124069 9.53096 4.02875
    endloop
  endfacet
  facet normal -0.724601 -0.11967 0.678699
    outer loop
      vertex 0.124069 9.53096 4.02875
      vertex 0.146439 10.5117 4.22556
      vertex 0.124069 10.5158 4.2024
    endloop
  endfacet
  facet normal -0.724575 -0.119676 0.678725
    outer loop
      vertex 0.146439 10.5117 4.22556
      vertex 0.124069 9.53096 4.02875
      vertex 0.146439 9.52687 4.05191
    endloop
  endfacet
  facet normal -0.678066 -0.12763 0.723835
    outer loop
      vertex 0.146439 9.52687 4.05191
      vertex 0.170319 10.5079 4.24726
      vertex 0.146439 10.5117 4.22556
    endloop
  endfacet
  facet normal -0.678124 -0.127618 0.723783
    outer loop
      vertex 0.170319 10.5079 4.24726
      vertex 0.146439 9.52687 4.05191
      vertex 0.170319 9.52305 4.07361
    endloop
  endfacet
  facet normal -0.628442 -0.135069 0.76604
    outer loop
      vertex 0.170319 9.52305 4.07361
      vertex 0.195618 10.5043 4.26738
      vertex 0.170319 10.5079 4.24726
    endloop
  endfacet
  facet normal -0.628281 -0.135098 0.766167
    outer loop
      vertex 0.195618 10.5043 4.26738
      vertex 0.170319 9.52305 4.07361
      vertex 0.195618 9.5195 4.09373
    endloop
  endfacet
  facet normal -0.576501 -0.14189 0.804682
    outer loop
      vertex 0.195618 9.5195 4.09373
      vertex 0.222214 10.5011 4.28587
      vertex 0.195618 10.5043 4.26738
    endloop
  endfacet
  facet normal -0.576715 -0.141855 0.804535
    outer loop
      vertex 0.222214 10.5011 4.28587
      vertex 0.195618 9.5195 4.09373
      vertex 0.222214 9.51624 4.11222
    endloop
  endfacet
  facet normal -0.522257 -0.148079 0.839833
    outer loop
      vertex 0.222214 9.51624 4.11222
      vertex 0.25 10.4981 4.30262
      vertex 0.222214 10.5011 4.28587
    endloop
  endfacet
  facet normal -0.522064 -0.148107 0.839949
    outer loop
      vertex 0.25 10.4981 4.30262
      vertex 0.222214 9.51624 4.11222
      vertex 0.25 9.51329 4.12897
    endloop
  endfacet
  facet normal -0.465696 -0.15367 0.8715
    outer loop
      vertex 0.25 9.51329 4.12897
      vertex 0.278854 10.4955 4.31758
      vertex 0.25 10.4981 4.30262
    endloop
  endfacet
  facet normal -0.465863 -0.153649 0.871415
    outer loop
      vertex 0.278854 10.4955 4.31758
      vertex 0.25 9.51329 4.12897
      vertex 0.278854 9.51065 4.14393
    endloop
  endfacet
  facet normal -0.407558 -0.158567 0.899307
    outer loop
      vertex 0.278854 9.51065 4.14393
      vertex 0.308655 10.4932 4.33068
      vertex 0.278854 10.4955 4.31758
    endloop
  endfacet
  facet normal -0.407602 -0.158562 0.899288
    outer loop
      vertex 0.308655 10.4932 4.33068
      vertex 0.278854 9.51065 4.14393
      vertex 0.308655 9.50834 4.15703
    endloop
  endfacet
  facet normal -0.347459 -0.162822 0.923451
    outer loop
      vertex 0.308655 9.50834 4.15703
      vertex 0.339279 10.4912 4.34185
      vertex 0.308655 10.4932 4.33068
    endloop
  endfacet
  facet normal -0.347319 -0.162836 0.923501
    outer loop
      vertex 0.339279 10.4912 4.34185
      vertex 0.308655 9.50834 4.15703
      vertex 0.339279 9.50637 4.1682
    endloop
  endfacet
  facet normal -0.28635 -0.166375 0.943569
    outer loop
      vertex 0.339279 9.50637 4.1682
      vertex 0.37059 10.4896 4.35107
      vertex 0.339279 10.4912 4.34185
    endloop
  endfacet
  facet normal -0.286496 -0.166362 0.943527
    outer loop
      vertex 0.37059 10.4896 4.35107
      vertex 0.339279 9.50637 4.1682
      vertex 0.37059 9.50474 4.17742
    endloop
  endfacet
  facet normal -0.224095 -0.169225 0.959763
    outer loop
      vertex 0.37059 9.50474 4.17742
      vertex 0.402451 10.4883 4.35828
      vertex 0.37059 10.4896 4.35107
    endloop
  endfacet
  facet normal -0.223943 -0.169236 0.959796
    outer loop
      vertex 0.402451 10.4883 4.35828
      vertex 0.37059 9.50474 4.17742
      vertex 0.402451 9.50347 4.18463
    endloop
  endfacet
  facet normal -0.160208 -0.171403 0.972088
    outer loop
      vertex 0.402451 9.50347 4.18463
      vertex 0.434723 10.4874 4.36344
      vertex 0.402451 10.4883 4.35828
    endloop
  endfacet
  facet normal -0.16026 -0.1714 0.97208
    outer loop
      vertex 0.434723 10.4874 4.36344
      vertex 0.402451 9.50347 4.18463
      vertex 0.434723 9.50256 4.18979
    endloop
  endfacet
  facet normal -0.096802 -0.172829 0.980183
    outer loop
      vertex 0.434723 9.50256 4.18979
      vertex 0.467285 10.4868 4.36655
      vertex 0.434723 10.4874 4.36344
    endloop
  endfacet
  facet normal -0.0965391 -0.172842 0.980207
    outer loop
      vertex 0.467285 10.4868 4.36655
      vertex 0.434723 9.50256 4.18979
      vertex 0.467285 9.50201 4.1929
    endloop
  endfacet
  facet normal -0.0321126 -0.173566 0.984299
    outer loop
      vertex 0.467285 10.4868 4.36655
      vertex 0.5 10.0692 4.29398
      vertex 0.499937 10.4866 4.36758
    endloop
  endfacet
  facet normal -0.0320803 -0.173564 0.9843
    outer loop
      vertex 0.5 10.0692 4.29398
      vertex 0.467285 10.4868 4.36655
      vertex 0.467285 9.50201 4.1929
    endloop
  endfacet
  facet normal -0.0322454 -0.173553 0.984296
    outer loop
      vertex 0.5 10.0692 4.29398
      vertex 0.467285 9.50201 4.1929
      vertex 0.5 9.50183 4.19394
    endloop
  endfacet
  facet normal -0.999451 -0.00575487 0.0326389
    outer loop
      vertex 0 9.58734 3.70901
      vertex 0.00106812 10.5666 3.91438
      vertex 0 10.5722 3.88266
    endloop
  endfacet
  facet normal -0.999451 -0.00575524 0.0326406
    outer loop
      vertex 0.00106812 10.5666 3.91438
      vertex 0 9.58734 3.70901
      vertex 0.00106812 9.58175 3.74073
    endloop
  endfacet
  facet normal -0.98315 0 0.182798
    outer loop
      vertex 112.99 0 1.40247
      vertex 112.996 7.5 1.43474
      vertex 112.99 7.5 1.40247
    endloop
  endfacet
  facet normal -0.98315 0 0.182798
    outer loop
      vertex 112.996 7.5 1.43474
      vertex 112.99 0 1.40247
      vertex 112.996 0 1.43474
    endloop
  endfacet
  facet normal -0.976704 0 0.214593
    outer loop
      vertex 112.983 0 1.37061
      vertex 112.99 7.5 1.40247
      vertex 112.983 7.5 1.37061
    endloop
  endfacet
  facet normal -0.976704 0 0.214593
    outer loop
      vertex 112.99 7.5 1.40247
      vertex 112.983 0 1.37061
      vertex 112.99 0 1.40247
    endloop
  endfacet
  facet normal -0.952622 0 0.304158
    outer loop
      vertex 112.973 0 1.33929
      vertex 112.983 7.5 1.37061
      vertex 112.973 7.5 1.33929
    endloop
  endfacet
  facet normal -0.952622 0 0.304158
    outer loop
      vertex 112.983 7.5 1.37061
      vertex 112.973 0 1.33929
      vertex 112.983 0 1.37061
    endloop
  endfacet
  facet normal -0.941114 0 0.338088
    outer loop
      vertex 112.962 0 1.30867
      vertex 112.973 7.5 1.33929
      vertex 112.962 7.5 1.30867
    endloop
  endfacet
  facet normal -0.941114 0 0.338088
    outer loop
      vertex 112.973 7.5 1.33929
      vertex 112.962 0 1.30867
      vertex 112.973 0 1.33929
    endloop
  endfacet
  facet normal -0.905094 0 0.425212
    outer loop
      vertex 112.948 0 1.27887
      vertex 112.962 7.5 1.30867
      vertex 112.948 7.5 1.27887
    endloop
  endfacet
  facet normal -0.905094 0 0.425212
    outer loop
      vertex 112.962 7.5 1.30867
      vertex 112.948 0 1.27887
      vertex 112.962 0 1.30867
    endloop
  endfacet
  facet normal -0.887373 0 0.461053
    outer loop
      vertex 112.933 0 1.25
      vertex 112.948 7.5 1.27887
      vertex 112.933 7.5 1.25
    endloop
  endfacet
  facet normal -0.887373 0 0.461053
    outer loop
      vertex 112.948 7.5 1.27887
      vertex 112.933 0 1.25
      vertex 112.948 0 1.27887
    endloop
  endfacet
  facet normal -0.852879 0 0.522108
    outer loop
      vertex 112.916 0 1.22223
      vertex 112.933 7.5 1.25
      vertex 112.916 7.5 1.22223
    endloop
  endfacet
  facet normal -0.852879 0 0.522108
    outer loop
      vertex 112.933 7.5 1.25
      vertex 112.916 0 1.22223
      vertex 112.933 0 1.25
    endloop
  endfacet
  facet normal -0.813733 0 0.581238
    outer loop
      vertex 112.897 0 1.19563
      vertex 112.916 7.5 1.22223
      vertex 112.897 7.5 1.19563
    endloop
  endfacet
  facet normal -0.813733 0 0.581238
    outer loop
      vertex 112.916 7.5 1.22223
      vertex 112.897 0 1.19563
      vertex 112.916 0 1.22223
    endloop
  endfacet
  facet normal -0.769466 0 0.638687
    outer loop
      vertex 112.876 0 1.17033
      vertex 112.897 7.5 1.19563
      vertex 112.876 7.5 1.17033
    endloop
  endfacet
  facet normal -0.769466 0 0.638687
    outer loop
      vertex 112.897 7.5 1.19563
      vertex 112.876 0 1.17033
      vertex 112.897 0 1.19563
    endloop
  endfacet
  facet normal -0.735464 0 0.677563
    outer loop
      vertex 112.854 0 1.14645
      vertex 112.876 7.5 1.17033
      vertex 112.854 7.5 1.14645
    endloop
  endfacet
  facet normal -0.735464 0 0.677563
    outer loop
      vertex 112.876 7.5 1.17033
      vertex 112.854 0 1.14645
      vertex 112.876 0 1.17033
    endloop
  endfacet
  facet normal -0.681829 0 0.731511
    outer loop
      vertex 112.83 7.5 1.12408
      vertex 112.854 0 1.14645
      vertex 112.854 7.5 1.14645
    endloop
  endfacet
  facet normal -0.681829 0 0.731511
    outer loop
      vertex 112.854 0 1.14645
      vertex 112.83 7.5 1.12408
      vertex 112.83 0 1.12408
    endloop
  endfacet
  facet normal -0.623778 0 0.781601
    outer loop
      vertex 112.804 7.5 1.10333
      vertex 112.83 0 1.12408
      vertex 112.83 7.5 1.12408
    endloop
  endfacet
  facet normal -0.623778 0 0.781601
    outer loop
      vertex 112.83 0 1.12408
      vertex 112.804 7.5 1.10333
      vertex 112.804 0 1.10333
    endloop
  endfacet
  facet normal -0.591229 0 0.806504
    outer loop
      vertex 112.778 7.5 1.08427
      vertex 112.804 0 1.10333
      vertex 112.804 7.5 1.10333
    endloop
  endfacet
  facet normal -0.591229 0 0.806504
    outer loop
      vertex 112.804 0 1.10333
      vertex 112.778 7.5 1.08427
      vertex 112.778 0 1.08427
    endloop
  endfacet
  facet normal -0.524962 0 0.851126
    outer loop
      vertex 112.75 7.5 1.067
      vertex 112.778 0 1.08427
      vertex 112.778 7.5 1.08427
    endloop
  endfacet
  facet normal -0.524962 0 0.851126
    outer loop
      vertex 112.778 0 1.08427
      vertex 112.75 7.5 1.067
      vertex 112.75 0 1.067
    endloop
  endfacet
  facet normal -0.469719 0 0.882816
    outer loop
      vertex 112.721 7.5 1.05157
      vertex 112.75 0 1.067
      vertex 112.75 7.5 1.067
    endloop
  endfacet
  facet normal -0.469719 0 0.882816
    outer loop
      vertex 112.75 0 1.067
      vertex 112.721 7.5 1.05157
      vertex 112.721 0 1.05157
    endloop
  endfacet
  facet normal -0.410365 0 0.911922
    outer loop
      vertex 112.691 7.5 1.03807
      vertex 112.721 0 1.05157
      vertex 112.721 7.5 1.05157
    endloop
  endfacet
  facet normal -0.410365 0 0.911922
    outer loop
      vertex 112.721 0 1.05157
      vertex 112.691 7.5 1.03807
      vertex 112.691 0 1.03807
    endloop
  endfacet
  facet normal -0.35875 0 0.933434
    outer loop
      vertex 112.661 7.5 1.02654
      vertex 112.691 0 1.03807
      vertex 112.691 7.5 1.03807
    endloop
  endfacet
  facet normal -0.35875 0 0.933434
    outer loop
      vertex 112.691 0 1.03807
      vertex 112.661 7.5 1.02654
      vertex 112.661 0 1.02654
    endloop
  endfacet
  facet normal -0.284598 0 0.958647
    outer loop
      vertex 112.629 7.5 1.01704
      vertex 112.661 0 1.02654
      vertex 112.661 7.5 1.02654
    endloop
  endfacet
  facet normal -0.284598 0 0.958647
    outer loop
      vertex 112.661 0 1.02654
      vertex 112.629 7.5 1.01704
      vertex 112.629 0 1.01704
    endloop
  endfacet
  facet normal -0.233076 0 0.972458
    outer loop
      vertex 112.598 7.5 1.00961
      vertex 112.629 0 1.01704
      vertex 112.629 7.5 1.01704
    endloop
  endfacet
  facet normal -0.233076 0 0.972458
    outer loop
      vertex 112.629 0 1.01704
      vertex 112.598 7.5 1.00961
      vertex 112.598 0 1.00961
    endloop
  endfacet
  facet normal -0.159157 0 0.987253
    outer loop
      vertex 112.565 7.5 1.00429
      vertex 112.598 0 1.00961
      vertex 112.598 7.5 1.00961
    endloop
  endfacet
  facet normal -0.159157 0 0.987253
    outer loop
      vertex 112.598 0 1.00961
      vertex 112.565 7.5 1.00429
      vertex 112.565 0 1.00429
    endloop
  endfacet
  facet normal -0.0998116 0 0.995006
    outer loop
      vertex 112.533 7.5 1.00108
      vertex 112.565 0 1.00429
      vertex 112.565 7.5 1.00429
    endloop
  endfacet
  facet normal -0.0998116 0 0.995006
    outer loop
      vertex 112.565 0 1.00429
      vertex 112.533 7.5 1.00108
      vertex 112.533 0 1.00108
    endloop
  endfacet
  facet normal -0.0327098 0 0.999465
    outer loop
      vertex 112.5 7.5 1
      vertex 112.533 0 1.00108
      vertex 112.533 7.5 1.00108
    endloop
  endfacet
  facet normal -0.0327098 0 0.999465
    outer loop
      vertex 112.533 0 1.00108
      vertex 112.5 7.5 1
      vertex 112.5 0 1
    endloop
  endfacet
  facet normal 0.0328353 0 -0.999461
    outer loop
      vertex 112.5 0 0
      vertex 112.598 7.5 0.0032196
      vertex 112.598 0 0.0032196
    endloop
  endfacet
  facet normal 0.0328353 0 -0.999461
    outer loop
      vertex 112.598 7.5 0.0032196
      vertex 112.5 0 0
      vertex 112.5 7.5 0
    endloop
  endfacet
  facet normal 0.0977772 0 -0.995208
    outer loop
      vertex 112.598 0 0.0032196
      vertex 112.696 7.5 0.0128479
      vertex 112.696 0 0.0128479
    endloop
  endfacet
  facet normal 0.0977772 0 -0.995208
    outer loop
      vertex 112.696 7.5 0.0128479
      vertex 112.598 0 0.0032196
      vertex 112.598 7.5 0.0032196
    endloop
  endfacet
  facet normal 0.162512 0 -0.986707
    outer loop
      vertex 112.696 0 0.0128479
      vertex 112.793 7.5 0.0288239
      vertex 112.793 0 0.0288239
    endloop
  endfacet
  facet normal 0.162512 0 -0.986707
    outer loop
      vertex 112.793 7.5 0.0288239
      vertex 112.696 0 0.0128479
      vertex 112.696 7.5 0.0128479
    endloop
  endfacet
  facet normal 0.228457 0 -0.973554
    outer loop
      vertex 112.793 0 0.0288239
      vertex 112.888 7.5 0.0511169
      vertex 112.888 0 0.0511169
    endloop
  endfacet
  facet normal 0.228457 0 -0.973554
    outer loop
      vertex 112.888 7.5 0.0511169
      vertex 112.793 0 0.0288239
      vertex 112.793 7.5 0.0288239
    endloop
  endfacet
  facet normal 0.290039 0 -0.957015
    outer loop
      vertex 112.888 0 0.0511169
      vertex 112.982 7.5 0.0796051
      vertex 112.982 0 0.0796051
    endloop
  endfacet
  facet normal 0.290039 0 -0.957015
    outer loop
      vertex 112.982 7.5 0.0796051
      vertex 112.888 0 0.0511169
      vertex 112.888 7.5 0.0511169
    endloop
  endfacet
  facet normal 0.351809 0 -0.936072
    outer loop
      vertex 112.982 0 0.0796051
      vertex 113.074 7.5 0.114182
      vertex 113.074 0 0.114182
    endloop
  endfacet
  facet normal 0.351809 0 -0.936072
    outer loop
      vertex 113.074 7.5 0.114182
      vertex 112.982 0 0.0796051
      vertex 112.982 7.5 0.0796051
    endloop
  endfacet
  facet normal 0.41429 0 -0.910145
    outer loop
      vertex 113.074 0 0.114182
      vertex 113.163 7.5 0.154694
      vertex 113.163 0 0.154694
    endloop
  endfacet
  facet normal 0.41429 0 -0.910145
    outer loop
      vertex 113.163 7.5 0.154694
      vertex 113.074 0 0.114182
      vertex 113.074 7.5 0.114182
    endloop
  endfacet
  facet normal 0.46964 0 -0.882858
    outer loop
      vertex 113.163 0 0.154694
      vertex 113.25 7.5 0.200974
      vertex 113.25 0 0.200974
    endloop
  endfacet
  facet normal 0.46964 0 -0.882858
    outer loop
      vertex 113.25 7.5 0.200974
      vertex 113.163 0 0.154694
      vertex 113.163 7.5 0.154694
    endloop
  endfacet
  facet normal 0.529698 0 -0.848187
    outer loop
      vertex 113.25 0 0.200974
      vertex 113.333 7.5 0.252808
      vertex 113.333 0 0.252808
    endloop
  endfacet
  facet normal 0.529698 0 -0.848187
    outer loop
      vertex 113.333 7.5 0.252808
      vertex 113.25 0 0.200974
      vertex 113.25 7.5 0.200974
    endloop
  endfacet
  facet normal 0.581448 0 -0.813584
    outer loop
      vertex 113.333 0 0.252808
      vertex 113.413 7.5 0.309982
      vertex 113.413 0 0.309982
    endloop
  endfacet
  facet normal 0.581448 0 -0.813584
    outer loop
      vertex 113.413 7.5 0.309982
      vertex 113.333 0 0.252808
      vertex 113.333 7.5 0.252808
    endloop
  endfacet
  facet normal 0.633781 0 -0.773512
    outer loop
      vertex 113.413 0 0.309982
      vertex 113.489 7.5 0.372253
      vertex 113.489 0 0.372253
    endloop
  endfacet
  facet normal 0.633781 0 -0.773512
    outer loop
      vertex 113.489 7.5 0.372253
      vertex 113.413 0 0.309982
      vertex 113.413 7.5 0.309982
    endloop
  endfacet
  facet normal 0.681737 0 -0.731597
    outer loop
      vertex 113.489 0 0.372253
      vertex 113.561 7.5 0.439346
      vertex 113.561 0 0.439346
    endloop
  endfacet
  facet normal 0.681737 0 -0.731597
    outer loop
      vertex 113.561 7.5 0.439346
      vertex 113.489 0 0.372253
      vertex 113.489 7.5 0.372253
    endloop
  endfacet
  facet normal 0.730363 0 -0.683059
    outer loop
      vertex 113.628 0 0.510986
      vertex 113.561 7.5 0.439346
      vertex 113.628 7.5 0.510986
    endloop
  endfacet
  facet normal 0.730363 0 -0.683059
    outer loop
      vertex 113.561 7.5 0.439346
      vertex 113.628 0 0.510986
      vertex 113.561 0 0.439346
    endloop
  endfacet
  facet normal 0.774384 0 -0.632716
    outer loop
      vertex 113.69 0 0.586868
      vertex 113.628 7.5 0.510986
      vertex 113.69 7.5 0.586868
    endloop
  endfacet
  facet normal 0.774384 0 -0.632716
    outer loop
      vertex 113.628 7.5 0.510986
      vertex 113.69 0 0.586868
      vertex 113.628 0 0.510986
    endloop
  endfacet
  facet normal 0.813692 0 -0.581296
    outer loop
      vertex 113.747 0 0.666656
      vertex 113.69 7.5 0.586868
      vertex 113.747 7.5 0.666656
    endloop
  endfacet
  facet normal 0.813692 0 -0.581296
    outer loop
      vertex 113.69 7.5 0.586868
      vertex 113.747 0 0.666656
      vertex 113.69 0 0.586868
    endloop
  endfacet
  facet normal 0.84841 0 -0.52934
    outer loop
      vertex 113.799 0 0.75
      vertex 113.747 7.5 0.666656
      vertex 113.799 7.5 0.75
    endloop
  endfacet
  facet normal 0.84841 0 -0.52934
    outer loop
      vertex 113.747 7.5 0.666656
      vertex 113.799 0 0.75
      vertex 113.747 0 0.666656
    endloop
  endfacet
  facet normal 0.883093 0 -0.469198
    outer loop
      vertex 113.845 0 0.836578
      vertex 113.799 7.5 0.75
      vertex 113.845 7.5 0.836578
    endloop
  endfacet
  facet normal 0.883093 0 -0.469198
    outer loop
      vertex 113.799 7.5 0.75
      vertex 113.845 0 0.836578
      vertex 113.799 0 0.75
    endloop
  endfacet
  facet normal 0.908972 0 -0.416857
    outer loop
      vertex 113.886 0 0.92598
      vertex 113.845 7.5 0.836578
      vertex 113.886 7.5 0.92598
    endloop
  endfacet
  facet normal 0.908972 0 -0.416857
    outer loop
      vertex 113.845 7.5 0.836578
      vertex 113.886 0 0.92598
      vertex 113.845 0 0.836578
    endloop
  endfacet
  facet normal 0.937835 0 -0.347082
    outer loop
      vertex 113.92 0 1.01785
      vertex 113.886 7.5 0.92598
      vertex 113.92 7.5 1.01785
    endloop
  endfacet
  facet normal 0.937835 0 -0.347082
    outer loop
      vertex 113.886 7.5 0.92598
      vertex 113.92 0 1.01785
      vertex 113.886 0 0.92598
    endloop
  endfacet
  facet normal 0.955506 0 -0.294972
    outer loop
      vertex 113.949 0 1.11179
      vertex 113.92 7.5 1.01785
      vertex 113.949 7.5 1.11179
    endloop
  endfacet
  facet normal 0.955506 0 -0.294972
    outer loop
      vertex 113.92 7.5 1.01785
      vertex 113.949 0 1.11179
      vertex 113.92 0 1.01785
    endloop
  endfacet
  facet normal 0.974518 0 -0.224308
    outer loop
      vertex 113.971 0 1.20737
      vertex 113.949 7.5 1.11179
      vertex 113.971 7.5 1.20737
    endloop
  endfacet
  facet normal 0.974518 0 -0.224308
    outer loop
      vertex 113.949 7.5 1.11179
      vertex 113.971 0 1.20737
      vertex 113.949 0 1.11179
    endloop
  endfacet
  facet normal 0.986624 0 -0.163011
    outer loop
      vertex 113.987 0 1.30421
      vertex 113.971 7.5 1.20737
      vertex 113.987 7.5 1.30421
    endloop
  endfacet
  facet normal 0.986624 0 -0.163011
    outer loop
      vertex 113.971 7.5 1.20737
      vertex 113.987 0 1.30421
      vertex 113.971 0 1.20737
    endloop
  endfacet
  facet normal 0.994802 0 -0.101832
    outer loop
      vertex 113.997 0 1.4019
      vertex 113.987 7.5 1.30421
      vertex 113.997 7.5 1.4019
    endloop
  endfacet
  facet normal 0.994802 0 -0.101832
    outer loop
      vertex 113.987 7.5 1.30421
      vertex 113.997 0 1.4019
      vertex 113.987 0 1.30421
    endloop
  endfacet
  facet normal 0.999533 0 -0.0305668
    outer loop
      vertex 114 0 1.5
      vertex 113.997 7.5 1.4019
      vertex 114 7.5 1.5
    endloop
  endfacet
  facet normal 0.999533 0 -0.0305668
    outer loop
      vertex 113.997 7.5 1.4019
      vertex 114 0 1.5
      vertex 113.997 0 1.4019
    endloop
  endfacet
  facet normal 1 -0 0
    outer loop
      vertex 114 0 16.5
      vertex 114 7.5 1.5
      vertex 114 7.5 16.5
    endloop
  endfacet
  facet normal 1 0 0
    outer loop
      vertex 114 7.5 1.5
      vertex 114 0 16.5
      vertex 114 0 1.5
    endloop
  endfacet
  facet normal -0 0 1
    outer loop
      vertex 113 7.5 16.5
      vertex 114 0 16.5
      vertex 114 7.5 16.5
    endloop
  endfacet
  facet normal 0 0 1
    outer loop
      vertex 114 0 16.5
      vertex 113 7.5 16.5
      vertex 113 0 16.5
    endloop
  endfacet
  facet normal -1 0 0
    outer loop
      vertex 113 0 1.5
      vertex 113 7.5 16.5
      vertex 113 7.5 1.5
    endloop
  endfacet
  facet normal -1 -0 0
    outer loop
      vertex 113 7.5 16.5
      vertex 113 0 1.5
      vertex 113 0 16.5
    endloop
  endfacet
  facet normal -0.999533 0 0.0305668
    outer loop
      vertex 112.999 0 1.4673
      vertex 113 7.5 1.5
      vertex 112.999 7.5 1.4673
    endloop
  endfacet
  facet normal -0.999533 0 0.0305668
    outer loop
      vertex 113 7.5 1.5
      vertex 112.999 0 1.4673
      vertex 113 0 1.5
    endloop
  endfacet
  facet normal -0.995782 0 0.091749
    outer loop
      vertex 112.996 0 1.43474
      vertex 112.999 7.5 1.4673
      vertex 112.996 7.5 1.43474
    endloop
  endfacet
  facet normal -0.995782 0 0.091749
    outer loop
      vertex 112.999 7.5 1.4673
      vertex 112.996 0 1.43474
      vertex 112.999 0 1.4673
    endloop
  endfacet
endsolid OpenSCAD_Model
